ID,Y_t1,Y_t2,Y_t3
1,-0.8112932975046072,-1.0844116906831611,-1.0935354423185717
2,0.8316838892916534,4.1059150378560965,
3,0.6411869980637535,0.6350455769468679,
4,1.3101196508458,,
5,0.3227778606581831,,
6,0.4926677505051098,,
7,-1.9040393288915236,-1.0949000118167562,-0.073699372975639
8,1.6079685230717815,1.7713363391912331,
9,0.7700938824672419,0.36943994296226723,
10,0.20222059920745217,-2.0960815951502485,
11,-0.15333145288921637,-2.052981738733732,
12,-2.0840588101362516,1.4727480179875707,2.9655684931961375
13,2.19711816794415,,
14,-0.28453619438351413,,
15,-0.8320826980567029,,
16,-0.00439001970744593,,
17,2.7306801303114447,,
18,3.612593170914392,,
19,2.458059316611475,,
20,0.007271735041967542,1.2858400088762736,
21,3.636838661564006,,
22,2.3615975497078967,,
23,0.04529319617796351,-0.10253925176613327,0.8186307108843427
24,2.2410003901185593,,
25,-2.5986638617868665,-0.2752663919455052,0.22403697958146096
26,0.2493323136565201,-0.4330684619510393,-2.5387057063017027
27,1.4014182538607178,,
28,-1.6229696023403126,2.1631267921874926,-1.1028337087126907
29,0.6627082185146873,,
30,-1.8225704308276542,-2.3014746575708536,-2.6947013352106457
31,-0.28239110385955823,-0.13770021038681146,-0.7645079360145932
32,-4.431364490226771,-4.838215244392945,-2.532204721589007
33,-0.34717123604168765,-2.0717047102663964,-2.3447951315335875
34,-1.3904824678599002,-0.7432047387864313,0.006293959386201031
35,3.4810965167772916,,
36,-1.0584119914372305,,
37,0.7707952663317348,-0.6180191095499054,-2.0203490543034857
38,1.0844484362217162,1.2213242767956913,
39,-0.9892519843200738,-0.7072759905392991,0.2677278628645111
40,1.0836167702175084,-0.4388968060100725,0.10128157985073333
41,-0.7177573615906838,1.291121433954406,4.873628917248547
42,-1.0609088413424568,-0.4283237468569525,0.24787688945348396
43,-1.7658584477175854,0.48065579097015465,2.181039483676438
44,-0.4220171497936871,0.9652154540167976,
45,-1.3947366905573917,,
46,0.9543723351357674,,
47,4.4956129669949885,1.1902231502432281,3.4668145625542697
48,-0.5411504978116799,1.5004911804882441,
49,1.5077546967622188,,
50,1.7631055648928489,,
51,1.9590938079760343,0.7303578148411503,1.5736829813170103
52,1.9717955061890098,,
53,2.356681359210997,,
54,-2.5753456497268843,,
55,0.991310423426808,-0.5477401347374625,-1.295814819733137
56,0.9901279230551316,,
57,1.8485118891290124,,
58,2.109928277609752,,
59,3.479078808476114,,
60,1.398164431820361,-0.6071557183566028,0.15394996105728276
61,-0.9659803963868634,0.3259775009484954,-0.3857649711687935
62,0.4649479155738966,-0.3972813133946088,-1.2849107547397915
63,1.4078309058717473,,
64,-2.1658503516204584,-2.364252781894731,
65,-0.017295461607594653,1.8252288499919715,
66,0.09366161741018919,2.2986411389950256,
67,2.5802893879962383,,
68,0.5038767637264729,,
69,0.32302524609751004,-1.4265262579342757,-0.9828350903284737
70,2.961639234689092,,
71,1.5060380142333838,,
72,-2.083931371298795,2.6338344178608417,
73,0.6322986382274001,,
74,-0.8433277475513019,0.25481148261679337,0.8326033725424551
75,-2.034936166789294,-1.098223035847967,0.1993279965177962
76,1.9553425770280555,1.4440046256826873,2.67321882364356
77,-0.3987687572156813,2.7168757966170336,
78,-1.639288360603081,0.2581686993657293,0.08168308887522235
79,0.474130827243178,-0.8187365954726988,
80,-2.1831191291156857,-2.4268064940860623,-3.0593554422061886
81,5.818379839698599,,
82,-0.4775661620982933,0.9047786610134725,1.7544313288638453
83,2.659541803138558,1.3807312528315325,
84,0.7534675113798641,,
85,1.055124385768944,-1.121619116789756,-2.3244878427847624
86,-4.809212760096891,1.1417636520676053,
87,0.358443260461936,0.4062200272068832,-2.138669221528422
88,-0.3399513218070393,-1.3284076208459041,0.32912176999557674
89,1.9191075613891218,2.724635803273987,
90,0.30074282456311263,-0.48264698411025864,1.7118124414844058
91,0.7952404961637433,3.7879214834914627,
92,-1.179800051052037,-0.24577399209212902,-0.4206181600847149
93,-0.8593633542975432,-0.1207051681580924,-0.23273781179351927
94,0.4644889803115724,,
95,2.658704656701006,,
96,0.2106526719924191,1.8026284101861574,
97,0.22284813397928416,0.5335697946623817,
98,-1.0600717948534832,0.9048862688638777,
99,-1.0674819742280752,2.8906365981685744,
100,2.4446561729549803,,
101,1.3606158766785255,,
102,-0.5326344437368358,0.6909797532837004,
103,2.589995111857073,,
104,2.9261136684047417,,
105,-0.8828640672196446,,
106,-0.10082167066666192,-2.0664874587938455,-0.7417811360711524
107,-0.18467339138241978,0.7061544200408947,
108,0.18965157644037456,-1.1669340602952916,
109,2.8230191374347835,,
110,-2.757040853121674,-2.356599543509573,-1.2673575017357273
111,0.27886516403753897,-0.5850963934113026,-0.20244055891960927
112,2.014607511451524,,
113,0.23382655718661438,,
114,1.2204622892761383,,
115,0.3388703901669332,2.2705610425533735,
116,1.4961842453402832,2.368588681129191,1.9344765482055588
117,-1.0323855250155305,-0.7811181383973478,1.071354286256289
118,-1.5336507040768728,1.5363419623094394,
119,2.576891150543332,,
120,-0.7459741093520452,,
121,-1.1128211175474052,1.1379080886493569,
122,-0.1411908180627645,0.23610577838180336,-0.4227439422480128
123,1.9858104378474375,2.1556488493625627,
124,-0.5036464226437871,1.4237501972667428,1.516432575698173
125,1.9389970399397178,,
126,2.386430613058486,-0.8616326028300528,2.561661214566455
127,0.9736488774522749,3.7078573849191963,
128,4.158094671070671,,
129,1.011641553788578,2.8328847770859285,
130,0.7766647609414679,0.4697426251513821,2.312763310773746
131,0.9808061267513675,0.5413003921490267,
132,0.0139761720394036,0.3189609296140784,0.00733139399830246
133,1.4727666842567104,,
134,-0.002769863964060759,,
135,1.2457166830557087,-1.4966481509454532,2.0125695556969685
136,0.9381635735404115,,
137,-0.08046969978221383,0.5429894526224505,
138,2.9566536011881985,,
139,2.9664376768683467,,
140,0.5172286521862584,0.5042416648397782,
141,-0.2593143690861398,,
142,0.16868327349094003,,
143,1.8048631005889384,,
144,-0.7327516134239542,1.598351936655061,
145,0.21747920340192473,,
146,-0.3025435096753683,-1.1335017165710572,-1.0573565944568246
147,-0.44164223198272357,1.9632488263555097,
148,1.1288865510846153,1.5369609042429127,2.6808142673645294
149,0.4517555154961299,-0.4231331064436732,
150,1.4878163467217718,,
151,0.48906931934516856,,
152,1.3551774660310114,,
153,1.2392546465952456,-1.1703227860807006,-2.299545231607019
154,-1.0745900959652852,-2.4862592929222527,2.2420934819847793
155,0.07925947382845544,-0.1839067260969563,0.11279507613751172
156,1.3156253564081233,,
157,0.7372324550973437,-1.5663684290108124,0.7482693524021677
158,-1.1813539022459332,-1.759823019493365,-1.4019046572647564
159,1.1130799142980914,1.8966191922653648,-0.9282905869543387
160,1.5705920753522202,,
161,2.329612382889038,,
162,2.2276463370567092,,
163,-0.26134560822350617,,
164,3.340621263363948,,
165,3.2272645325908194,,
166,-1.043008020008747,-0.6436763231898873,-0.1515629073279503
167,2.4123516649418506,,
168,-2.2036432712778655,-2.1395448668192474,-1.6031217590257403
169,0.4811332912479451,-2.2893728401037805,0.11456282700428111
170,2.6873973799233974,0.9766643940662139,
171,-0.47189121638866144,0.8403669826818856,1.1245441410587576
172,-1.8784963946136934,1.7469737111576267,
173,-0.34035705429545415,,
174,1.0570260993491374,0.8268266779020533,-0.042688096395035124
175,1.3392123041685753,0.9767570586506031,-0.18392214298265497
176,4.711214163032214,,
177,-0.6555852941034925,1.6513157114969312,
178,1.382087215469674,,
179,-0.4043218265361576,,
180,0.4187809583826384,1.5687588777775765,
181,-1.264787808674055,-0.2344457868776324,1.4692464074854559
182,1.3631927397788874,,
183,0.061242226327441474,2.434250016919038,
184,-1.355442068661488,-0.8972869879299149,-0.9106249792689975
185,-0.186939624554547,,
186,-4.0751059517738035,-2.4224470869174826,-4.419185806524288
187,0.9985543020199834,,
188,0.5684300681663603,-3.0784482924706684,0.12325692120927911
189,0.9011892174069875,,
190,0.9542861891086312,,
191,0.9565149201526932,,
192,-0.3950437952258316,1.5197373287023375,4.198562598970324
193,1.1678531656928592,1.9353013019602217,
194,-1.8048049021546937,-0.4682113672370752,0.03550193849836092
195,1.5950008422505801,,
196,-2.706837082897275,-0.6229598807328404,
197,-1.557222694386023,1.3134585229305404,
198,1.10377019999446,,
199,1.244210749581985,,
200,-0.028079852448440412,,
201,2.4695061393938507,,
202,-0.4159388967492891,-0.09233439664084403,
203,3.9363136677866066,,
204,-0.22532709186493038,,
205,0.7281920812001291,,
206,-0.33749965596260756,0.2546969452142123,0.6753839905749257
207,-0.02401522548010837,1.8344997641784322,
208,-1.187202609434562,0.4200636145735972,-2.3481981415311837
209,-0.18429043781103394,,
210,1.0876194997481547,-0.5021527856299884,0.2874057939331466
211,1.8309719880226583,0.8524254688988068,2.4089081715117504
212,1.226583376530807,3.7089178910752025,
213,-0.6919245886796915,,
214,-0.13142678841016864,,
215,1.6019865374546258,,
216,1.434633183498773,2.4610489698793883,0.4471417467007253
217,1.1275330888446777,,
218,-0.5841262894657151,-1.8369436549794669,-0.744075758153933
219,-1.0979822763791938,-0.053018060384917576,1.6810581013760537
220,0.9135309176472439,,
221,-2.3873618475114826,-0.45252083318226966,-0.7357412441595305
222,-0.35982607078826084,-0.4988667369317579,0.2861001187249794
223,0.4952554834402111,0.9997308693728734,
224,-1.0960894282054714,-2.0381174429379763,-2.8872507966026086
225,2.112259040144674,,
226,-2.3944340975854264,-1.0557423384378977,-0.020861757227467415
227,-0.20551696844965897,,
228,0.24042455276599428,,
229,0.8055617000448114,,
230,0.8492405240492795,,
231,-0.24932491948607416,-0.7741672937216812,
232,3.104096851124719,,
233,0.6181150479406783,,
234,-1.158212970372062,0.5300420155248082,
235,1.874996369342872,,
236,0.07173870419590851,3.067384600950584,
237,0.46435019891453577,,
238,3.399910894966768,,
239,0.4950662996406795,-0.9071500147853853,
240,1.5910873741018385,,
241,0.5008859504984935,-2.455776718692944,-0.7189470597190382
242,-0.4504332811797789,-0.2771259360053768,1.0861381792657696
243,1.7275314425061867,0.34218933823099973,-1.6542560351936246
244,1.2842867704220668,1.1603736136211549,
245,0.8443892097282384,,
246,2.0705108901985136,0.9563377578593233,1.3823691681602641
247,2.7426934704267527,,
248,-3.6473265145530074,-1.122457420372076,
249,-0.5546598238048295,-2.587298897563069,-2.3677085506648994
250,2.3663908558067774,,
251,0.7459561953354636,4.82130285071621,2.106953107464953
252,2.441114257114922,,
253,-0.6001421424979588,0.8046358463636718,-0.6621097605217923
254,-0.6150317702522098,-2.620889171642461,-2.4823461019739033
255,-0.2893063346055549,2.2998603361231207,
256,-1.3632675587812353,-0.920041971683754,0.08303851436536358
257,1.035737085314007,,
258,1.9341495139758569,,
259,-0.22576058464092907,-0.429272980689253,
260,2.893942434025568,,
261,1.6116582238244679,-1.437465410805281,1.3917196767252618
262,1.3500793424280644,,
263,-1.2004648109166942,3.5842933802746235,
264,-1.4840614538667207,-0.9388150150701229,-0.6258329067527112
265,2.0572126469781313,,
266,0.6811357880972202,0.5400455092393903,
267,-1.1746078474676653,1.6865999001009715,0.015465849328450298
268,0.8918087037931767,2.149326824189657,
269,0.7451385249456229,,
270,3.6886730423500698,,
271,-1.2098254039877903,1.474361747423931,-0.6634119946814446
272,-0.5324233433710923,0.05490293112352304,
273,1.4353970300805066,,
274,-0.29700020380402503,-0.14503422147655173,0.039791951046523
275,-0.8531953208861105,-2.4434118060091645,-2.3289936930631483
276,1.5421327871384702,,
277,0.8378818317993952,5.617219291588734,
278,-1.8204250586613426,-1.4175796935433262,-2.337749770404794
279,-1.252291233905468,1.3050534843546795,2.0221435122747082
280,-1.0805315362469197,1.8333562197853646,3.7661999461062843
281,-2.8429973534787036,-1.1839419922523369,-0.8777475214936904
282,-1.0798316664753251,0.5111943481347,-0.0871500123071649
283,-0.6233735145776949,-0.6507296230169015,0.5850096944224936
284,-1.4494239161930973,-0.6266774430151235,2.07270880130102
285,-1.3792904546950555,0.459076392868496,-2.1588105224123195
286,-2.633352487126955,-2.59450439233622,
287,1.2007490970619632,1.135746695936661,-0.5315014017993933
288,1.7040459504765166,,
289,0.18301529146546835,,
290,1.3812711497249401,,
291,-1.060495961255305,-1.0497213136860781,
292,1.3759802077088834,,
293,3.2457578027509033,,
294,-1.3285352563755473,,
295,-0.3392576434250416,-1.8086622938517047,
296,2.1229714970744284,,
297,2.9802967225832298,,
298,-0.9539196993185156,1.2570837746608285,
299,-0.02421999899851468,-0.007092040673008171,
300,-1.5455940949701832,2.4416970173332038,
301,-0.3715671420583704,1.919154955764924,4.278020281714596
302,-1.6460285454865826,0.8083435672048755,
303,-1.032342962737832,-1.3235732275165726,0.15620711255143604
304,0.7527155391307063,,
305,2.6392029404768254,,
306,1.1868559726693597,3.3332803390999763,
307,-2.233384775649374,-0.30743623580053425,-0.4912848054456489
308,3.2571451557004547,,
309,0.46083056480678863,0.008683427877486695,
310,-1.1516903980092987,-0.29277185984020226,-1.4721527519503455
311,0.8432223666940533,,
312,2.4818842232105682,0.21291485621356238,0.8324261890795918
313,-0.3983139242231202,,
314,0.11722114859605992,,
315,1.130129884388033,,
316,0.9354648135749779,-2.3160127833241964,2.176705425318314
317,0.4624958858923216,,
318,-0.7397045406313901,2.489555959886195,-0.5397595851811301
319,-0.2615953988806632,2.49457157049919,
320,-1.7571331939453572,1.945248860484771,
321,1.0180535262357713,0.7919168025224073,
322,0.4663957358155508,,
323,-0.8655636382709387,2.03742520969124,
324,2.103749892897095,-1.8264788005051638,-3.5914915219974364
325,-1.2677515453118882,-0.7988556808218468,0.9846153340818771
326,-0.368215331976079,0.3049109998248456,
327,-0.794704332618684,-1.0473464149003748,0.22075432678612103
328,1.5309234628752946,,
329,-0.4784382018119128,,
330,1.3409214943253727,,
331,1.6657445003150408,,
332,1.0888623245538769,,
333,0.748030409680165,-0.03529457750650822,3.426319067107988
334,-0.2101875726727066,1.3595505924243252,
335,-0.1532866702809602,,
336,1.135015420097837,1.5291610157473081,
337,1.8383422007076478,-0.6076260461116183,-0.9061153050179883
338,0.44774049683553974,2.369098828109964,
339,2.257536952909495,,
340,-2.334910754123559,0.44753158774111856,-0.4259302504432264
341,-0.5545262169650516,,
342,-1.5668885640777248,0.6508225762192426,-0.060103502978948065
343,1.9823677062700287,1.6036948047998072,2.2583831294309364
344,-1.0402950411082204,0.15117236681208246,-0.016325150389232546
345,-1.9432844322476646,-3.4922192249465613,-3.9342634379374806
346,0.3037659155618179,2.7180476450143667,4.143447334208862
347,0.2907885698476494,1.2489702590577632,
348,1.1554122552938573,1.7350152133879506,2.723385697197384
349,-1.4973706455087548,0.6823206895414182,
350,2.9393425955252104,,
351,1.2165914627222083,2.267079530900078,
352,-0.4375517662560423,0.47322015174192833,
353,-1.4541534100034594,0.021189140351314445,-0.48750841934851863
354,-1.1880336066854915,2.3678577240920786,
355,-3.5659932261760154,-0.30043056225979337,1.411319648610334
356,0.8492788096443875,0.056665771974151596,1.0537726223933936
357,0.38506878001525535,-0.10413961941078792,
358,3.6351567025974916,,
359,-1.0464435268108983,,
360,-0.11746210007109426,-0.8848025475650174,-3.22534822231735
361,-0.4920187600040286,0.12698396157453132,-1.1401957544986798
362,1.9820715607676558,0.5182828733206607,1.2885034414904495
363,-0.8260747494301031,-0.10260664248641316,2.9340365357270004
364,2.68139916773655,,
365,0.1591708153258452,,
366,0.12204455911429252,1.5905044410361961,
367,2.1529873874204215,,
368,1.5937768470306959,-0.36807773895886065,1.4843909034786502
369,-2.0336892427844275,-0.7419469177637537,0.8207841937486695
370,0.7271358716638937,-0.28010802513768585,0.8931006637719578
371,-1.6056836163783055,1.5229488998215364,0.03815000771874222
372,0.7746539233861496,,
373,3.1896964155885055,-1.1564384496387667,1.7572305750250325
374,0.8172381930711827,,
375,-1.4327866983295128,-0.006655253555240215,-3.177781586155973
376,0.902186883337426,,
377,0.4797313257556288,,
378,2.031624158933723,,
379,0.6977362655710632,,
380,1.2952326778120153,-1.4508733209840323,-0.03169615237793977
381,1.8080804858699273,,
382,-0.5763163832104641,0.2720887370959515,3.181775803550301
383,0.2652527002900975,1.205298010197932,-1.902564176295543
384,-1.9712963511365917,0.5784414547175224,0.04400436774956562
385,-0.8114332617116078,-0.3457559106315015,-0.3395062455460285
386,-0.677751691894736,0.3630778199677912,-0.5887499199975847
387,-0.8663667498280764,-1.5806992698236229,-1.9993223941429195
388,-0.3617462195268315,2.0113683566800864,4.84990891056142
389,2.774790181891743,,
390,-4.260537547703883,-2.353285810933698,0.7013047972860911
391,0.6816109117294006,,
392,2.296428500715667,,
393,-0.5252668776136133,0.8488728191642678,
394,0.019174847210189416,,
395,-0.7749392805595213,0.3291371509010176,
396,-0.9817408967436194,-1.5141164752411098,0.39314839539817253
397,0.12217930122355236,,
398,1.120521157971866,,
399,-0.6892940885652007,-1.247746667629053,
400,-0.07426527736414079,-0.15283626802999317,-0.21250233461283574
401,1.04219478651134,,
402,2.148706482586325,,
403,2.1856262940633706,,
404,-1.882074492871176,0.8297415285787823,
405,0.7294395548228587,,
406,0.7603623698201891,3.992177328322774,
407,0.040229060966263885,-1.9350838081045434,1.4623341119421602
408,0.1611837632412551,,
409,1.1631725515518112,3.000480051021725,0.7525320011967179
410,2.6202623032874808,,
411,2.854266400904809,,
412,0.013022277654201386,0.05716696393478421,
413,1.5733902815807828,,
414,3.6194626029184844,,
415,3.1811706124299324,,
416,-0.10681072959464988,-3.105453940509792,-0.9666044846027355
417,-0.9548756629985296,,
418,0.4983932659928786,0.9258346666744748,-0.5681500548400691
419,1.0536026310293467,,
420,-1.1330879420657582,-0.7188969685411291,-3.475579920661823
421,-2.0202891106711665,-4.089152234449399,-2.2225083397073124
422,2.142233166069636,,
423,-1.2604973913954023,0.9343213295400294,0.22931249003616894
424,-2.0830549535762053,1.6047473709455335,
425,1.0472625767280554,-0.5608430808366012,-0.04143442385296159
426,-0.8650794483490312,-0.17434101276962155,-0.7234168380375338
427,0.8728118875545577,,
428,2.9906880166181926,,
429,1.0860614377044726,1.544960775976799,
430,-0.012281897063563973,-1.7893023362138567,-0.5597750803188064
431,1.319950740328006,-1.1922963913951865,-1.1380750191049465
432,1.1956726990140578,,
433,0.4482890150413623,1.570209593314049,3.9107788531068817
434,-2.0584665107065057,,
435,2.6316174650695565,,
436,3.7106274757152304,-0.5657408381850919,0.6337672545795479
437,0.09047023902921592,1.3452768083197846,-2.0843830812388013
438,-2.6413437011995438,-2.398524692571332,1.0308918841690817
439,0.3702962723462482,-3.925419883479541,-1.4206864236980226
440,1.838335023116329,,
441,-0.4889176846396375,-0.8389113436575563,-1.5899658289384426
442,0.42060893553283635,0.11108965673874599,0.20620599084663144
443,-0.8055734092039089,-4.059843647187865,-1.8227594357331438
444,0.8522739004680506,,
445,1.226926991940696,1.664312890865141,
446,0.7132057649332293,-1.6466053830435579,-0.8933017261339571
447,-1.271204187304439,-0.3044081916620923,-1.1543638928691955
448,0.6562557836895545,,
449,1.580065697426746,5.462183221071882,
450,1.6393745298793017,,
451,1.608770159763857,,
452,0.9437177456908898,-0.005132737724407949,1.5070918937724094
453,0.509439195541793,,
454,0.8637760554555681,,
455,2.0086757273667564,,
456,1.6843784951627976,,
457,-0.005923947815066444,1.9454544276771726,
458,0.09350864520632474,4.343570523385709,
459,0.7116020771126342,-0.23653344097408058,-0.6752982398812294
460,0.4453831911387762,2.514228273538962,
461,-0.46461357185277674,-0.9215671561545006,-3.4732646336304493
462,0.28269245862584724,1.411178978072756,
463,-2.906924543509339,-3.6395776675778597,-1.234172865285903
464,1.3606595373188286,,
465,1.6963545082952458,-0.8433839461867911,-0.33442200107756026
466,0.8302623779233825,,
467,2.0215028370763437,2.2670738913132062,1.5804196836509083
468,-1.0637963052156398,3.923538729349432,
469,0.6946763525741734,1.6536018767495109,2.5767345470309655
470,1.1271100362463962,,
471,0.612431120832415,-1.313376753830534,-1.4233862179146561
472,1.969423534690185,,
473,0.738293984185025,2.6145505410719587,
474,1.766156463595109,,
475,-1.552899999989373,-1.6017006760558836,0.7111685826645089
476,0.6712360958375667,0.7076455027692845,
477,-1.1802253192297765,,
478,0.06638249632231252,0.23339662119400867,
479,-4.005759898274611,-0.492635012346891,
480,-0.8625501689590533,-0.45313276938768987,-1.1400467749098322
481,-1.9264951920792308,-0.32725275598421877,1.5843937458416097
482,-0.4484430706935943,1.2346742752317807,-0.04102473582637367
483,-3.688758401376404,-2.8919329896165773,-0.3453986734900596
484,1.3195647741711398,,
485,2.098753801417752,,
486,4.278140419670723,,
487,1.8406922386336835,,
488,2.2649757526433634,0.23218328347654754,-0.2663184928801485
489,2.1132227802145156,,
490,0.10676013968666367,,
491,-1.586757053199599,-5.674189395327316,-0.9602874377438865
492,1.868504982711143,,
493,0.2035541948022308,0.4744943308171763,1.5384580005992496
494,-0.9112251927612329,2.405946170577183,
495,-1.389905601268128,-4.3762353599822585,-6.3357628085970905
496,-0.7462866464431868,1.3324957421410928,0.20746128886135207
497,0.5880406999759378,1.2279444495662506,1.6703479263138319
498,-1.2632188986042607,2.529239977708551,
499,0.9702298413217039,,
500,1.058227832224169,1.3781437402418948,
501,2.0115990840804887,,
502,0.7952918583206832,,
503,0.7643979194908137,-0.052302640483073315,-1.3269863320398225
504,0.8091799548552219,0.3003503805667719,2.006174694591861
505,5.188878155323694,,
506,0.39818145338726163,-2.587424385735166,1.0609431775131624
507,-2.388688602166053,1.2622110854962392,-0.05913031078161057
508,-0.5164216800732219,-1.5993152030927418,1.1734671333113442
509,-2.1306658590673146,-1.9071436414352871,1.42436894924021
510,-0.30827818454366884,-1.5498415849197738,-1.8506804108254185
511,4.838029263701117,,
512,0.16313338069880715,2.166205040190842,
513,2.326778576029057,4.071023058917058,
514,-0.10009776185985231,-0.30281324088389305,1.8253373806697666
515,-0.12556016775936213,,
516,2.893606065065736,,
517,0.06766585488597243,-0.2865002505810361,1.609201889331678
518,-0.4616090467433629,2.8591442522173267,
519,0.39341776624379504,-0.7178573083287797,
520,-0.5689994716464859,0.3487619084879988,
521,-1.284393137293149,-3.256095050048312,-3.3345302198954476
522,-0.7483451611961668,2.1449428666674657,
523,-0.7644231300284172,-2.161573376243984,-2.062448420864526
524,0.508030914460904,,
525,-0.3707909320512817,1.363174197224296,
526,1.4076090626774047,1.3138375656981642,
527,1.214504715220986,2.3437817750659464,
528,-0.30620085009916487,-1.0912197052411854,-1.4809938521562218
529,2.3799218591895106,3.127544674985348,
530,2.7670945663116324,,
531,1.2953207680649839,,
532,-0.45373059695461193,-2.5219136603977854,-1.0834760986619902
533,1.4829398725577458,,
534,2.0433465358498837,,
535,-0.10177337392815389,4.8514116324193495,
536,1.6232867284722627,,
537,3.3553701154575157,,
538,2.0899580002389677,,
539,-0.1975059266581125,1.930635786873449,
540,1.9970775825160785,,
541,-0.7191960975120205,0.1489249651296446,1.833677095798076
542,-0.36899517799330284,-2.3884440412822476,-2.6834337804903505
543,0.7971039322127741,,
544,2.6093146090023898,,
545,0.09329903764947789,,
546,2.337532204933482,1.4199453240460258,
547,-3.172570350071908,0.5243667511199746,0.7292925378905772
548,-2.064681498244739,-1.0542370680854791,
549,1.022867455361095,,
550,2.8837102344508816,,
551,-0.016431674582513323,1.6832814661393471,
552,0.05642234695287651,1.8225841353618746,
553,0.7954996880818339,-0.5272467184051934,-0.7185090312479411
554,-2.5991564640382556,-4.724037378989356,-2.32425936799814
555,2.7099618787010042,,
556,-0.43231320245899396,,
557,2.263450785690852,,
558,-0.4476332667659317,-1.703301940344108,-0.3267731499278622
559,3.0747334943297737,,
560,-0.07893202164834434,,
561,-0.4165704593715511,-0.751569409312797,
562,1.2738349825006257,,
563,2.3827511148925042,-0.6452998913823422,-1.5030767421882407
564,0.4088269054060549,2.078579628028783,0.8491677132552862
565,0.9053163880732196,,
566,2.2384181752145205,,
567,0.1717732244922059,0.5462109286241066,1.2791357277305486
568,3.5081075087604683,,
569,0.6685280967615728,,
570,1.705667484076797,2.21716237708672,-1.5905530921442321
571,1.0390151169318553,,
572,-0.9290673215785827,1.2862381052611505,3.3033986872069243
573,4.73831594730686,,
574,0.6000779704976626,4.1394287639938945,
575,2.230677479016071,-0.4728115173436507,
576,1.5515622203246175,,
577,1.2324684881701524,-1.006231531859972,-2.298384310576383
578,1.1544560489542648,1.5182509366206558,
579,2.082790048882584,,
580,0.9774798075302442,5.2232056729132506,
581,1.4955283125969414,-2.975586434965228,-4.2703908089850415
582,-0.5307057071300441,,
583,1.5731773034556458,1.6243129508121534,1.3642589957098927
584,2.233933955452913,,
585,-0.9429853924377831,2.512977257887016,-0.3093830447686976
586,-0.7274003367097315,1.6537510938012359,
587,0.895761147792589,-1.116234923609293,
588,-0.6724314699585714,,
589,1.9516731687779543,,
590,4.60375530552964,,
591,3.661065130740725,,
592,0.49236579694605603,,
593,1.2866347719554545,-0.8075663389713116,-0.0447263918721621
594,-0.5290098000924628,,
595,0.05497387536229004,2.974059065000122,0.2794101955174765
596,-1.4589198363592892,0.9304085789449407,
597,1.0600113627676993,0.8509945293359121,
598,-3.559717325533959,0.004996614003018207,-0.7787598210771629
599,0.46529887800007574,1.7265270293255135,
600,1.027003494862022,,
601,3.2455413123723442,,
602,-0.6512064478716394,0.180256742259147,
603,1.8445678651557182,,
604,0.7944533593541241,,
605,3.7178825882184032,,
606,1.9460437712007437,,
607,3.661819109238018,,
608,-0.7681638660722685,,
609,1.4174467563398845,,
610,2.352046670662294,1.478704445042945,2.0529464295014206
611,0.9372683689803682,,
612,3.2784374192407313,,
613,1.5500298434424804,2.7621240126645166,
614,-1.7188296991118477,-3.8453356431834282,-0.5511302924064935
615,1.0182504927153642,,
616,1.2922515960286018,1.259660138510109,
617,-0.18453648391990388,,
618,3.292850439565324,,
619,0.1350999682168066,,
620,1.7700625071353753,0.3912881004808062,
621,4.3495198575467615,,
622,0.6562020530833695,1.059121916182434,0.8727405664165994
623,0.35321338235475097,,
624,-0.5743566782610544,-0.08143875707877785,1.328285089539787
625,-1.3618303933033726,-1.6557510507667803,-3.1752653551688788
626,-0.4199760877502813,,
627,0.5702875495366342,,
628,-1.8183478388733891,2.1661428954210056,
629,-0.8345769793614526,0.2166038766272524,1.4236952501044446
630,1.0141704120530204,,
631,-1.1283743986236057,-1.3962198985036653,1.0475470244784653
632,1.57828540910723,-1.9877063057856854,-0.39896260134972794
633,-1.2767244763647172,,
634,1.752232090310608,,
635,2.563261272378815,,
636,1.391925242414333,,
637,0.2732484409186844,,
638,-1.784257605790444,-3.2954979219754903,-2.271064178620062
639,2.2570513918097137,,
640,-0.7934010318557347,0.710983236863226,
641,2.356368747574055,,
642,-2.438601779620674,-2.0469854540106684,-1.3926461284804568
643,1.3436119433510028,,
644,1.1515809083408297,,
645,1.8083925506609455,,
646,-0.9421211263159264,1.9158273166121622,
647,-0.8063879171115855,-0.22432986577095684,-2.2156431433790247
648,0.3215138280977826,,
649,0.9823635508570183,-2.1803314774598523,-2.025299400456184
650,2.5425810752693057,0.1549969650477383,1.4329795980755986
651,2.1811375816030543,,
652,-0.4414760280512762,-1.3939748030769614,-2.867922834554116
653,-0.40998408289730426,0.8368271233285142,
654,0.06605652539108475,,
655,1.952974800944038,,
656,0.4652148892245831,,
657,0.3551064169509719,1.3022827434979356,-1.066542476487116
658,1.2396550247183433,,
659,-1.542217814842471,-2.488189583511841,
660,0.2022060674510454,-1.4948879094150782,0.5489965254127083
661,-2.584647232568183,-0.4364700133000319,-1.0509032724946703
662,1.2418528430662719,,
663,2.371902253752928,,
664,-0.5654510581134604,-0.2146266047779013,-0.702529490841727
665,1.5639410615918172,,
666,2.0765874032759504,,
667,-0.9007282131830513,,
668,1.3347784549049249,,
669,3.3096924842435675,,
670,2.5898621540479123,,
671,-0.37662990307820154,-2.2570373246152426,0.24225595682236412
672,-2.2557361370511755,-0.46120297271196065,0.4942441436447709
673,2.5719674863382336,,
674,0.4746313692891381,0.20344033745051054,-0.2570513449145747
675,0.3495332244807732,-0.0442403665590832,0.6242316667574455
676,0.9544576540627727,,
677,-3.8495075284991374,1.0613294541257563,1.1433666335137311
678,0.4652014511146585,,
679,0.06810985750698428,0.8285130643733112,
680,4.247482700461887,,
681,1.523302527415904,,
682,-0.27314951133351206,-0.3375821296115791,1.291528155516855
683,-0.009475725054255868,-0.09559484931196638,-2.82976286474421
684,0.3144809129056322,-0.8753512978527385,-0.5231945493182124
685,-1.8286230368052911,-2.468951421249661,2.2678870134791973
686,0.6868011402667662,,
687,-1.94414842919368,0.978824165659383,1.8902704353578468
688,2.6270081870077853,,
689,0.9014414504478862,,
690,-0.8939235726154101,,
691,-0.7668244962559017,3.0121229026138607,
692,-1.614474829113273,1.5714962393720278,1.713228312974071
693,0.8789937441937816,,
694,-2.2379191360268598,-0.25635557031119416,-0.7487535526608469
695,-0.8831229263679625,-2.2427573079256136,-1.2446189952744326
696,3.863744584736005,,
697,1.1794797752094142,2.0597308841677537,
698,1.1004562699523794,,
699,0.5466681086351434,,
700,1.740616095448951,,
701,1.7415124156688784,0.5057952746338666,0.8417118521308442
702,-0.09172588729002817,0.07985884356332074,
703,2.248192584452662,,
704,1.766629939791759,,
705,1.0103647874443258,,
706,0.8313272839866895,,
707,2.657793231856021,,
708,2.2379613875091016,,
709,1.807296197276739,,
710,3.4510336745929773,,
711,-0.9411258141330698,,
712,0.5630211725052657,-0.575618009394604,-0.46969594743329
713,0.19167326620706593,1.8001248161442516,
714,-0.3349996896026354,,
715,1.6323981412346735,,
716,-1.2826354664352224,0.6599188995309384,
717,0.0051984138250367184,,
718,-0.07115669880178169,,
719,4.549618299879644,,
720,1.481073115073558,,
721,2.1178183919799762,,
722,-0.29421629102076996,,
723,1.8071053547659441,,
724,-0.16234947693888252,-0.5350558547261159,0.8249848052177712
725,-1.7182859647153594,1.7716171247213037,0.9731580453789075
726,3.245297668587672,,
727,-0.7841945570748986,0.8968370194511163,-0.0003472252301535833
728,1.1901177727352776,1.6662108549492138,
729,2.408200484692644,,
730,2.6032186914040185,,
731,1.3699652122583832,0.6610164708122093,
732,3.3504398847843486,5.698121628909958,
733,0.35727490261801553,-0.37079664872631046,0.7040871368161452
734,0.7506933725451289,,
735,-2.168947950055609,-3.152930422942234,-5.00905656473615
736,1.592070778129684,1.8253100319755649,
737,-0.9472024375829863,2.705348761583971,
738,1.6638767922515283,2.4986381659558536,
739,0.8050997726475252,,
740,0.1319743391486618,0.35000530807408425,
741,0.4508195905653584,0.5547272958101825,3.466736555594816
742,-0.13173358666439733,,
743,2.4269867684550794,,
744,2.283664980650439,1.570897242050855,
745,-0.3157538386226004,-1.0368048233203089,-0.9722980311366871
746,-1.0109071874834856,2.069952039916612,3.472840147854604
747,0.35493855310883116,-0.23440588224504094,0.6818729485842169
748,3.2518924547552093,,
749,-1.4734921989723535,,
750,-0.27619549038899294,1.5685454181935738,2.250411189651639
751,2.150262025820297,,
752,0.30296665264105777,1.3623791473805804,-1.0664295696911572
753,1.0626627880954724,,
754,-0.5146927207298944,-1.4670193079153997,0.799835774259001
755,0.42848617727792626,0.09456931894338237,1.649640299683264
756,0.9864598794090996,0.6116444951847301,0.18588921870550232
757,-0.3015871788787376,3.7113359227581872,
758,1.9664589075371137,,
759,0.16630176238934263,-1.0608342329815925,-3.549708241031328
760,0.5919141111663895,-0.08033645135252687,-1.5245500403254828
761,3.030221283057044,0.9246090924981313,1.3277321034476568
762,-0.47716331021738995,-0.8509763404093611,-0.6300823649976157
763,-1.3475413418089282,-1.324150977527455,
764,-0.7639384481735471,-0.5711267844941291,0.8936831269429941
765,-3.8825918742931473,-2.6694591442985787,
766,-0.3250505607151466,0.8393508702020159,-0.3205260055210779
767,-1.9802206729554008,-1.940798655592611,-0.14505272741739206
768,-0.2413446333313306,,
769,-0.9859211154638367,-0.8807813195765176,-3.683112571333398
770,-1.0846680884985398,1.0292418258787261,
771,1.2380630008572304,-0.11336992077424302,-0.5292787353873867
772,2.2957224745889206,,
773,1.0683536530300803,,
774,-0.8179288551829507,-1.1946195066692078,-1.5551361122360001
775,-2.577512479059621,-0.6669199232444645,-2.134106260211103
776,1.1124865538505784,5.041176485973986,
777,-1.9634874050530275,-0.04358530515801995,
778,1.5745324421527291,,
779,1.4865140227760287,,
780,-1.0241507545467181,-0.4380079104804842,0.7954620131924577
781,0.09058723046919148,0.9201870244366848,2.875703595219526
782,0.43207145161994287,-0.7013204683636057,0.44213587533951526
783,-1.43604159297208,-2.1300453709662643,-1.1882511020780384
784,1.5470230827094076,0.4339085570751017,0.9549245631337757
785,1.7731648811531824,,
786,-2.1294555413114495,-0.4400341359643937,0.44643993081469957
787,-0.2805923661577733,,
788,0.49833005219715887,,
789,-0.1512620078685606,0.2621175083392431,-0.06872824117806053
790,0.718317855479131,,
791,-2.94001390399555,-0.9604516029681907,0.31348471579198756
792,-0.26231236096054267,0.4387059261046271,
793,1.2665144898629233,-0.6088666118585583,
794,1.5338950250995103,,
795,0.7632360177567619,,
796,-1.7408867609426624,1.7894387661780196,-1.8046350423805995
797,-0.1693945480698491,,
798,-3.883581139887853,-0.12571990141369804,
799,-0.644309195364515,-0.5407989743176294,-2.5191614339244888
800,-0.046154753402288085,-0.815869077633679,
801,0.1843489242916518,-0.21313114946167122,1.1197364788765505
802,0.9918064217946281,,
803,-0.18899360763125317,3.3978542357616424,
804,2.5352830385345984,0.6906614410401349,-0.6593611792273111
805,-0.364116910794984,,
806,1.9489501914144158,1.5868271533598843,-0.5522657837231689
807,0.9316025968969992,,
808,0.35423010230790136,1.2614252347012735,
809,-0.019660801897806002,-3.496522177591962,-0.7339683475249179
810,4.460947674798049,,
811,1.244983382204246,,
812,1.6391405860813935,,
813,-0.8907341881298922,0.18980195450367499,
814,2.207515687527005,,
815,0.6388353788585182,1.4268490203417044,0.1860587740822614
816,-0.21792557862712947,,
817,0.6474730360210404,-0.41131166691801324,-0.44542063378939306
818,0.8006909250717473,-0.09224455055706826,1.5444091753887255
819,0.17945139719080017,,
820,0.673758553618326,-1.0262660876156997,0.818940025380962
821,2.4941055753933883,,
822,-1.3826011351869212,-1.9270661712598416,-0.09111416754501667
823,-1.5560411876721894,2.68482722635303,
824,2.273970302724944,,
825,0.302416330420663,,
826,-1.325912179178508,1.8361986510829147,
827,-0.9235927709887537,-0.7353637488907376,2.800737334997862
828,3.922136435783923,,
829,-1.7327334733608188,1.9552983181434498,
830,1.76870173040458,,
831,1.1463311083719163,,
832,3.017402852998523,,
833,0.7581061974277088,0.9296387181838328,-2.1724084518363025
834,-0.3882036590525819,-0.9081435558318448,-2.1910803591283576
835,1.6420534337781605,,
836,1.1849193616109976,,
837,2.678547035349788,0.9845596335161557,-1.0561752845982757
838,1.8159201252958486,,
839,2.1787732044976655,,
840,1.7130728278880514,0.19715557686113683,2.3152949691570486
841,0.46589087003596086,1.0306899840033097,3.3299524166420387
842,1.0503314571884408,0.826666420637993,3.1729037184781577
843,-0.6650153298665626,-3.8078483975267052,-1.2857536856108882
844,1.8089637269707473,,
845,-0.5339506419489987,-0.5614864775320092,
846,0.7481475711465284,-1.139443630443633,2.442835579683559
847,1.1542313561752666,,
848,1.7292550436380598,-2.231705471920284,0.3456611940729839
849,-0.09982433342332182,1.2333626621161724,
850,-0.5907477947079145,-0.05646898503273068,1.458606719922586
851,1.0834543728905461,,
852,0.8029325175132203,-1.355381932481841,1.5172247127133605
853,-0.432158874715333,-0.09570240753274109,-2.514696138609474
854,-1.5844552870815194,2.211160309276545,
855,2.6683338351310475,,
856,0.7887746224970644,,
857,0.04480746527977468,,
858,1.0822258176021724,2.8606460830816234,
859,-1.3766673129782538,-0.5197896540003872,
860,-0.4419399265856453,,
861,0.34603146605661933,3.238766063183138,
862,-0.007645927910187034,,
863,1.7807175760794811,,
864,0.8736969272390307,,
865,3.4762639073900043,,
866,1.175789403518166,0.1756175039008448,0.0470758388386332
867,-0.4679712109669401,-1.4618931479252997,-0.5499923620209896
868,-0.7328837251784738,,
869,2.384007201736634,,
870,2.017110969287827,-1.0125245608129858,1.1405407982386586
871,3.2194041190637437,,
872,2.2891153401566258,,
873,-0.6452224924884906,,
874,-1.8314578529112244,2.1773951401330653,
875,-1.9134915354828395,-0.5862145001520587,-1.4625888079914136
876,1.8507361481254323,,
877,0.11266250473966782,0.30323692112196915,
878,1.0840022343755265,0.7468902500058351,1.212927177494043
879,0.9269781379067693,,
880,1.7600611584532295,,
881,0.5382938373481131,0.2812540809345514,-0.11122467362072158
882,0.9795937950786947,,
883,-2.368058111614187,-0.19912431855130225,0.701644669727951
884,-2.809965850066842,-1.1495961259919367,1.0117578701169236
885,1.5946310823909524,,
886,-0.2960695469836533,0.06585761418566444,0.7554272890017266
887,3.6992172475559473,,
888,1.2397467331021086,-0.9903180354959529,-1.6067632513969632
889,-2.8956647379557365,-2.5167709561635307,-1.751764572104051
890,2.02472239199009,0.5248820375399394,
891,2.4667756891137187,,
892,-0.07678435777003911,1.000775945739838,
893,0.6132297730408266,,
894,-0.05434690262281339,1.697962784003598,0.08714778378420007
895,-0.14282569144974167,0.44711137491213154,3.049923430386057
896,0.8312703252603343,1.813714259353857,2.2158639354697898
897,-1.012306978901674,-2.360603930492238,2.0762975289174435
898,0.8130170785230327,,
899,1.2484512939539334,1.230876267531322,
900,-0.7277102300810191,1.1337686401743927,0.12256896506224368
901,-0.25365638651987266,,
902,3.117412998616203,,
903,0.4549245920529881,,
904,0.6470541952667787,-0.24737023150707316,-0.31499704776578064
905,0.5434983256050232,,
906,2.016831517991812,,
907,0.7415480339405527,-0.5023801994236727,0.6058767486796115
908,-3.707758770419204,-2.605625984902918,-2.677699729312902
909,1.6570311729287337,,
910,0.6065248823181352,,
911,1.4831432469786598,,
912,1.0399515687126248,-0.8889280964297486,1.37781117383307
913,0.5406830644354184,1.575393247672171,
914,-0.8239573002810101,2.9460656938640724,
915,1.23433032929528,,
916,-0.7899699561010587,-0.31464397042401554,-0.04521998157852003
917,0.9978553506052611,0.3565340959258991,-0.5502928355697055
918,2.623769844250571,,
919,2.3919487064397,1.7731470448517574,
920,1.7032126740895337,0.8446331623026951,-0.08286644520652997
921,1.00013521865098,0.9400375134658929,
922,-0.20611374333086338,,
923,1.8788446812681978,3.2089688923906823,
924,-0.8253849913150736,-0.1512609073193366,1.1832392454318046
925,1.3280502722679786,,
926,0.8089484019331379,,
927,0.7360024728042249,-0.5819426914003258,1.2443643791911203
928,2.7451210620463264,,
929,-0.3843774489580879,-0.3092900672562171,-1.1781694084653371
930,-0.41162501449154854,1.4597514428721368,
931,-0.22425719080277046,0.4161038251872957,0.9854343406361092
932,0.3726849525214182,,
933,0.26223200914414274,1.2779717669392343,
934,-0.3443704814054416,-2.1480569500460542,-1.8023302326440769
935,-0.2718040979906858,-0.7532998283430289,2.424062907951417
936,-1.3126595507895806,,
937,0.22611711394115752,-0.2061481135395724,
938,1.14410476551306,-0.48375185790306907,
939,1.7559809125725852,2.3435895296161875,
940,2.0006349169667548,1.9986283188907832,
941,-1.7233391660996076,-0.07717518582514304,-0.905348520689837
942,-1.5970879778523293,2.4480819549248345,
943,-1.447978255554087,,
944,-1.0787109793813312,-2.047379830501813,
945,-0.38459303442987114,-0.23774877457612087,1.578431993691129
946,2.121125636507227,,
947,1.0224176662154831,2.1271048039257083,
948,0.5737211660649517,1.744910771865761,
949,-2.530759480991223,-0.2294659101497244,1.812462465217717
950,3.2485931233648913,,
951,1.780865226006863,1.104170005488382,
952,-0.7670384492996002,,
953,1.0187593898358032,,
954,2.9971956613414914,,
955,1.5642213833340437,,
956,-4.173414823560202,,
957,1.689550439055604,,
958,1.8138640437286293,,
959,-0.5402466370558402,,
960,-0.035459215231744556,2.551950373364581,0.7933193519288341
961,-2.5562302037691342,-0.8839547017522096,-3.3038372912272207
962,0.7585531306359885,,
963,0.6318680273905561,,
964,1.145745667707723,,
965,1.13931136700919,,
966,-0.7446981159152601,1.2826180175324298,1.4775352936917383
967,-0.15082663560883386,1.1829131331841956,0.43017297994302117
968,0.7575476143913845,-0.9367751454599414,0.05663224082851315
969,0.208331335182793,2.0989751137969814,
970,0.7920752020749948,,
971,2.3696408408322003,1.238440449147837,2.0414078254686414
972,0.7227778632902031,-0.5250804520231522,-1.1909972424223259
973,0.6857789586627168,1.8037242896807524,2.672630683236629
974,-0.8824343439107203,-1.2136421745095978,-1.589822702586805
975,-0.8287539483603793,-0.6148550726272137,0.23978710222033295
976,-1.656590642079626,3.017411975226885,
977,0.5588978592833453,-1.675981103710697,-1.777941429663362
978,-0.3397015031760716,0.1985864015238622,
979,0.5003569883977874,2.0180481090068043,
980,0.6379324859277608,,
981,-1.8083245721165375,-0.9865106977013872,-0.9782337652602264
982,-0.14378898434167198,0.7672363724094902,
983,1.823901391246909,,
984,-0.04095562040606482,-0.9131937805971657,0.3490830102167748
985,-0.38156084121993594,,
986,-1.768581854748275,-3.178499482097321,-2.003490709735602
987,-1.109051687448293,,
988,1.3171358067516348,,
989,0.35834651502419046,-2.0939801727335983,-1.5373916279650277
990,-0.9020168917826947,1.6111285423467883,0.34492014142249433
991,-0.3287934558199665,3.5506696021275364,
992,2.632187661787709,,
993,-0.7793687260292417,-1.011633380977413,-2.82547592961609
994,-1.4829325365284958,0.5886450957562587,3.2256614864910733
995,-0.46396432336657817,,
996,-0.01974761473727149,,
997,0.9942855978196264,-0.3600506916775898,-1.943625474090373
998,0.7689605663323661,-1.9673573343344124,-0.907543798317622
999,1.2762242387817868,0.7770213435821235,
1000,0.22321679994379273,,
1001,-0.9601096999688769,0.21428423522184545,
1002,-0.17922616143651648,,
1003,0.49144380373658525,,
1004,0.4375750696879931,-1.7737136815891945,-3.558433413406914
1005,1.084455335585442,2.3654108569712973,
1006,-2.537123619943093,-2.9060413532836398,-0.7525637036729543
1007,0.2589345944363054,1.762590492631799,
1008,-0.6147568489518409,,
1009,-2.4252776947855788,1.7844895667484317,0.9281755001389456
1010,-1.7611931704574313,-2.6399449866681612,-0.5734310943340966
1011,0.24832336780861297,-1.5446485593565988,1.0150694161289513
1012,3.9871304046616243,,
1013,-2.04046261661141,-1.1370422705080394,0.850316797266378
1014,0.9834240837025218,3.629112110830981,
1015,0.7347342759566368,,
1016,1.0584842418783995,-1.9327951206202074,-3.433020130646942
1017,1.9687341354292562,1.1756875109517053,2.2658273091582677
1018,0.3747616011240851,-0.17427099973913018,
1019,-0.3864512111964583,-1.5697655052481134,-2.146749167145741
1020,-2.3193129175069265,-0.4200106683584951,1.783668589657672
1021,0.35344624248504475,,
1022,2.5009454915650107,,
1023,0.2726132677899369,,
1024,-0.5454116583769736,-2.9893767922012087,-3.201277666594762
1025,0.9746255940076041,,
1026,2.3285702249062865,,
1027,1.0963682338401686,3.2753519487022356,
1028,-0.6248863983725536,1.8962932479419785,
1029,1.8077042803603622,-0.6252155728315281,-4.502739897162198
1030,-0.5423986144143321,-0.7813717294494517,-0.9199995814991678
1031,1.646638515351411,,
1032,1.52167719646539,1.0683789024545032,
1033,0.7967704909802008,,
1034,1.5933742532375739,1.5211984999954944,
1035,1.5661741282570996,,
1036,1.7831300782968256,,
1037,1.8806476960812413,,
1038,0.43347677840093013,,
1039,-0.45917603298150467,,
1040,3.5356929599036495,,
1041,0.6700528779079197,,
1042,-0.3788845624102425,-1.3235812370412585,-1.406763687996432
1043,-0.10794852171063393,,
1044,1.0570574035013243,,
1045,-1.3373708159536948,-4.40079313070569,-4.52787840161986
1046,1.3109978631589356,-0.6786565944340205,
1047,-1.5721780321662653,1.5867703018975656,
1048,0.2688994729252973,1.3339322555129798,
1049,-0.7493538157840482,0.5714307308635653,-0.2364243532468352
1050,1.0465616677177385,,
1051,-0.30204023725559104,0.16816094878688248,
1052,0.7889484896312514,1.1439933102921618,
1053,-0.055605631753187,-1.4980023705153482,
1054,1.001205218093518,,
1055,2.804493986444053,,
1056,-1.3751067653343436,-2.8252696885454274,-4.887760696544408
1057,0.2985327670677773,2.3543563757767987,6.2544228676843865
1058,-1.191529240063073,0.24091787514741458,-2.37317303193974
1059,1.124271144522766,1.7783382553083589,-0.9066105783637403
1060,0.7007900096940276,,
1061,0.472873825037057,0.7487032901752164,
1062,0.14321985196370135,-0.901004209016757,-1.9611479620328898
1063,2.47304345284679,,
1064,0.6653835661465163,0.24798586837446976,1.9461892058734724
1065,0.7778880585628785,-1.6104759797314085,0.1846914930554152
1066,2.0514785498809136,2.632841479228623,2.717012973709867
1067,1.0809639864645562,,
1068,-0.772648154080439,0.8151441501245503,0.597056808962608
1069,3.1340944443082352,,
1070,-0.25491118050285827,,
1071,3.11549113170178,,
1072,-1.0302347412552517,-0.8364985841199069,-3.695165680175722
1073,0.9594232499297761,,
1074,-0.3100694438136393,,
1075,-0.2135662570876395,-0.31861376605156694,1.2670103710130594
1076,-1.6336293034089517,-1.9122120418395034,-2.4260572101467557
1077,0.0771633329862586,2.3525447336434135,
1078,0.9830636042355814,1.6662104705971095,-0.4280685675035969
1079,1.0343311971263973,,
1080,2.9635418266972406,,
1081,0.33638632676417335,,
1082,0.10717094867048976,,
1083,1.823732884477423,,
1084,0.8816486239857374,0.25503164244872845,
1085,-2.720522389086285,-0.7595127950263927,-0.5653091649747188
1086,-0.22297221762532182,0.4747951145826305,-1.005472935638093
1087,0.7519906808254675,,
1088,-0.7025426508981796,-0.4684669529959189,-2.426313153598351
1089,1.8266027461996972,,
1090,1.0827947344698403,-1.1392048256715204,0.1908686340440623
1091,2.8116752911131293,,
1092,2.735246871066036,,
1093,0.10861079847493671,2.393775241304247,
1094,-3.691743946492391,-1.0874526223513146,2.307180332010588
1095,-1.4844386185515484,2.074100277456353,1.4624696554295533
1096,-2.1767048021184037,-1.9143710027780019,-2.777074126330108
1097,1.4540050478012212,4.174166409617756,
1098,-0.8740769799510437,2.701383724651035,
1099,0.5533006297851083,3.141442084292322,
1100,1.457694615071724,,
1101,-1.605361453791094,-1.2085131095027233,-1.9126836675855978
1102,1.210018829408515,,
1103,-0.7267206218771851,2.0275319024456557,
1104,2.245900904408261,1.560306354728343,
1105,1.3579606953780585,1.453506625965768,
1106,1.1316649437377109,,
1107,1.127331794539783,,
1108,-1.8518736397047402,-1.3367202739496424,-0.48955288479309955
1109,2.8152256538632456,,
1110,1.6099452913179313,1.963547121688272,
1111,2.477529234363641,,
1112,-3.5733076685548073,0.4615903594890317,1.7760678688964613
1113,-0.5482560354315302,0.4557831172931467,0.3666265390097144
1114,-1.8897837638397577,,
1115,-0.39428813996732415,,
1116,0.8650457584073543,0.8545326617448552,
1117,0.7816330723096545,-0.3402735320360463,-1.49225800790253
1118,4.629186511791257,,
1119,-1.2041938951012223,-1.9212399255619599,-3.96274748334124
1120,1.5076512431858808,-2.326979008193335,-3.3890805752791167
1121,2.556534323344596,2.6248695426397064,-0.9884423739252806
1122,1.271001520407084,,
1123,0.5244010517480555,-1.6317230813300323,-0.1556649581711338
1124,1.3751080250950034,1.1657671365109534,
1125,-0.058527722146092254,-0.9412572349324688,-1.946265149812639
1126,0.13676988116233718,,
1127,-1.1571292303609648,-0.8982174938509189,0.3875818765298319
1128,0.9615074770633492,-0.8339885501771772,0.26003801140903315
1129,2.1756819656527187,2.8025921084357996,
1130,0.08789701402770456,,
1131,1.7970859097317755,,
1132,-3.2734648810379294,-1.0891523884378036,-1.7466552347648536
1133,2.5551811382209735,,
1134,0.5729842465759261,-0.886095096108092,1.276183343939557
1135,-0.5958778889746263,1.8502184343825059,
1136,0.40688188247477963,,
1137,-1.385321379927804,-0.9876866810127534,1.079226506047375
1138,0.41000673224711615,,
1139,-1.876235172069928,-2.0610214239506464,0.8437354646850295
1140,-0.9163668845616281,0.14324154026375935,
1141,0.21691878552728816,3.3066513686478163,
1142,0.5867128283423175,,
1143,-1.4412835064025362,-1.5968360495768792,-0.8553299788952357
1144,0.7207304286410529,,
1145,1.4100000278908498,,
1146,1.703939159484779,2.7813146507956183,
1147,1.5871963937252362,,
1148,1.4824088378286562,,
1149,2.3535678246502947,,
1150,-1.1961951677187705,-2.3201032961122348,0.17219397152724325
1151,2.5811998658716466,1.8065086340294012,1.875637088321342
1152,1.7350108266427327,2.8747705618131745,
1153,-0.5638043869774896,1.7437804549467602,2.8479637732428977
1154,3.260128665254812,,
1155,0.3423931037539527,,
1156,-1.5398282905539076,-2.3058118264191516,-1.8944134988114472
1157,0.48650780840622776,3.7996771577505535,
1158,2.1160092541487403,,
1159,-0.1251029095563938,,
1160,0.9565145669963698,,
1161,0.9198133207326482,,
1162,-0.3448234082552923,,
1163,-0.6080265355955422,0.2204778873858183,-2.024005994276808
1164,-1.5536950340730202,1.4851895637739516,0.3225604651857841
1165,-0.805869852115495,0.5310606223572362,
1166,2.5827190995207827,,
1167,4.058355228500473,,
1168,0.8733273967181543,,
1169,-0.41567284180366415,-1.514815101506434,-0.8514344337345705
1170,1.0008171215899184,,
1171,1.9672372796058855,,
1172,0.6505172547447606,,
1173,-1.5634755577559578,-3.262001464389987,-1.7444812076934533
1174,-1.7270494224185793,,
1175,-0.5594599146399083,-0.36468664164531256,-2.9990477412895444
1176,-0.28882166357644024,0.9559369432199263,
1177,-0.44954899068163195,4.00494201547105,
1178,-1.1695989872556907,0.5844393683159672,
1179,-2.479191295447513,,
1180,0.8563718451725083,,
1181,0.3929732955645706,,
1182,-0.9286508541882078,-0.37976159466852305,-3.277955864002939
1183,3.1665423999493667,,
1184,-1.2076473674473986,-2.625084139976405,-3.3985025184315587
1185,-0.4408083668179886,2.342354083636455,
1186,1.1912948749568353,4.268012283688167,
1187,-0.6491856555434675,0.9002066061770715,
1188,1.3670926110412271,,
1189,1.6985900496936208,0.9101658988553285,2.964560094452434
1190,-0.995464447110713,-3.616334660379761,-2.0506051121317626
1191,0.8279596233595927,-1.1544633361642882,
1192,1.2021684546947886,1.169257374951768,1.958166873842906
1193,3.463448792141887,4.537774844681503,
1194,0.403671719109608,2.09362520234866,-1.3369295977932543
1195,-0.7174713036976303,1.6110184384415356,-1.3490798314647099
1196,2.1560498923694276,,
1197,0.7452586064548395,-0.19575687908140837,1.5430952503345234
1198,-0.29063109383912406,3.026519111413521,
1199,-1.8945273231878512,-0.7778854047688155,1.269280354565616
1200,-0.6804627104934966,-3.1533779173125813,-0.05502922665386456
