Z_t1,Z_t2,Z_t3,ID
0.9700258848484922,0.9875065623473234,0.9799377642780353,1
0.9700258848484922,0.9875065623473234,0.9799377642780353,2
0.9700258848484922,0.9875065623473234,0.9799377642780353,3
0.9700258848484922,0.9875065623473234,0.9799377642780353,4
0.9700258848484922,0.9875065623473234,0.9799377642780353,5
0.9700258848484922,0.9875065623473234,0.9799377642780353,6
0.9700258848484922,0.9875065623473234,0.9799377642780353,7
0.9700258848484922,0.9875065623473234,0.9799377642780353,8
0.9700258848484922,0.9875065623473234,0.9799377642780353,9
0.9700258848484922,0.9875065623473234,0.9799377642780353,10
0.9700258848484922,0.9875065623473234,0.9799377642780353,11
0.9700258848484922,0.9875065623473234,0.9799377642780353,12
0.9700258848484922,0.9875065623473234,0.9799377642780353,13
0.9700258848484922,0.9875065623473234,0.9799377642780353,14
0.9700258848484922,0.9875065623473234,0.9799377642780353,15
0.9700258848484922,0.9875065623473234,0.9799377642780353,16
0.9700258848484922,0.9875065623473234,0.9799377642780353,17
0.9700258848484922,0.9875065623473234,0.9799377642780353,18
0.9700258848484922,0.9875065623473234,0.9799377642780353,19
0.9700258848484922,0.9875065623473234,0.9799377642780353,20
0.9700258848484922,0.9875065623473234,0.9799377642780353,21
0.9700258848484922,0.9875065623473234,0.9799377642780353,22
0.9700258848484922,0.9875065623473234,0.9799377642780353,23
0.9700258848484922,0.9875065623473234,0.9799377642780353,24
0.9700258848484922,0.9875065623473234,0.9799377642780353,25
0.9700258848484922,0.9875065623473234,0.9799377642780353,26
0.9700258848484922,0.9875065623473234,0.9799377642780353,27
0.9700258848484922,0.9875065623473234,0.9799377642780353,28
0.9700258848484922,0.9875065623473234,0.9799377642780353,29
0.9700258848484922,0.9875065623473234,0.9799377642780353,30
0.9700258848484922,0.9875065623473234,0.9799377642780353,31
0.9700258848484922,0.9875065623473234,0.9799377642780353,32
0.9700258848484922,0.9875065623473234,0.9799377642780353,33
0.9700258848484922,0.9875065623473234,0.9799377642780353,34
0.9700258848484922,0.9875065623473234,0.9799377642780353,35
0.9700258848484922,0.9875065623473234,0.9799377642780353,36
0.9700258848484922,0.9875065623473234,0.9799377642780353,37
0.9700258848484922,0.9875065623473234,0.9799377642780353,38
0.9700258848484922,0.9875065623473234,0.9799377642780353,39
0.9700258848484922,0.9875065623473234,0.9799377642780353,40
0.9700258848484922,0.9875065623473234,0.9799377642780353,41
0.9700258848484922,0.9875065623473234,0.9799377642780353,42
0.9700258848484922,0.9875065623473234,0.9799377642780353,43
0.9700258848484922,0.9875065623473234,0.9799377642780353,44
0.9700258848484922,0.9875065623473234,0.9799377642780353,45
0.9700258848484922,0.9875065623473234,0.9799377642780353,46
0.9700258848484922,0.9875065623473234,0.9799377642780353,47
0.9700258848484922,0.9875065623473234,0.9799377642780353,48
0.9700258848484922,0.9875065623473234,0.9799377642780353,49
0.9700258848484922,0.9875065623473234,0.9799377642780353,50
0.9700258848484922,0.9875065623473234,0.9799377642780353,51
0.9700258848484922,0.9875065623473234,0.9799377642780353,52
0.9700258848484922,0.9875065623473234,0.9799377642780353,53
0.9700258848484922,0.9875065623473234,0.9799377642780353,54
0.9700258848484922,0.9875065623473234,0.9799377642780353,55
0.9700258848484922,0.9875065623473234,0.9799377642780353,56
0.9700258848484922,0.9875065623473234,0.9799377642780353,57
0.9700258848484922,0.9875065623473234,0.9799377642780353,58
0.9700258848484922,0.9875065623473234,0.9799377642780353,59
0.9700258848484922,0.9875065623473234,0.9799377642780353,60
0.9700258848484922,0.9875065623473234,0.9799377642780353,61
0.9700258848484922,0.9875065623473234,0.9799377642780353,62
0.9700258848484922,0.9875065623473234,0.9799377642780353,63
0.9700258848484922,0.9875065623473234,0.9799377642780353,64
0.9700258848484922,0.9875065623473234,0.9799377642780353,65
0.9700258848484922,0.9875065623473234,0.9799377642780353,66
0.9700258848484922,0.9875065623473234,0.9799377642780353,67
0.9700258848484922,0.9875065623473234,0.9799377642780353,68
0.9700258848484922,0.9875065623473234,0.9799377642780353,69
0.9700258848484922,0.9875065623473234,0.9799377642780353,70
0.9700258848484922,0.9875065623473234,0.9799377642780353,71
0.9700258848484922,0.9875065623473234,0.9799377642780353,72
0.9700258848484922,0.9875065623473234,0.9799377642780353,73
0.9700258848484922,0.9875065623473234,0.9799377642780353,74
0.9700258848484922,0.9875065623473234,0.9799377642780353,75
0.9700258848484922,0.9875065623473234,0.9799377642780353,76
0.9700258848484922,0.9875065623473234,0.9799377642780353,77
0.9700258848484922,0.9875065623473234,0.9799377642780353,78
0.9700258848484922,0.9875065623473234,0.9799377642780353,79
0.9700258848484922,0.9875065623473234,0.9799377642780353,80
0.9700258848484922,0.9875065623473234,0.9799377642780353,81
0.9700258848484922,0.9875065623473234,0.9799377642780353,82
0.9700258848484922,0.9875065623473234,0.9799377642780353,83
0.9700258848484922,0.9875065623473234,0.9799377642780353,84
0.9700258848484922,0.9875065623473234,0.9799377642780353,85
0.9700258848484922,0.9875065623473234,0.9799377642780353,86
0.9700258848484922,0.9875065623473234,0.9799377642780353,87
0.9700258848484922,0.9875065623473234,0.9799377642780353,88
0.9700258848484922,0.9875065623473234,0.9799377642780353,89
0.9700258848484922,0.9875065623473234,0.9799377642780353,90
0.9700258848484922,0.9875065623473234,0.9799377642780353,91
0.9700258848484922,0.9875065623473234,0.9799377642780353,92
0.9700258848484922,0.9875065623473234,0.9799377642780353,93
0.9700258848484922,0.9875065623473234,0.9799377642780353,94
0.9700258848484922,0.9875065623473234,0.9799377642780353,95
0.9700258848484922,0.9875065623473234,0.9799377642780353,96
0.9700258848484922,0.9875065623473234,0.9799377642780353,97
0.9700258848484922,0.9875065623473234,0.9799377642780353,98
0.9700258848484922,0.9875065623473234,0.9799377642780353,99
0.9700258848484922,0.9875065623473234,0.9799377642780353,100
0.9700258848484922,0.9875065623473234,0.9799377642780353,101
0.9700258848484922,0.9875065623473234,0.9799377642780353,102
0.9700258848484922,0.9875065623473234,0.9799377642780353,103
0.9700258848484922,0.9875065623473234,0.9799377642780353,104
0.9700258848484922,0.9875065623473234,0.9799377642780353,105
0.9700258848484922,0.9875065623473234,0.9799377642780353,106
0.9700258848484922,0.9875065623473234,0.9799377642780353,107
0.9700258848484922,0.9875065623473234,0.9799377642780353,108
0.9700258848484922,0.9875065623473234,0.9799377642780353,109
0.9700258848484922,0.9875065623473234,0.9799377642780353,110
0.9700258848484922,0.9875065623473234,0.9799377642780353,111
0.9700258848484922,0.9875065623473234,0.9799377642780353,112
0.9700258848484922,0.9875065623473234,0.9799377642780353,113
0.9700258848484922,0.9875065623473234,0.9799377642780353,114
0.9700258848484922,0.9875065623473234,0.9799377642780353,115
0.9700258848484922,0.9875065623473234,0.9799377642780353,116
0.9700258848484922,0.9875065623473234,0.9799377642780353,117
0.9700258848484922,0.9875065623473234,0.9799377642780353,118
0.9700258848484922,0.9875065623473234,0.9799377642780353,119
0.9700258848484922,0.9875065623473234,0.9799377642780353,120
0.9700258848484922,0.9875065623473234,0.9799377642780353,121
0.9700258848484922,0.9875065623473234,0.9799377642780353,122
0.9700258848484922,0.9875065623473234,0.9799377642780353,123
0.9700258848484922,0.9875065623473234,0.9799377642780353,124
0.9700258848484922,0.9875065623473234,0.9799377642780353,125
0.9700258848484922,0.9875065623473234,0.9799377642780353,126
0.9700258848484922,0.9875065623473234,0.9799377642780353,127
0.9700258848484922,0.9875065623473234,0.9799377642780353,128
0.9700258848484922,0.9875065623473234,0.9799377642780353,129
0.9700258848484922,0.9875065623473234,0.9799377642780353,130
0.9700258848484922,0.9875065623473234,0.9799377642780353,131
0.9700258848484922,0.9875065623473234,0.9799377642780353,132
0.9700258848484922,0.9875065623473234,0.9799377642780353,133
0.9700258848484922,0.9875065623473234,0.9799377642780353,134
0.9700258848484922,0.9875065623473234,0.9799377642780353,135
0.9700258848484922,0.9875065623473234,0.9799377642780353,136
0.9700258848484922,0.9875065623473234,0.9799377642780353,137
0.9700258848484922,0.9875065623473234,0.9799377642780353,138
0.9700258848484922,0.9875065623473234,0.9799377642780353,139
0.9700258848484922,0.9875065623473234,0.9799377642780353,140
0.9700258848484922,0.9875065623473234,0.9799377642780353,141
0.9700258848484922,0.9875065623473234,0.9799377642780353,142
0.9700258848484922,0.9875065623473234,0.9799377642780353,143
0.9700258848484922,0.9875065623473234,0.9799377642780353,144
0.9700258848484922,0.9875065623473234,0.9799377642780353,145
0.9700258848484922,0.9875065623473234,0.9799377642780353,146
0.9700258848484922,0.9875065623473234,0.9799377642780353,147
0.9700258848484922,0.9875065623473234,0.9799377642780353,148
0.9700258848484922,0.9875065623473234,0.9799377642780353,149
0.9700258848484922,0.9875065623473234,0.9799377642780353,150
0.9700258848484922,0.9875065623473234,0.9799377642780353,151
0.9700258848484922,0.9875065623473234,0.9799377642780353,152
0.9700258848484922,0.9875065623473234,0.9799377642780353,153
0.9700258848484922,0.9875065623473234,0.9799377642780353,154
0.9700258848484922,0.9875065623473234,0.9799377642780353,155
0.9700258848484922,0.9875065623473234,0.9799377642780353,156
0.9700258848484922,0.9875065623473234,0.9799377642780353,157
0.9700258848484922,0.9875065623473234,0.9799377642780353,158
0.9700258848484922,0.9875065623473234,0.9799377642780353,159
0.9700258848484922,0.9875065623473234,0.9799377642780353,160
0.9700258848484922,0.9875065623473234,0.9799377642780353,161
0.9700258848484922,0.9875065623473234,0.9799377642780353,162
0.9700258848484922,0.9875065623473234,0.9799377642780353,163
0.9700258848484922,0.9875065623473234,0.9799377642780353,164
0.9700258848484922,0.9875065623473234,0.9799377642780353,165
0.9700258848484922,0.9875065623473234,0.9799377642780353,166
0.9700258848484922,0.9875065623473234,0.9799377642780353,167
0.9700258848484922,0.9875065623473234,0.9799377642780353,168
0.9700258848484922,0.9875065623473234,0.9799377642780353,169
0.9700258848484922,0.9875065623473234,0.9799377642780353,170
0.9700258848484922,0.9875065623473234,0.9799377642780353,171
0.9700258848484922,0.9875065623473234,0.9799377642780353,172
0.9700258848484922,0.9875065623473234,0.9799377642780353,173
0.9700258848484922,0.9875065623473234,0.9799377642780353,174
0.9700258848484922,0.9875065623473234,0.9799377642780353,175
0.9700258848484922,0.9875065623473234,0.9799377642780353,176
0.9700258848484922,0.9875065623473234,0.9799377642780353,177
0.9700258848484922,0.9875065623473234,0.9799377642780353,178
0.9700258848484922,0.9875065623473234,0.9799377642780353,179
0.9700258848484922,0.9875065623473234,0.9799377642780353,180
0.9700258848484922,0.9875065623473234,0.9799377642780353,181
0.9700258848484922,0.9875065623473234,0.9799377642780353,182
0.9700258848484922,0.9875065623473234,0.9799377642780353,183
0.9700258848484922,0.9875065623473234,0.9799377642780353,184
0.9700258848484922,0.9875065623473234,0.9799377642780353,185
0.9700258848484922,0.9875065623473234,0.9799377642780353,186
0.9700258848484922,0.9875065623473234,0.9799377642780353,187
0.9700258848484922,0.9875065623473234,0.9799377642780353,188
0.9700258848484922,0.9875065623473234,0.9799377642780353,189
0.9700258848484922,0.9875065623473234,0.9799377642780353,190
0.9700258848484922,0.9875065623473234,0.9799377642780353,191
0.9700258848484922,0.9875065623473234,0.9799377642780353,192
0.9700258848484922,0.9875065623473234,0.9799377642780353,193
0.9700258848484922,0.9875065623473234,0.9799377642780353,194
0.9700258848484922,0.9875065623473234,0.9799377642780353,195
0.9700258848484922,0.9875065623473234,0.9799377642780353,196
0.9700258848484922,0.9875065623473234,0.9799377642780353,197
0.9700258848484922,0.9875065623473234,0.9799377642780353,198
0.9700258848484922,0.9875065623473234,0.9799377642780353,199
0.9700258848484922,0.9875065623473234,0.9799377642780353,200
0.9700258848484922,0.9875065623473234,0.9799377642780353,201
0.9700258848484922,0.9875065623473234,0.9799377642780353,202
0.9700258848484922,0.9875065623473234,0.9799377642780353,203
0.9700258848484922,0.9875065623473234,0.9799377642780353,204
0.9700258848484922,0.9875065623473234,0.9799377642780353,205
0.9700258848484922,0.9875065623473234,0.9799377642780353,206
0.9700258848484922,0.9875065623473234,0.9799377642780353,207
0.9700258848484922,0.9875065623473234,0.9799377642780353,208
0.9700258848484922,0.9875065623473234,0.9799377642780353,209
0.9700258848484922,0.9875065623473234,0.9799377642780353,210
0.9700258848484922,0.9875065623473234,0.9799377642780353,211
0.9700258848484922,0.9875065623473234,0.9799377642780353,212
0.9700258848484922,0.9875065623473234,0.9799377642780353,213
0.9700258848484922,0.9875065623473234,0.9799377642780353,214
0.9700258848484922,0.9875065623473234,0.9799377642780353,215
0.9700258848484922,0.9875065623473234,0.9799377642780353,216
0.9700258848484922,0.9875065623473234,0.9799377642780353,217
0.9700258848484922,0.9875065623473234,0.9799377642780353,218
0.9700258848484922,0.9875065623473234,0.9799377642780353,219
0.9700258848484922,0.9875065623473234,0.9799377642780353,220
0.9700258848484922,0.9875065623473234,0.9799377642780353,221
0.9700258848484922,0.9875065623473234,0.9799377642780353,222
0.9700258848484922,0.9875065623473234,0.9799377642780353,223
0.9700258848484922,0.9875065623473234,0.9799377642780353,224
0.9700258848484922,0.9875065623473234,0.9799377642780353,225
0.9700258848484922,0.9875065623473234,0.9799377642780353,226
0.9700258848484922,0.9875065623473234,0.9799377642780353,227
0.9700258848484922,0.9875065623473234,0.9799377642780353,228
0.9700258848484922,0.9875065623473234,0.9799377642780353,229
0.9700258848484922,0.9875065623473234,0.9799377642780353,230
0.9700258848484922,0.9875065623473234,0.9799377642780353,231
0.9700258848484922,0.9875065623473234,0.9799377642780353,232
0.9700258848484922,0.9875065623473234,0.9799377642780353,233
0.9700258848484922,0.9875065623473234,0.9799377642780353,234
0.9700258848484922,0.9875065623473234,0.9799377642780353,235
0.9700258848484922,0.9875065623473234,0.9799377642780353,236
0.9700258848484922,0.9875065623473234,0.9799377642780353,237
0.9700258848484922,0.9875065623473234,0.9799377642780353,238
0.9700258848484922,0.9875065623473234,0.9799377642780353,239
0.9700258848484922,0.9875065623473234,0.9799377642780353,240
0.9700258848484922,0.9875065623473234,0.9799377642780353,241
0.9700258848484922,0.9875065623473234,0.9799377642780353,242
0.9700258848484922,0.9875065623473234,0.9799377642780353,243
0.9700258848484922,0.9875065623473234,0.9799377642780353,244
0.9700258848484922,0.9875065623473234,0.9799377642780353,245
0.9700258848484922,0.9875065623473234,0.9799377642780353,246
0.9700258848484922,0.9875065623473234,0.9799377642780353,247
0.9700258848484922,0.9875065623473234,0.9799377642780353,248
0.9700258848484922,0.9875065623473234,0.9799377642780353,249
0.9700258848484922,0.9875065623473234,0.9799377642780353,250
0.9700258848484922,0.9875065623473234,0.9799377642780353,251
0.9700258848484922,0.9875065623473234,0.9799377642780353,252
0.9700258848484922,0.9875065623473234,0.9799377642780353,253
0.9700258848484922,0.9875065623473234,0.9799377642780353,254
0.9700258848484922,0.9875065623473234,0.9799377642780353,255
0.9700258848484922,0.9875065623473234,0.9799377642780353,256
0.9700258848484922,0.9875065623473234,0.9799377642780353,257
0.9700258848484922,0.9875065623473234,0.9799377642780353,258
0.9700258848484922,0.9875065623473234,0.9799377642780353,259
0.9700258848484922,0.9875065623473234,0.9799377642780353,260
0.9700258848484922,0.9875065623473234,0.9799377642780353,261
0.9700258848484922,0.9875065623473234,0.9799377642780353,262
0.9700258848484922,0.9875065623473234,0.9799377642780353,263
0.9700258848484922,0.9875065623473234,0.9799377642780353,264
0.9700258848484922,0.9875065623473234,0.9799377642780353,265
0.9700258848484922,0.9875065623473234,0.9799377642780353,266
0.9700258848484922,0.9875065623473234,0.9799377642780353,267
0.9700258848484922,0.9875065623473234,0.9799377642780353,268
0.9700258848484922,0.9875065623473234,0.9799377642780353,269
0.9700258848484922,0.9875065623473234,0.9799377642780353,270
0.9700258848484922,0.9875065623473234,0.9799377642780353,271
0.9700258848484922,0.9875065623473234,0.9799377642780353,272
0.9700258848484922,0.9875065623473234,0.9799377642780353,273
0.9700258848484922,0.9875065623473234,0.9799377642780353,274
0.9700258848484922,0.9875065623473234,0.9799377642780353,275
0.9700258848484922,0.9875065623473234,0.9799377642780353,276
0.9700258848484922,0.9875065623473234,0.9799377642780353,277
0.9700258848484922,0.9875065623473234,0.9799377642780353,278
0.9700258848484922,0.9875065623473234,0.9799377642780353,279
0.9700258848484922,0.9875065623473234,0.9799377642780353,280
0.9700258848484922,0.9875065623473234,0.9799377642780353,281
0.9700258848484922,0.9875065623473234,0.9799377642780353,282
0.9700258848484922,0.9875065623473234,0.9799377642780353,283
0.9700258848484922,0.9875065623473234,0.9799377642780353,284
0.9700258848484922,0.9875065623473234,0.9799377642780353,285
0.9700258848484922,0.9875065623473234,0.9799377642780353,286
0.9700258848484922,0.9875065623473234,0.9799377642780353,287
0.9700258848484922,0.9875065623473234,0.9799377642780353,288
0.9700258848484922,0.9875065623473234,0.9799377642780353,289
0.9700258848484922,0.9875065623473234,0.9799377642780353,290
0.9700258848484922,0.9875065623473234,0.9799377642780353,291
0.9700258848484922,0.9875065623473234,0.9799377642780353,292
0.9700258848484922,0.9875065623473234,0.9799377642780353,293
0.9700258848484922,0.9875065623473234,0.9799377642780353,294
0.9700258848484922,0.9875065623473234,0.9799377642780353,295
0.9700258848484922,0.9875065623473234,0.9799377642780353,296
0.9700258848484922,0.9875065623473234,0.9799377642780353,297
0.9700258848484922,0.9875065623473234,0.9799377642780353,298
0.9700258848484922,0.9875065623473234,0.9799377642780353,299
0.9700258848484922,0.9875065623473234,0.9799377642780353,300
0.9700258848484922,0.9875065623473234,0.9799377642780353,301
0.9700258848484922,0.9875065623473234,0.9799377642780353,302
0.9700258848484922,0.9875065623473234,0.9799377642780353,303
0.9700258848484922,0.9875065623473234,0.9799377642780353,304
0.9700258848484922,0.9875065623473234,0.9799377642780353,305
0.9700258848484922,0.9875065623473234,0.9799377642780353,306
0.9700258848484922,0.9875065623473234,0.9799377642780353,307
0.9700258848484922,0.9875065623473234,0.9799377642780353,308
0.9700258848484922,0.9875065623473234,0.9799377642780353,309
0.9700258848484922,0.9875065623473234,0.9799377642780353,310
0.9700258848484922,0.9875065623473234,0.9799377642780353,311
0.9700258848484922,0.9875065623473234,0.9799377642780353,312
0.9700258848484922,0.9875065623473234,0.9799377642780353,313
0.9700258848484922,0.9875065623473234,0.9799377642780353,314
0.9700258848484922,0.9875065623473234,0.9799377642780353,315
0.9700258848484922,0.9875065623473234,0.9799377642780353,316
0.9700258848484922,0.9875065623473234,0.9799377642780353,317
0.9700258848484922,0.9875065623473234,0.9799377642780353,318
0.9700258848484922,0.9875065623473234,0.9799377642780353,319
0.9700258848484922,0.9875065623473234,0.9799377642780353,320
0.9700258848484922,0.9875065623473234,0.9799377642780353,321
0.9700258848484922,0.9875065623473234,0.9799377642780353,322
0.9700258848484922,0.9875065623473234,0.9799377642780353,323
0.9700258848484922,0.9875065623473234,0.9799377642780353,324
0.9700258848484922,0.9875065623473234,0.9799377642780353,325
0.9700258848484922,0.9875065623473234,0.9799377642780353,326
0.9700258848484922,0.9875065623473234,0.9799377642780353,327
0.9700258848484922,0.9875065623473234,0.9799377642780353,328
0.9700258848484922,0.9875065623473234,0.9799377642780353,329
0.9700258848484922,0.9875065623473234,0.9799377642780353,330
0.9700258848484922,0.9875065623473234,0.9799377642780353,331
0.9700258848484922,0.9875065623473234,0.9799377642780353,332
0.9700258848484922,0.9875065623473234,0.9799377642780353,333
0.9700258848484922,0.9875065623473234,0.9799377642780353,334
0.9700258848484922,0.9875065623473234,0.9799377642780353,335
0.9700258848484922,0.9875065623473234,0.9799377642780353,336
0.9700258848484922,0.9875065623473234,0.9799377642780353,337
0.9700258848484922,0.9875065623473234,0.9799377642780353,338
0.9700258848484922,0.9875065623473234,0.9799377642780353,339
0.9700258848484922,0.9875065623473234,0.9799377642780353,340
0.9700258848484922,0.9875065623473234,0.9799377642780353,341
0.9700258848484922,0.9875065623473234,0.9799377642780353,342
0.9700258848484922,0.9875065623473234,0.9799377642780353,343
0.9700258848484922,0.9875065623473234,0.9799377642780353,344
0.9700258848484922,0.9875065623473234,0.9799377642780353,345
0.9700258848484922,0.9875065623473234,0.9799377642780353,346
0.9700258848484922,0.9875065623473234,0.9799377642780353,347
0.9700258848484922,0.9875065623473234,0.9799377642780353,348
0.9700258848484922,0.9875065623473234,0.9799377642780353,349
0.9700258848484922,0.9875065623473234,0.9799377642780353,350
0.9700258848484922,0.9875065623473234,0.9799377642780353,351
0.9700258848484922,0.9875065623473234,0.9799377642780353,352
0.9700258848484922,0.9875065623473234,0.9799377642780353,353
0.9700258848484922,0.9875065623473234,0.9799377642780353,354
0.9700258848484922,0.9875065623473234,0.9799377642780353,355
0.9700258848484922,0.9875065623473234,0.9799377642780353,356
0.9700258848484922,0.9875065623473234,0.9799377642780353,357
0.9700258848484922,0.9875065623473234,0.9799377642780353,358
0.9700258848484922,0.9875065623473234,0.9799377642780353,359
0.9700258848484922,0.9875065623473234,0.9799377642780353,360
0.9700258848484922,0.9875065623473234,0.9799377642780353,361
0.9700258848484922,0.9875065623473234,0.9799377642780353,362
0.9700258848484922,0.9875065623473234,0.9799377642780353,363
0.9700258848484922,0.9875065623473234,0.9799377642780353,364
0.9700258848484922,0.9875065623473234,0.9799377642780353,365
0.9700258848484922,0.9875065623473234,0.9799377642780353,366
0.9700258848484922,0.9875065623473234,0.9799377642780353,367
0.9700258848484922,0.9875065623473234,0.9799377642780353,368
0.9700258848484922,0.9875065623473234,0.9799377642780353,369
0.9700258848484922,0.9875065623473234,0.9799377642780353,370
0.9700258848484922,0.9875065623473234,0.9799377642780353,371
0.9700258848484922,0.9875065623473234,0.9799377642780353,372
0.9700258848484922,0.9875065623473234,0.9799377642780353,373
0.9700258848484922,0.9875065623473234,0.9799377642780353,374
0.9700258848484922,0.9875065623473234,0.9799377642780353,375
0.9700258848484922,0.9875065623473234,0.9799377642780353,376
0.9700258848484922,0.9875065623473234,0.9799377642780353,377
0.9700258848484922,0.9875065623473234,0.9799377642780353,378
0.9700258848484922,0.9875065623473234,0.9799377642780353,379
0.9700258848484922,0.9875065623473234,0.9799377642780353,380
0.9700258848484922,0.9875065623473234,0.9799377642780353,381
0.9700258848484922,0.9875065623473234,0.9799377642780353,382
0.9700258848484922,0.9875065623473234,0.9799377642780353,383
0.9700258848484922,0.9875065623473234,0.9799377642780353,384
0.9700258848484922,0.9875065623473234,0.9799377642780353,385
0.9700258848484922,0.9875065623473234,0.9799377642780353,386
0.9700258848484922,0.9875065623473234,0.9799377642780353,387
0.9700258848484922,0.9875065623473234,0.9799377642780353,388
0.9700258848484922,0.9875065623473234,0.9799377642780353,389
0.9700258848484922,0.9875065623473234,0.9799377642780353,390
0.9700258848484922,0.9875065623473234,0.9799377642780353,391
0.9700258848484922,0.9875065623473234,0.9799377642780353,392
0.9700258848484922,0.9875065623473234,0.9799377642780353,393
0.9700258848484922,0.9875065623473234,0.9799377642780353,394
0.9700258848484922,0.9875065623473234,0.9799377642780353,395
0.9700258848484922,0.9875065623473234,0.9799377642780353,396
0.9700258848484922,0.9875065623473234,0.9799377642780353,397
0.9700258848484922,0.9875065623473234,0.9799377642780353,398
0.9700258848484922,0.9875065623473234,0.9799377642780353,399
0.9700258848484922,0.9875065623473234,0.9799377642780353,400
0.9700258848484922,0.9875065623473234,0.9799377642780353,401
0.9700258848484922,0.9875065623473234,0.9799377642780353,402
0.9700258848484922,0.9875065623473234,0.9799377642780353,403
0.9700258848484922,0.9875065623473234,0.9799377642780353,404
0.9700258848484922,0.9875065623473234,0.9799377642780353,405
0.9700258848484922,0.9875065623473234,0.9799377642780353,406
0.9700258848484922,0.9875065623473234,0.9799377642780353,407
0.9700258848484922,0.9875065623473234,0.9799377642780353,408
0.9700258848484922,0.9875065623473234,0.9799377642780353,409
0.9700258848484922,0.9875065623473234,0.9799377642780353,410
0.9700258848484922,0.9875065623473234,0.9799377642780353,411
0.9700258848484922,0.9875065623473234,0.9799377642780353,412
0.9700258848484922,0.9875065623473234,0.9799377642780353,413
0.9700258848484922,0.9875065623473234,0.9799377642780353,414
0.9700258848484922,0.9875065623473234,0.9799377642780353,415
0.9700258848484922,0.9875065623473234,0.9799377642780353,416
0.9700258848484922,0.9875065623473234,0.9799377642780353,417
0.9700258848484922,0.9875065623473234,0.9799377642780353,418
0.9700258848484922,0.9875065623473234,0.9799377642780353,419
0.9700258848484922,0.9875065623473234,0.9799377642780353,420
0.9700258848484922,0.9875065623473234,0.9799377642780353,421
0.9700258848484922,0.9875065623473234,0.9799377642780353,422
0.9700258848484922,0.9875065623473234,0.9799377642780353,423
0.9700258848484922,0.9875065623473234,0.9799377642780353,424
0.9700258848484922,0.9875065623473234,0.9799377642780353,425
0.9700258848484922,0.9875065623473234,0.9799377642780353,426
0.9700258848484922,0.9875065623473234,0.9799377642780353,427
0.9700258848484922,0.9875065623473234,0.9799377642780353,428
0.9700258848484922,0.9875065623473234,0.9799377642780353,429
0.9700258848484922,0.9875065623473234,0.9799377642780353,430
0.9700258848484922,0.9875065623473234,0.9799377642780353,431
0.9700258848484922,0.9875065623473234,0.9799377642780353,432
0.9700258848484922,0.9875065623473234,0.9799377642780353,433
0.9700258848484922,0.9875065623473234,0.9799377642780353,434
0.9700258848484922,0.9875065623473234,0.9799377642780353,435
0.9700258848484922,0.9875065623473234,0.9799377642780353,436
0.9700258848484922,0.9875065623473234,0.9799377642780353,437
0.9700258848484922,0.9875065623473234,0.9799377642780353,438
0.9700258848484922,0.9875065623473234,0.9799377642780353,439
0.9700258848484922,0.9875065623473234,0.9799377642780353,440
0.9700258848484922,0.9875065623473234,0.9799377642780353,441
0.9700258848484922,0.9875065623473234,0.9799377642780353,442
0.9700258848484922,0.9875065623473234,0.9799377642780353,443
0.9700258848484922,0.9875065623473234,0.9799377642780353,444
0.9700258848484922,0.9875065623473234,0.9799377642780353,445
0.9700258848484922,0.9875065623473234,0.9799377642780353,446
0.9700258848484922,0.9875065623473234,0.9799377642780353,447
0.9700258848484922,0.9875065623473234,0.9799377642780353,448
0.9700258848484922,0.9875065623473234,0.9799377642780353,449
0.9700258848484922,0.9875065623473234,0.9799377642780353,450
0.9700258848484922,0.9875065623473234,0.9799377642780353,451
0.9700258848484922,0.9875065623473234,0.9799377642780353,452
0.9700258848484922,0.9875065623473234,0.9799377642780353,453
0.9700258848484922,0.9875065623473234,0.9799377642780353,454
0.9700258848484922,0.9875065623473234,0.9799377642780353,455
0.9700258848484922,0.9875065623473234,0.9799377642780353,456
0.9700258848484922,0.9875065623473234,0.9799377642780353,457
0.9700258848484922,0.9875065623473234,0.9799377642780353,458
0.9700258848484922,0.9875065623473234,0.9799377642780353,459
0.9700258848484922,0.9875065623473234,0.9799377642780353,460
0.9700258848484922,0.9875065623473234,0.9799377642780353,461
0.9700258848484922,0.9875065623473234,0.9799377642780353,462
0.9700258848484922,0.9875065623473234,0.9799377642780353,463
0.9700258848484922,0.9875065623473234,0.9799377642780353,464
0.9700258848484922,0.9875065623473234,0.9799377642780353,465
0.9700258848484922,0.9875065623473234,0.9799377642780353,466
0.9700258848484922,0.9875065623473234,0.9799377642780353,467
0.9700258848484922,0.9875065623473234,0.9799377642780353,468
0.9700258848484922,0.9875065623473234,0.9799377642780353,469
0.9700258848484922,0.9875065623473234,0.9799377642780353,470
0.9700258848484922,0.9875065623473234,0.9799377642780353,471
0.9700258848484922,0.9875065623473234,0.9799377642780353,472
0.9700258848484922,0.9875065623473234,0.9799377642780353,473
0.9700258848484922,0.9875065623473234,0.9799377642780353,474
0.9700258848484922,0.9875065623473234,0.9799377642780353,475
0.9700258848484922,0.9875065623473234,0.9799377642780353,476
0.9700258848484922,0.9875065623473234,0.9799377642780353,477
0.9700258848484922,0.9875065623473234,0.9799377642780353,478
0.9700258848484922,0.9875065623473234,0.9799377642780353,479
0.9700258848484922,0.9875065623473234,0.9799377642780353,480
0.9700258848484922,0.9875065623473234,0.9799377642780353,481
0.9700258848484922,0.9875065623473234,0.9799377642780353,482
0.9700258848484922,0.9875065623473234,0.9799377642780353,483
0.9700258848484922,0.9875065623473234,0.9799377642780353,484
0.9700258848484922,0.9875065623473234,0.9799377642780353,485
0.9700258848484922,0.9875065623473234,0.9799377642780353,486
0.9700258848484922,0.9875065623473234,0.9799377642780353,487
0.9700258848484922,0.9875065623473234,0.9799377642780353,488
0.9700258848484922,0.9875065623473234,0.9799377642780353,489
0.9700258848484922,0.9875065623473234,0.9799377642780353,490
0.9700258848484922,0.9875065623473234,0.9799377642780353,491
0.9700258848484922,0.9875065623473234,0.9799377642780353,492
0.9700258848484922,0.9875065623473234,0.9799377642780353,493
0.9700258848484922,0.9875065623473234,0.9799377642780353,494
0.9700258848484922,0.9875065623473234,0.9799377642780353,495
0.9700258848484922,0.9875065623473234,0.9799377642780353,496
0.9700258848484922,0.9875065623473234,0.9799377642780353,497
0.9700258848484922,0.9875065623473234,0.9799377642780353,498
0.9700258848484922,0.9875065623473234,0.9799377642780353,499
0.9700258848484922,0.9875065623473234,0.9799377642780353,500
0.9700258848484922,0.9875065623473234,0.9799377642780353,501
0.9700258848484922,0.9875065623473234,0.9799377642780353,502
0.9700258848484922,0.9875065623473234,0.9799377642780353,503
0.9700258848484922,0.9875065623473234,0.9799377642780353,504
0.9700258848484922,0.9875065623473234,0.9799377642780353,505
0.9700258848484922,0.9875065623473234,0.9799377642780353,506
0.9700258848484922,0.9875065623473234,0.9799377642780353,507
0.9700258848484922,0.9875065623473234,0.9799377642780353,508
0.9700258848484922,0.9875065623473234,0.9799377642780353,509
0.9700258848484922,0.9875065623473234,0.9799377642780353,510
0.9700258848484922,0.9875065623473234,0.9799377642780353,511
0.9700258848484922,0.9875065623473234,0.9799377642780353,512
0.9700258848484922,0.9875065623473234,0.9799377642780353,513
0.9700258848484922,0.9875065623473234,0.9799377642780353,514
0.9700258848484922,0.9875065623473234,0.9799377642780353,515
0.9700258848484922,0.9875065623473234,0.9799377642780353,516
0.9700258848484922,0.9875065623473234,0.9799377642780353,517
0.9700258848484922,0.9875065623473234,0.9799377642780353,518
0.9700258848484922,0.9875065623473234,0.9799377642780353,519
0.9700258848484922,0.9875065623473234,0.9799377642780353,520
0.9700258848484922,0.9875065623473234,0.9799377642780353,521
0.9700258848484922,0.9875065623473234,0.9799377642780353,522
0.9700258848484922,0.9875065623473234,0.9799377642780353,523
0.9700258848484922,0.9875065623473234,0.9799377642780353,524
0.9700258848484922,0.9875065623473234,0.9799377642780353,525
0.9700258848484922,0.9875065623473234,0.9799377642780353,526
0.9700258848484922,0.9875065623473234,0.9799377642780353,527
0.9700258848484922,0.9875065623473234,0.9799377642780353,528
0.9700258848484922,0.9875065623473234,0.9799377642780353,529
0.9700258848484922,0.9875065623473234,0.9799377642780353,530
0.9700258848484922,0.9875065623473234,0.9799377642780353,531
0.9700258848484922,0.9875065623473234,0.9799377642780353,532
0.9700258848484922,0.9875065623473234,0.9799377642780353,533
0.9700258848484922,0.9875065623473234,0.9799377642780353,534
0.9700258848484922,0.9875065623473234,0.9799377642780353,535
0.9700258848484922,0.9875065623473234,0.9799377642780353,536
0.9700258848484922,0.9875065623473234,0.9799377642780353,537
0.9700258848484922,0.9875065623473234,0.9799377642780353,538
0.9700258848484922,0.9875065623473234,0.9799377642780353,539
0.9700258848484922,0.9875065623473234,0.9799377642780353,540
0.9700258848484922,0.9875065623473234,0.9799377642780353,541
0.9700258848484922,0.9875065623473234,0.9799377642780353,542
0.9700258848484922,0.9875065623473234,0.9799377642780353,543
0.9700258848484922,0.9875065623473234,0.9799377642780353,544
0.9700258848484922,0.9875065623473234,0.9799377642780353,545
0.9700258848484922,0.9875065623473234,0.9799377642780353,546
0.9700258848484922,0.9875065623473234,0.9799377642780353,547
0.9700258848484922,0.9875065623473234,0.9799377642780353,548
0.9700258848484922,0.9875065623473234,0.9799377642780353,549
0.9700258848484922,0.9875065623473234,0.9799377642780353,550
0.9700258848484922,0.9875065623473234,0.9799377642780353,551
0.9700258848484922,0.9875065623473234,0.9799377642780353,552
0.9700258848484922,0.9875065623473234,0.9799377642780353,553
0.9700258848484922,0.9875065623473234,0.9799377642780353,554
0.9700258848484922,0.9875065623473234,0.9799377642780353,555
0.9700258848484922,0.9875065623473234,0.9799377642780353,556
0.9700258848484922,0.9875065623473234,0.9799377642780353,557
0.9700258848484922,0.9875065623473234,0.9799377642780353,558
0.9700258848484922,0.9875065623473234,0.9799377642780353,559
0.9700258848484922,0.9875065623473234,0.9799377642780353,560
0.9700258848484922,0.9875065623473234,0.9799377642780353,561
0.9700258848484922,0.9875065623473234,0.9799377642780353,562
0.9700258848484922,0.9875065623473234,0.9799377642780353,563
0.9700258848484922,0.9875065623473234,0.9799377642780353,564
0.9700258848484922,0.9875065623473234,0.9799377642780353,565
0.9700258848484922,0.9875065623473234,0.9799377642780353,566
0.9700258848484922,0.9875065623473234,0.9799377642780353,567
0.9700258848484922,0.9875065623473234,0.9799377642780353,568
0.9700258848484922,0.9875065623473234,0.9799377642780353,569
0.9700258848484922,0.9875065623473234,0.9799377642780353,570
0.9700258848484922,0.9875065623473234,0.9799377642780353,571
0.9700258848484922,0.9875065623473234,0.9799377642780353,572
0.9700258848484922,0.9875065623473234,0.9799377642780353,573
0.9700258848484922,0.9875065623473234,0.9799377642780353,574
0.9700258848484922,0.9875065623473234,0.9799377642780353,575
0.9700258848484922,0.9875065623473234,0.9799377642780353,576
0.9700258848484922,0.9875065623473234,0.9799377642780353,577
0.9700258848484922,0.9875065623473234,0.9799377642780353,578
0.9700258848484922,0.9875065623473234,0.9799377642780353,579
0.9700258848484922,0.9875065623473234,0.9799377642780353,580
0.9700258848484922,0.9875065623473234,0.9799377642780353,581
0.9700258848484922,0.9875065623473234,0.9799377642780353,582
0.9700258848484922,0.9875065623473234,0.9799377642780353,583
0.9700258848484922,0.9875065623473234,0.9799377642780353,584
0.9700258848484922,0.9875065623473234,0.9799377642780353,585
0.9700258848484922,0.9875065623473234,0.9799377642780353,586
0.9700258848484922,0.9875065623473234,0.9799377642780353,587
0.9700258848484922,0.9875065623473234,0.9799377642780353,588
0.9700258848484922,0.9875065623473234,0.9799377642780353,589
0.9700258848484922,0.9875065623473234,0.9799377642780353,590
0.9700258848484922,0.9875065623473234,0.9799377642780353,591
0.9700258848484922,0.9875065623473234,0.9799377642780353,592
0.9700258848484922,0.9875065623473234,0.9799377642780353,593
0.9700258848484922,0.9875065623473234,0.9799377642780353,594
0.9700258848484922,0.9875065623473234,0.9799377642780353,595
0.9700258848484922,0.9875065623473234,0.9799377642780353,596
0.9700258848484922,0.9875065623473234,0.9799377642780353,597
0.9700258848484922,0.9875065623473234,0.9799377642780353,598
0.9700258848484922,0.9875065623473234,0.9799377642780353,599
0.9700258848484922,0.9875065623473234,0.9799377642780353,600
0.9700258848484922,0.9875065623473234,0.9799377642780353,601
0.9700258848484922,0.9875065623473234,0.9799377642780353,602
0.9700258848484922,0.9875065623473234,0.9799377642780353,603
0.9700258848484922,0.9875065623473234,0.9799377642780353,604
0.9700258848484922,0.9875065623473234,0.9799377642780353,605
0.9700258848484922,0.9875065623473234,0.9799377642780353,606
0.9700258848484922,0.9875065623473234,0.9799377642780353,607
0.9700258848484922,0.9875065623473234,0.9799377642780353,608
0.9700258848484922,0.9875065623473234,0.9799377642780353,609
0.9700258848484922,0.9875065623473234,0.9799377642780353,610
0.9700258848484922,0.9875065623473234,0.9799377642780353,611
0.9700258848484922,0.9875065623473234,0.9799377642780353,612
0.9700258848484922,0.9875065623473234,0.9799377642780353,613
0.9700258848484922,0.9875065623473234,0.9799377642780353,614
0.9700258848484922,0.9875065623473234,0.9799377642780353,615
0.9700258848484922,0.9875065623473234,0.9799377642780353,616
0.9700258848484922,0.9875065623473234,0.9799377642780353,617
0.9700258848484922,0.9875065623473234,0.9799377642780353,618
0.9700258848484922,0.9875065623473234,0.9799377642780353,619
0.9700258848484922,0.9875065623473234,0.9799377642780353,620
0.9700258848484922,0.9875065623473234,0.9799377642780353,621
0.9700258848484922,0.9875065623473234,0.9799377642780353,622
0.9700258848484922,0.9875065623473234,0.9799377642780353,623
0.9700258848484922,0.9875065623473234,0.9799377642780353,624
0.9700258848484922,0.9875065623473234,0.9799377642780353,625
0.9700258848484922,0.9875065623473234,0.9799377642780353,626
0.9700258848484922,0.9875065623473234,0.9799377642780353,627
0.9700258848484922,0.9875065623473234,0.9799377642780353,628
0.9700258848484922,0.9875065623473234,0.9799377642780353,629
0.9700258848484922,0.9875065623473234,0.9799377642780353,630
0.9700258848484922,0.9875065623473234,0.9799377642780353,631
0.9700258848484922,0.9875065623473234,0.9799377642780353,632
0.9700258848484922,0.9875065623473234,0.9799377642780353,633
0.9700258848484922,0.9875065623473234,0.9799377642780353,634
0.9700258848484922,0.9875065623473234,0.9799377642780353,635
0.9700258848484922,0.9875065623473234,0.9799377642780353,636
0.9700258848484922,0.9875065623473234,0.9799377642780353,637
0.9700258848484922,0.9875065623473234,0.9799377642780353,638
0.9700258848484922,0.9875065623473234,0.9799377642780353,639
0.9700258848484922,0.9875065623473234,0.9799377642780353,640
0.9700258848484922,0.9875065623473234,0.9799377642780353,641
0.9700258848484922,0.9875065623473234,0.9799377642780353,642
0.9700258848484922,0.9875065623473234,0.9799377642780353,643
0.9700258848484922,0.9875065623473234,0.9799377642780353,644
0.9700258848484922,0.9875065623473234,0.9799377642780353,645
0.9700258848484922,0.9875065623473234,0.9799377642780353,646
0.9700258848484922,0.9875065623473234,0.9799377642780353,647
0.9700258848484922,0.9875065623473234,0.9799377642780353,648
0.9700258848484922,0.9875065623473234,0.9799377642780353,649
0.9700258848484922,0.9875065623473234,0.9799377642780353,650
0.9700258848484922,0.9875065623473234,0.9799377642780353,651
0.9700258848484922,0.9875065623473234,0.9799377642780353,652
0.9700258848484922,0.9875065623473234,0.9799377642780353,653
0.9700258848484922,0.9875065623473234,0.9799377642780353,654
0.9700258848484922,0.9875065623473234,0.9799377642780353,655
0.9700258848484922,0.9875065623473234,0.9799377642780353,656
0.9700258848484922,0.9875065623473234,0.9799377642780353,657
0.9700258848484922,0.9875065623473234,0.9799377642780353,658
0.9700258848484922,0.9875065623473234,0.9799377642780353,659
0.9700258848484922,0.9875065623473234,0.9799377642780353,660
0.9700258848484922,0.9875065623473234,0.9799377642780353,661
0.9700258848484922,0.9875065623473234,0.9799377642780353,662
0.9700258848484922,0.9875065623473234,0.9799377642780353,663
0.9700258848484922,0.9875065623473234,0.9799377642780353,664
0.9700258848484922,0.9875065623473234,0.9799377642780353,665
0.9700258848484922,0.9875065623473234,0.9799377642780353,666
0.9700258848484922,0.9875065623473234,0.9799377642780353,667
0.9700258848484922,0.9875065623473234,0.9799377642780353,668
0.9700258848484922,0.9875065623473234,0.9799377642780353,669
0.9700258848484922,0.9875065623473234,0.9799377642780353,670
0.9700258848484922,0.9875065623473234,0.9799377642780353,671
0.9700258848484922,0.9875065623473234,0.9799377642780353,672
0.9700258848484922,0.9875065623473234,0.9799377642780353,673
0.9700258848484922,0.9875065623473234,0.9799377642780353,674
0.9700258848484922,0.9875065623473234,0.9799377642780353,675
0.9700258848484922,0.9875065623473234,0.9799377642780353,676
0.9700258848484922,0.9875065623473234,0.9799377642780353,677
0.9700258848484922,0.9875065623473234,0.9799377642780353,678
0.9700258848484922,0.9875065623473234,0.9799377642780353,679
0.9700258848484922,0.9875065623473234,0.9799377642780353,680
0.9700258848484922,0.9875065623473234,0.9799377642780353,681
0.9700258848484922,0.9875065623473234,0.9799377642780353,682
0.9700258848484922,0.9875065623473234,0.9799377642780353,683
0.9700258848484922,0.9875065623473234,0.9799377642780353,684
0.9700258848484922,0.9875065623473234,0.9799377642780353,685
0.9700258848484922,0.9875065623473234,0.9799377642780353,686
0.9700258848484922,0.9875065623473234,0.9799377642780353,687
0.9700258848484922,0.9875065623473234,0.9799377642780353,688
0.9700258848484922,0.9875065623473234,0.9799377642780353,689
0.9700258848484922,0.9875065623473234,0.9799377642780353,690
0.9700258848484922,0.9875065623473234,0.9799377642780353,691
0.9700258848484922,0.9875065623473234,0.9799377642780353,692
0.9700258848484922,0.9875065623473234,0.9799377642780353,693
0.9700258848484922,0.9875065623473234,0.9799377642780353,694
0.9700258848484922,0.9875065623473234,0.9799377642780353,695
0.9700258848484922,0.9875065623473234,0.9799377642780353,696
0.9700258848484922,0.9875065623473234,0.9799377642780353,697
0.9700258848484922,0.9875065623473234,0.9799377642780353,698
0.9700258848484922,0.9875065623473234,0.9799377642780353,699
0.9700258848484922,0.9875065623473234,0.9799377642780353,700
0.9700258848484922,0.9875065623473234,0.9799377642780353,701
0.9700258848484922,0.9875065623473234,0.9799377642780353,702
0.9700258848484922,0.9875065623473234,0.9799377642780353,703
0.9700258848484922,0.9875065623473234,0.9799377642780353,704
0.9700258848484922,0.9875065623473234,0.9799377642780353,705
0.9700258848484922,0.9875065623473234,0.9799377642780353,706
0.9700258848484922,0.9875065623473234,0.9799377642780353,707
0.9700258848484922,0.9875065623473234,0.9799377642780353,708
0.9700258848484922,0.9875065623473234,0.9799377642780353,709
0.9700258848484922,0.9875065623473234,0.9799377642780353,710
0.9700258848484922,0.9875065623473234,0.9799377642780353,711
0.9700258848484922,0.9875065623473234,0.9799377642780353,712
0.9700258848484922,0.9875065623473234,0.9799377642780353,713
0.9700258848484922,0.9875065623473234,0.9799377642780353,714
0.9700258848484922,0.9875065623473234,0.9799377642780353,715
0.9700258848484922,0.9875065623473234,0.9799377642780353,716
0.9700258848484922,0.9875065623473234,0.9799377642780353,717
0.9700258848484922,0.9875065623473234,0.9799377642780353,718
0.9700258848484922,0.9875065623473234,0.9799377642780353,719
0.9700258848484922,0.9875065623473234,0.9799377642780353,720
0.9700258848484922,0.9875065623473234,0.9799377642780353,721
0.9700258848484922,0.9875065623473234,0.9799377642780353,722
0.9700258848484922,0.9875065623473234,0.9799377642780353,723
0.9700258848484922,0.9875065623473234,0.9799377642780353,724
0.9700258848484922,0.9875065623473234,0.9799377642780353,725
0.9700258848484922,0.9875065623473234,0.9799377642780353,726
0.9700258848484922,0.9875065623473234,0.9799377642780353,727
0.9700258848484922,0.9875065623473234,0.9799377642780353,728
0.9700258848484922,0.9875065623473234,0.9799377642780353,729
0.9700258848484922,0.9875065623473234,0.9799377642780353,730
0.9700258848484922,0.9875065623473234,0.9799377642780353,731
0.9700258848484922,0.9875065623473234,0.9799377642780353,732
0.9700258848484922,0.9875065623473234,0.9799377642780353,733
0.9700258848484922,0.9875065623473234,0.9799377642780353,734
0.9700258848484922,0.9875065623473234,0.9799377642780353,735
0.9700258848484922,0.9875065623473234,0.9799377642780353,736
0.9700258848484922,0.9875065623473234,0.9799377642780353,737
0.9700258848484922,0.9875065623473234,0.9799377642780353,738
0.9700258848484922,0.9875065623473234,0.9799377642780353,739
0.9700258848484922,0.9875065623473234,0.9799377642780353,740
0.9700258848484922,0.9875065623473234,0.9799377642780353,741
0.9700258848484922,0.9875065623473234,0.9799377642780353,742
0.9700258848484922,0.9875065623473234,0.9799377642780353,743
0.9700258848484922,0.9875065623473234,0.9799377642780353,744
0.9700258848484922,0.9875065623473234,0.9799377642780353,745
0.9700258848484922,0.9875065623473234,0.9799377642780353,746
0.9700258848484922,0.9875065623473234,0.9799377642780353,747
0.9700258848484922,0.9875065623473234,0.9799377642780353,748
0.9700258848484922,0.9875065623473234,0.9799377642780353,749
0.9700258848484922,0.9875065623473234,0.9799377642780353,750
0.9700258848484922,0.9875065623473234,0.9799377642780353,751
0.9700258848484922,0.9875065623473234,0.9799377642780353,752
0.9700258848484922,0.9875065623473234,0.9799377642780353,753
0.9700258848484922,0.9875065623473234,0.9799377642780353,754
0.9700258848484922,0.9875065623473234,0.9799377642780353,755
0.9700258848484922,0.9875065623473234,0.9799377642780353,756
0.9700258848484922,0.9875065623473234,0.9799377642780353,757
0.9700258848484922,0.9875065623473234,0.9799377642780353,758
0.9700258848484922,0.9875065623473234,0.9799377642780353,759
0.9700258848484922,0.9875065623473234,0.9799377642780353,760
0.9700258848484922,0.9875065623473234,0.9799377642780353,761
0.9700258848484922,0.9875065623473234,0.9799377642780353,762
0.9700258848484922,0.9875065623473234,0.9799377642780353,763
0.9700258848484922,0.9875065623473234,0.9799377642780353,764
0.9700258848484922,0.9875065623473234,0.9799377642780353,765
0.9700258848484922,0.9875065623473234,0.9799377642780353,766
0.9700258848484922,0.9875065623473234,0.9799377642780353,767
0.9700258848484922,0.9875065623473234,0.9799377642780353,768
0.9700258848484922,0.9875065623473234,0.9799377642780353,769
0.9700258848484922,0.9875065623473234,0.9799377642780353,770
0.9700258848484922,0.9875065623473234,0.9799377642780353,771
0.9700258848484922,0.9875065623473234,0.9799377642780353,772
0.9700258848484922,0.9875065623473234,0.9799377642780353,773
0.9700258848484922,0.9875065623473234,0.9799377642780353,774
0.9700258848484922,0.9875065623473234,0.9799377642780353,775
0.9700258848484922,0.9875065623473234,0.9799377642780353,776
0.9700258848484922,0.9875065623473234,0.9799377642780353,777
0.9700258848484922,0.9875065623473234,0.9799377642780353,778
0.9700258848484922,0.9875065623473234,0.9799377642780353,779
0.9700258848484922,0.9875065623473234,0.9799377642780353,780
0.9700258848484922,0.9875065623473234,0.9799377642780353,781
0.9700258848484922,0.9875065623473234,0.9799377642780353,782
0.9700258848484922,0.9875065623473234,0.9799377642780353,783
0.9700258848484922,0.9875065623473234,0.9799377642780353,784
0.9700258848484922,0.9875065623473234,0.9799377642780353,785
0.9700258848484922,0.9875065623473234,0.9799377642780353,786
0.9700258848484922,0.9875065623473234,0.9799377642780353,787
0.9700258848484922,0.9875065623473234,0.9799377642780353,788
0.9700258848484922,0.9875065623473234,0.9799377642780353,789
0.9700258848484922,0.9875065623473234,0.9799377642780353,790
0.9700258848484922,0.9875065623473234,0.9799377642780353,791
0.9700258848484922,0.9875065623473234,0.9799377642780353,792
0.9700258848484922,0.9875065623473234,0.9799377642780353,793
0.9700258848484922,0.9875065623473234,0.9799377642780353,794
0.9700258848484922,0.9875065623473234,0.9799377642780353,795
0.9700258848484922,0.9875065623473234,0.9799377642780353,796
0.9700258848484922,0.9875065623473234,0.9799377642780353,797
0.9700258848484922,0.9875065623473234,0.9799377642780353,798
0.9700258848484922,0.9875065623473234,0.9799377642780353,799
0.9700258848484922,0.9875065623473234,0.9799377642780353,800
0.9700258848484922,0.9875065623473234,0.9799377642780353,801
0.9700258848484922,0.9875065623473234,0.9799377642780353,802
0.9700258848484922,0.9875065623473234,0.9799377642780353,803
0.9700258848484922,0.9875065623473234,0.9799377642780353,804
0.9700258848484922,0.9875065623473234,0.9799377642780353,805
0.9700258848484922,0.9875065623473234,0.9799377642780353,806
0.9700258848484922,0.9875065623473234,0.9799377642780353,807
0.9700258848484922,0.9875065623473234,0.9799377642780353,808
0.9700258848484922,0.9875065623473234,0.9799377642780353,809
0.9700258848484922,0.9875065623473234,0.9799377642780353,810
0.9700258848484922,0.9875065623473234,0.9799377642780353,811
0.9700258848484922,0.9875065623473234,0.9799377642780353,812
0.9700258848484922,0.9875065623473234,0.9799377642780353,813
0.9700258848484922,0.9875065623473234,0.9799377642780353,814
0.9700258848484922,0.9875065623473234,0.9799377642780353,815
0.9700258848484922,0.9875065623473234,0.9799377642780353,816
0.9700258848484922,0.9875065623473234,0.9799377642780353,817
0.9700258848484922,0.9875065623473234,0.9799377642780353,818
0.9700258848484922,0.9875065623473234,0.9799377642780353,819
0.9700258848484922,0.9875065623473234,0.9799377642780353,820
0.9700258848484922,0.9875065623473234,0.9799377642780353,821
0.9700258848484922,0.9875065623473234,0.9799377642780353,822
0.9700258848484922,0.9875065623473234,0.9799377642780353,823
0.9700258848484922,0.9875065623473234,0.9799377642780353,824
0.9700258848484922,0.9875065623473234,0.9799377642780353,825
0.9700258848484922,0.9875065623473234,0.9799377642780353,826
0.9700258848484922,0.9875065623473234,0.9799377642780353,827
0.9700258848484922,0.9875065623473234,0.9799377642780353,828
0.9700258848484922,0.9875065623473234,0.9799377642780353,829
0.9700258848484922,0.9875065623473234,0.9799377642780353,830
0.9700258848484922,0.9875065623473234,0.9799377642780353,831
0.9700258848484922,0.9875065623473234,0.9799377642780353,832
0.9700258848484922,0.9875065623473234,0.9799377642780353,833
0.9700258848484922,0.9875065623473234,0.9799377642780353,834
0.9700258848484922,0.9875065623473234,0.9799377642780353,835
0.9700258848484922,0.9875065623473234,0.9799377642780353,836
0.9700258848484922,0.9875065623473234,0.9799377642780353,837
0.9700258848484922,0.9875065623473234,0.9799377642780353,838
0.9700258848484922,0.9875065623473234,0.9799377642780353,839
0.9700258848484922,0.9875065623473234,0.9799377642780353,840
0.9700258848484922,0.9875065623473234,0.9799377642780353,841
0.9700258848484922,0.9875065623473234,0.9799377642780353,842
0.9700258848484922,0.9875065623473234,0.9799377642780353,843
0.9700258848484922,0.9875065623473234,0.9799377642780353,844
0.9700258848484922,0.9875065623473234,0.9799377642780353,845
0.9700258848484922,0.9875065623473234,0.9799377642780353,846
0.9700258848484922,0.9875065623473234,0.9799377642780353,847
0.9700258848484922,0.9875065623473234,0.9799377642780353,848
0.9700258848484922,0.9875065623473234,0.9799377642780353,849
0.9700258848484922,0.9875065623473234,0.9799377642780353,850
0.9700258848484922,0.9875065623473234,0.9799377642780353,851
0.9700258848484922,0.9875065623473234,0.9799377642780353,852
0.9700258848484922,0.9875065623473234,0.9799377642780353,853
0.9700258848484922,0.9875065623473234,0.9799377642780353,854
0.9700258848484922,0.9875065623473234,0.9799377642780353,855
0.9700258848484922,0.9875065623473234,0.9799377642780353,856
0.9700258848484922,0.9875065623473234,0.9799377642780353,857
0.9700258848484922,0.9875065623473234,0.9799377642780353,858
0.9700258848484922,0.9875065623473234,0.9799377642780353,859
0.9700258848484922,0.9875065623473234,0.9799377642780353,860
0.9700258848484922,0.9875065623473234,0.9799377642780353,861
0.9700258848484922,0.9875065623473234,0.9799377642780353,862
0.9700258848484922,0.9875065623473234,0.9799377642780353,863
0.9700258848484922,0.9875065623473234,0.9799377642780353,864
0.9700258848484922,0.9875065623473234,0.9799377642780353,865
0.9700258848484922,0.9875065623473234,0.9799377642780353,866
0.9700258848484922,0.9875065623473234,0.9799377642780353,867
0.9700258848484922,0.9875065623473234,0.9799377642780353,868
0.9700258848484922,0.9875065623473234,0.9799377642780353,869
0.9700258848484922,0.9875065623473234,0.9799377642780353,870
0.9700258848484922,0.9875065623473234,0.9799377642780353,871
0.9700258848484922,0.9875065623473234,0.9799377642780353,872
0.9700258848484922,0.9875065623473234,0.9799377642780353,873
0.9700258848484922,0.9875065623473234,0.9799377642780353,874
0.9700258848484922,0.9875065623473234,0.9799377642780353,875
0.9700258848484922,0.9875065623473234,0.9799377642780353,876
0.9700258848484922,0.9875065623473234,0.9799377642780353,877
0.9700258848484922,0.9875065623473234,0.9799377642780353,878
0.9700258848484922,0.9875065623473234,0.9799377642780353,879
0.9700258848484922,0.9875065623473234,0.9799377642780353,880
0.9700258848484922,0.9875065623473234,0.9799377642780353,881
0.9700258848484922,0.9875065623473234,0.9799377642780353,882
0.9700258848484922,0.9875065623473234,0.9799377642780353,883
0.9700258848484922,0.9875065623473234,0.9799377642780353,884
0.9700258848484922,0.9875065623473234,0.9799377642780353,885
0.9700258848484922,0.9875065623473234,0.9799377642780353,886
0.9700258848484922,0.9875065623473234,0.9799377642780353,887
0.9700258848484922,0.9875065623473234,0.9799377642780353,888
0.9700258848484922,0.9875065623473234,0.9799377642780353,889
0.9700258848484922,0.9875065623473234,0.9799377642780353,890
0.9700258848484922,0.9875065623473234,0.9799377642780353,891
0.9700258848484922,0.9875065623473234,0.9799377642780353,892
0.9700258848484922,0.9875065623473234,0.9799377642780353,893
0.9700258848484922,0.9875065623473234,0.9799377642780353,894
0.9700258848484922,0.9875065623473234,0.9799377642780353,895
0.9700258848484922,0.9875065623473234,0.9799377642780353,896
0.9700258848484922,0.9875065623473234,0.9799377642780353,897
0.9700258848484922,0.9875065623473234,0.9799377642780353,898
0.9700258848484922,0.9875065623473234,0.9799377642780353,899
0.9700258848484922,0.9875065623473234,0.9799377642780353,900
0.9700258848484922,0.9875065623473234,0.9799377642780353,901
0.9700258848484922,0.9875065623473234,0.9799377642780353,902
0.9700258848484922,0.9875065623473234,0.9799377642780353,903
0.9700258848484922,0.9875065623473234,0.9799377642780353,904
0.9700258848484922,0.9875065623473234,0.9799377642780353,905
0.9700258848484922,0.9875065623473234,0.9799377642780353,906
0.9700258848484922,0.9875065623473234,0.9799377642780353,907
0.9700258848484922,0.9875065623473234,0.9799377642780353,908
0.9700258848484922,0.9875065623473234,0.9799377642780353,909
0.9700258848484922,0.9875065623473234,0.9799377642780353,910
0.9700258848484922,0.9875065623473234,0.9799377642780353,911
0.9700258848484922,0.9875065623473234,0.9799377642780353,912
0.9700258848484922,0.9875065623473234,0.9799377642780353,913
0.9700258848484922,0.9875065623473234,0.9799377642780353,914
0.9700258848484922,0.9875065623473234,0.9799377642780353,915
0.9700258848484922,0.9875065623473234,0.9799377642780353,916
0.9700258848484922,0.9875065623473234,0.9799377642780353,917
0.9700258848484922,0.9875065623473234,0.9799377642780353,918
0.9700258848484922,0.9875065623473234,0.9799377642780353,919
0.9700258848484922,0.9875065623473234,0.9799377642780353,920
0.9700258848484922,0.9875065623473234,0.9799377642780353,921
0.9700258848484922,0.9875065623473234,0.9799377642780353,922
0.9700258848484922,0.9875065623473234,0.9799377642780353,923
0.9700258848484922,0.9875065623473234,0.9799377642780353,924
0.9700258848484922,0.9875065623473234,0.9799377642780353,925
0.9700258848484922,0.9875065623473234,0.9799377642780353,926
0.9700258848484922,0.9875065623473234,0.9799377642780353,927
0.9700258848484922,0.9875065623473234,0.9799377642780353,928
0.9700258848484922,0.9875065623473234,0.9799377642780353,929
0.9700258848484922,0.9875065623473234,0.9799377642780353,930
0.9700258848484922,0.9875065623473234,0.9799377642780353,931
0.9700258848484922,0.9875065623473234,0.9799377642780353,932
0.9700258848484922,0.9875065623473234,0.9799377642780353,933
0.9700258848484922,0.9875065623473234,0.9799377642780353,934
0.9700258848484922,0.9875065623473234,0.9799377642780353,935
0.9700258848484922,0.9875065623473234,0.9799377642780353,936
0.9700258848484922,0.9875065623473234,0.9799377642780353,937
0.9700258848484922,0.9875065623473234,0.9799377642780353,938
0.9700258848484922,0.9875065623473234,0.9799377642780353,939
0.9700258848484922,0.9875065623473234,0.9799377642780353,940
0.9700258848484922,0.9875065623473234,0.9799377642780353,941
0.9700258848484922,0.9875065623473234,0.9799377642780353,942
0.9700258848484922,0.9875065623473234,0.9799377642780353,943
0.9700258848484922,0.9875065623473234,0.9799377642780353,944
0.9700258848484922,0.9875065623473234,0.9799377642780353,945
0.9700258848484922,0.9875065623473234,0.9799377642780353,946
0.9700258848484922,0.9875065623473234,0.9799377642780353,947
0.9700258848484922,0.9875065623473234,0.9799377642780353,948
0.9700258848484922,0.9875065623473234,0.9799377642780353,949
0.9700258848484922,0.9875065623473234,0.9799377642780353,950
0.9700258848484922,0.9875065623473234,0.9799377642780353,951
0.9700258848484922,0.9875065623473234,0.9799377642780353,952
0.9700258848484922,0.9875065623473234,0.9799377642780353,953
0.9700258848484922,0.9875065623473234,0.9799377642780353,954
0.9700258848484922,0.9875065623473234,0.9799377642780353,955
0.9700258848484922,0.9875065623473234,0.9799377642780353,956
0.9700258848484922,0.9875065623473234,0.9799377642780353,957
0.9700258848484922,0.9875065623473234,0.9799377642780353,958
0.9700258848484922,0.9875065623473234,0.9799377642780353,959
0.9700258848484922,0.9875065623473234,0.9799377642780353,960
0.9700258848484922,0.9875065623473234,0.9799377642780353,961
0.9700258848484922,0.9875065623473234,0.9799377642780353,962
0.9700258848484922,0.9875065623473234,0.9799377642780353,963
0.9700258848484922,0.9875065623473234,0.9799377642780353,964
0.9700258848484922,0.9875065623473234,0.9799377642780353,965
0.9700258848484922,0.9875065623473234,0.9799377642780353,966
0.9700258848484922,0.9875065623473234,0.9799377642780353,967
0.9700258848484922,0.9875065623473234,0.9799377642780353,968
0.9700258848484922,0.9875065623473234,0.9799377642780353,969
0.9700258848484922,0.9875065623473234,0.9799377642780353,970
0.9700258848484922,0.9875065623473234,0.9799377642780353,971
0.9700258848484922,0.9875065623473234,0.9799377642780353,972
0.9700258848484922,0.9875065623473234,0.9799377642780353,973
0.9700258848484922,0.9875065623473234,0.9799377642780353,974
0.9700258848484922,0.9875065623473234,0.9799377642780353,975
0.9700258848484922,0.9875065623473234,0.9799377642780353,976
0.9700258848484922,0.9875065623473234,0.9799377642780353,977
0.9700258848484922,0.9875065623473234,0.9799377642780353,978
0.9700258848484922,0.9875065623473234,0.9799377642780353,979
0.9700258848484922,0.9875065623473234,0.9799377642780353,980
0.9700258848484922,0.9875065623473234,0.9799377642780353,981
0.9700258848484922,0.9875065623473234,0.9799377642780353,982
0.9700258848484922,0.9875065623473234,0.9799377642780353,983
0.9700258848484922,0.9875065623473234,0.9799377642780353,984
0.9700258848484922,0.9875065623473234,0.9799377642780353,985
0.9700258848484922,0.9875065623473234,0.9799377642780353,986
0.9700258848484922,0.9875065623473234,0.9799377642780353,987
0.9700258848484922,0.9875065623473234,0.9799377642780353,988
0.9700258848484922,0.9875065623473234,0.9799377642780353,989
0.9700258848484922,0.9875065623473234,0.9799377642780353,990
0.9700258848484922,0.9875065623473234,0.9799377642780353,991
0.9700258848484922,0.9875065623473234,0.9799377642780353,992
0.9700258848484922,0.9875065623473234,0.9799377642780353,993
0.9700258848484922,0.9875065623473234,0.9799377642780353,994
0.9700258848484922,0.9875065623473234,0.9799377642780353,995
0.9700258848484922,0.9875065623473234,0.9799377642780353,996
0.9700258848484922,0.9875065623473234,0.9799377642780353,997
0.9700258848484922,0.9875065623473234,0.9799377642780353,998
0.9700258848484922,0.9875065623473234,0.9799377642780353,999
0.9700258848484922,0.9875065623473234,0.9799377642780353,1000
0.9700258848484922,0.9875065623473234,0.9799377642780353,1001
0.9700258848484922,0.9875065623473234,0.9799377642780353,1002
0.9700258848484922,0.9875065623473234,0.9799377642780353,1003
0.9700258848484922,0.9875065623473234,0.9799377642780353,1004
0.9700258848484922,0.9875065623473234,0.9799377642780353,1005
0.9700258848484922,0.9875065623473234,0.9799377642780353,1006
0.9700258848484922,0.9875065623473234,0.9799377642780353,1007
0.9700258848484922,0.9875065623473234,0.9799377642780353,1008
0.9700258848484922,0.9875065623473234,0.9799377642780353,1009
0.9700258848484922,0.9875065623473234,0.9799377642780353,1010
0.9700258848484922,0.9875065623473234,0.9799377642780353,1011
0.9700258848484922,0.9875065623473234,0.9799377642780353,1012
0.9700258848484922,0.9875065623473234,0.9799377642780353,1013
0.9700258848484922,0.9875065623473234,0.9799377642780353,1014
0.9700258848484922,0.9875065623473234,0.9799377642780353,1015
0.9700258848484922,0.9875065623473234,0.9799377642780353,1016
0.9700258848484922,0.9875065623473234,0.9799377642780353,1017
0.9700258848484922,0.9875065623473234,0.9799377642780353,1018
0.9700258848484922,0.9875065623473234,0.9799377642780353,1019
0.9700258848484922,0.9875065623473234,0.9799377642780353,1020
0.9700258848484922,0.9875065623473234,0.9799377642780353,1021
0.9700258848484922,0.9875065623473234,0.9799377642780353,1022
0.9700258848484922,0.9875065623473234,0.9799377642780353,1023
0.9700258848484922,0.9875065623473234,0.9799377642780353,1024
0.9700258848484922,0.9875065623473234,0.9799377642780353,1025
0.9700258848484922,0.9875065623473234,0.9799377642780353,1026
0.9700258848484922,0.9875065623473234,0.9799377642780353,1027
0.9700258848484922,0.9875065623473234,0.9799377642780353,1028
0.9700258848484922,0.9875065623473234,0.9799377642780353,1029
0.9700258848484922,0.9875065623473234,0.9799377642780353,1030
0.9700258848484922,0.9875065623473234,0.9799377642780353,1031
0.9700258848484922,0.9875065623473234,0.9799377642780353,1032
0.9700258848484922,0.9875065623473234,0.9799377642780353,1033
0.9700258848484922,0.9875065623473234,0.9799377642780353,1034
0.9700258848484922,0.9875065623473234,0.9799377642780353,1035
0.9700258848484922,0.9875065623473234,0.9799377642780353,1036
0.9700258848484922,0.9875065623473234,0.9799377642780353,1037
0.9700258848484922,0.9875065623473234,0.9799377642780353,1038
0.9700258848484922,0.9875065623473234,0.9799377642780353,1039
0.9700258848484922,0.9875065623473234,0.9799377642780353,1040
0.9700258848484922,0.9875065623473234,0.9799377642780353,1041
0.9700258848484922,0.9875065623473234,0.9799377642780353,1042
0.9700258848484922,0.9875065623473234,0.9799377642780353,1043
0.9700258848484922,0.9875065623473234,0.9799377642780353,1044
0.9700258848484922,0.9875065623473234,0.9799377642780353,1045
0.9700258848484922,0.9875065623473234,0.9799377642780353,1046
0.9700258848484922,0.9875065623473234,0.9799377642780353,1047
0.9700258848484922,0.9875065623473234,0.9799377642780353,1048
0.9700258848484922,0.9875065623473234,0.9799377642780353,1049
0.9700258848484922,0.9875065623473234,0.9799377642780353,1050
0.9700258848484922,0.9875065623473234,0.9799377642780353,1051
0.9700258848484922,0.9875065623473234,0.9799377642780353,1052
0.9700258848484922,0.9875065623473234,0.9799377642780353,1053
0.9700258848484922,0.9875065623473234,0.9799377642780353,1054
0.9700258848484922,0.9875065623473234,0.9799377642780353,1055
0.9700258848484922,0.9875065623473234,0.9799377642780353,1056
0.9700258848484922,0.9875065623473234,0.9799377642780353,1057
0.9700258848484922,0.9875065623473234,0.9799377642780353,1058
0.9700258848484922,0.9875065623473234,0.9799377642780353,1059
0.9700258848484922,0.9875065623473234,0.9799377642780353,1060
0.9700258848484922,0.9875065623473234,0.9799377642780353,1061
0.9700258848484922,0.9875065623473234,0.9799377642780353,1062
0.9700258848484922,0.9875065623473234,0.9799377642780353,1063
0.9700258848484922,0.9875065623473234,0.9799377642780353,1064
0.9700258848484922,0.9875065623473234,0.9799377642780353,1065
0.9700258848484922,0.9875065623473234,0.9799377642780353,1066
0.9700258848484922,0.9875065623473234,0.9799377642780353,1067
0.9700258848484922,0.9875065623473234,0.9799377642780353,1068
0.9700258848484922,0.9875065623473234,0.9799377642780353,1069
0.9700258848484922,0.9875065623473234,0.9799377642780353,1070
0.9700258848484922,0.9875065623473234,0.9799377642780353,1071
0.9700258848484922,0.9875065623473234,0.9799377642780353,1072
0.9700258848484922,0.9875065623473234,0.9799377642780353,1073
0.9700258848484922,0.9875065623473234,0.9799377642780353,1074
0.9700258848484922,0.9875065623473234,0.9799377642780353,1075
0.9700258848484922,0.9875065623473234,0.9799377642780353,1076
0.9700258848484922,0.9875065623473234,0.9799377642780353,1077
0.9700258848484922,0.9875065623473234,0.9799377642780353,1078
0.9700258848484922,0.9875065623473234,0.9799377642780353,1079
0.9700258848484922,0.9875065623473234,0.9799377642780353,1080
0.9700258848484922,0.9875065623473234,0.9799377642780353,1081
0.9700258848484922,0.9875065623473234,0.9799377642780353,1082
0.9700258848484922,0.9875065623473234,0.9799377642780353,1083
0.9700258848484922,0.9875065623473234,0.9799377642780353,1084
0.9700258848484922,0.9875065623473234,0.9799377642780353,1085
0.9700258848484922,0.9875065623473234,0.9799377642780353,1086
0.9700258848484922,0.9875065623473234,0.9799377642780353,1087
0.9700258848484922,0.9875065623473234,0.9799377642780353,1088
0.9700258848484922,0.9875065623473234,0.9799377642780353,1089
0.9700258848484922,0.9875065623473234,0.9799377642780353,1090
0.9700258848484922,0.9875065623473234,0.9799377642780353,1091
0.9700258848484922,0.9875065623473234,0.9799377642780353,1092
0.9700258848484922,0.9875065623473234,0.9799377642780353,1093
0.9700258848484922,0.9875065623473234,0.9799377642780353,1094
0.9700258848484922,0.9875065623473234,0.9799377642780353,1095
0.9700258848484922,0.9875065623473234,0.9799377642780353,1096
0.9700258848484922,0.9875065623473234,0.9799377642780353,1097
0.9700258848484922,0.9875065623473234,0.9799377642780353,1098
0.9700258848484922,0.9875065623473234,0.9799377642780353,1099
0.9700258848484922,0.9875065623473234,0.9799377642780353,1100
0.9700258848484922,0.9875065623473234,0.9799377642780353,1101
0.9700258848484922,0.9875065623473234,0.9799377642780353,1102
0.9700258848484922,0.9875065623473234,0.9799377642780353,1103
0.9700258848484922,0.9875065623473234,0.9799377642780353,1104
0.9700258848484922,0.9875065623473234,0.9799377642780353,1105
0.9700258848484922,0.9875065623473234,0.9799377642780353,1106
0.9700258848484922,0.9875065623473234,0.9799377642780353,1107
0.9700258848484922,0.9875065623473234,0.9799377642780353,1108
0.9700258848484922,0.9875065623473234,0.9799377642780353,1109
0.9700258848484922,0.9875065623473234,0.9799377642780353,1110
0.9700258848484922,0.9875065623473234,0.9799377642780353,1111
0.9700258848484922,0.9875065623473234,0.9799377642780353,1112
0.9700258848484922,0.9875065623473234,0.9799377642780353,1113
0.9700258848484922,0.9875065623473234,0.9799377642780353,1114
0.9700258848484922,0.9875065623473234,0.9799377642780353,1115
0.9700258848484922,0.9875065623473234,0.9799377642780353,1116
0.9700258848484922,0.9875065623473234,0.9799377642780353,1117
0.9700258848484922,0.9875065623473234,0.9799377642780353,1118
0.9700258848484922,0.9875065623473234,0.9799377642780353,1119
0.9700258848484922,0.9875065623473234,0.9799377642780353,1120
0.9700258848484922,0.9875065623473234,0.9799377642780353,1121
0.9700258848484922,0.9875065623473234,0.9799377642780353,1122
0.9700258848484922,0.9875065623473234,0.9799377642780353,1123
0.9700258848484922,0.9875065623473234,0.9799377642780353,1124
0.9700258848484922,0.9875065623473234,0.9799377642780353,1125
0.9700258848484922,0.9875065623473234,0.9799377642780353,1126
0.9700258848484922,0.9875065623473234,0.9799377642780353,1127
0.9700258848484922,0.9875065623473234,0.9799377642780353,1128
0.9700258848484922,0.9875065623473234,0.9799377642780353,1129
0.9700258848484922,0.9875065623473234,0.9799377642780353,1130
0.9700258848484922,0.9875065623473234,0.9799377642780353,1131
0.9700258848484922,0.9875065623473234,0.9799377642780353,1132
0.9700258848484922,0.9875065623473234,0.9799377642780353,1133
0.9700258848484922,0.9875065623473234,0.9799377642780353,1134
0.9700258848484922,0.9875065623473234,0.9799377642780353,1135
0.9700258848484922,0.9875065623473234,0.9799377642780353,1136
0.9700258848484922,0.9875065623473234,0.9799377642780353,1137
0.9700258848484922,0.9875065623473234,0.9799377642780353,1138
0.9700258848484922,0.9875065623473234,0.9799377642780353,1139
0.9700258848484922,0.9875065623473234,0.9799377642780353,1140
0.9700258848484922,0.9875065623473234,0.9799377642780353,1141
0.9700258848484922,0.9875065623473234,0.9799377642780353,1142
0.9700258848484922,0.9875065623473234,0.9799377642780353,1143
0.9700258848484922,0.9875065623473234,0.9799377642780353,1144
0.9700258848484922,0.9875065623473234,0.9799377642780353,1145
0.9700258848484922,0.9875065623473234,0.9799377642780353,1146
0.9700258848484922,0.9875065623473234,0.9799377642780353,1147
0.9700258848484922,0.9875065623473234,0.9799377642780353,1148
0.9700258848484922,0.9875065623473234,0.9799377642780353,1149
0.9700258848484922,0.9875065623473234,0.9799377642780353,1150
0.9700258848484922,0.9875065623473234,0.9799377642780353,1151
0.9700258848484922,0.9875065623473234,0.9799377642780353,1152
0.9700258848484922,0.9875065623473234,0.9799377642780353,1153
0.9700258848484922,0.9875065623473234,0.9799377642780353,1154
0.9700258848484922,0.9875065623473234,0.9799377642780353,1155
0.9700258848484922,0.9875065623473234,0.9799377642780353,1156
0.9700258848484922,0.9875065623473234,0.9799377642780353,1157
0.9700258848484922,0.9875065623473234,0.9799377642780353,1158
0.9700258848484922,0.9875065623473234,0.9799377642780353,1159
0.9700258848484922,0.9875065623473234,0.9799377642780353,1160
0.9700258848484922,0.9875065623473234,0.9799377642780353,1161
0.9700258848484922,0.9875065623473234,0.9799377642780353,1162
0.9700258848484922,0.9875065623473234,0.9799377642780353,1163
0.9700258848484922,0.9875065623473234,0.9799377642780353,1164
0.9700258848484922,0.9875065623473234,0.9799377642780353,1165
0.9700258848484922,0.9875065623473234,0.9799377642780353,1166
0.9700258848484922,0.9875065623473234,0.9799377642780353,1167
0.9700258848484922,0.9875065623473234,0.9799377642780353,1168
0.9700258848484922,0.9875065623473234,0.9799377642780353,1169
0.9700258848484922,0.9875065623473234,0.9799377642780353,1170
0.9700258848484922,0.9875065623473234,0.9799377642780353,1171
0.9700258848484922,0.9875065623473234,0.9799377642780353,1172
0.9700258848484922,0.9875065623473234,0.9799377642780353,1173
0.9700258848484922,0.9875065623473234,0.9799377642780353,1174
0.9700258848484922,0.9875065623473234,0.9799377642780353,1175
0.9700258848484922,0.9875065623473234,0.9799377642780353,1176
0.9700258848484922,0.9875065623473234,0.9799377642780353,1177
0.9700258848484922,0.9875065623473234,0.9799377642780353,1178
0.9700258848484922,0.9875065623473234,0.9799377642780353,1179
0.9700258848484922,0.9875065623473234,0.9799377642780353,1180
0.9700258848484922,0.9875065623473234,0.9799377642780353,1181
0.9700258848484922,0.9875065623473234,0.9799377642780353,1182
0.9700258848484922,0.9875065623473234,0.9799377642780353,1183
0.9700258848484922,0.9875065623473234,0.9799377642780353,1184
0.9700258848484922,0.9875065623473234,0.9799377642780353,1185
0.9700258848484922,0.9875065623473234,0.9799377642780353,1186
0.9700258848484922,0.9875065623473234,0.9799377642780353,1187
0.9700258848484922,0.9875065623473234,0.9799377642780353,1188
0.9700258848484922,0.9875065623473234,0.9799377642780353,1189
0.9700258848484922,0.9875065623473234,0.9799377642780353,1190
0.9700258848484922,0.9875065623473234,0.9799377642780353,1191
0.9700258848484922,0.9875065623473234,0.9799377642780353,1192
0.9700258848484922,0.9875065623473234,0.9799377642780353,1193
0.9700258848484922,0.9875065623473234,0.9799377642780353,1194
0.9700258848484922,0.9875065623473234,0.9799377642780353,1195
0.9700258848484922,0.9875065623473234,0.9799377642780353,1196
0.9700258848484922,0.9875065623473234,0.9799377642780353,1197
0.9700258848484922,0.9875065623473234,0.9799377642780353,1198
0.9700258848484922,0.9875065623473234,0.9799377642780353,1199
0.9700258848484922,0.9875065623473234,0.9799377642780353,1200
