mu_chain_1,tau_chain_1,phi_chain_1,mu_chain_2,tau_chain_2,phi_chain_2
0.3866911477499203,0.5752709660911887,0.9125744628525413,0.427320800161994,0.5808911802701145,0.8191923070000335
0.4164659337027894,0.5752709660911887,0.9125744628525413,0.3968578605280776,0.5750090841258407,0.8191923070000335
0.35560660720900666,0.5455348990756761,0.905886773374904,0.40569531961093547,0.5750090841258407,0.8280482105956429
0.3627174750260391,0.5455348990756761,0.905886773374904,0.4114990988534996,0.5750090841258407,0.8572077165828368
0.4064857875189643,0.5455348990756761,0.9053237061291461,0.4251913619259645,0.5750090841258407,0.8653300241961949
0.37530794679875573,0.5455348990756761,0.9053237061291461,0.40494534206721977,0.5715973947591783,0.8697307080238676
0.3448332048949639,0.5455348990756761,0.9053237061291461,0.3863833535345505,0.5715973947591783,0.8339894824297531
0.37803086933366375,0.5453402099526303,0.8823944959254596,0.4307535811795856,0.5715973947591783,0.822503772986897
0.3852931151579908,0.5453402099526303,0.8688107684531892,0.40764936442066163,0.5715973947591783,0.8527268663302564
0.39350633629641696,0.5453402099526303,0.8779594704615072,0.4137631964032891,0.5715973947591783,0.8503353462220666
0.3573714496484864,0.5453402099526303,0.8885351615234056,0.39833321152053924,0.5715973947591783,0.8611461146672724
0.38194910228707407,0.5453402099526303,0.8699467764572468,0.3860566566820244,0.5715973947591783,0.8796150878231359
0.3496477645798289,0.5453402099526303,0.8699467764572468,0.3654912500886805,0.5715973947591783,0.8909448692062402
0.3724354810807182,0.5503981337903106,0.8699467764572468,0.40411027324123777,0.5715973947591783,0.893504962827095
0.34463400311449477,0.5503981337903106,0.864630455713673,0.38174815443977483,0.5617930107833323,0.8886469287224668
0.3342755211853284,0.5503981337903106,0.8776617623057971,0.4163395883133603,0.5617930107833323,0.8886469287224668
0.32665168634015473,0.5503981337903106,0.8976810561249267,0.4535431598071583,0.5828810626991875,0.9004378646216549
0.3153012261906755,0.5503981337903106,0.9025604787626992,0.42563541420115897,0.5828810626991875,0.9046097091289325
0.3283443142286708,0.5503981337903106,0.9025604787626992,0.4175214917901432,0.5828810626991875,0.8839567031529098
0.3929260854481248,0.5503981337903106,0.8734052272663847,0.4814628086600495,0.5828810626991875,0.8758884710952973
0.3866991881214731,0.5503981337903106,0.8734052272663847,0.43655219295761805,0.5828810626991875,0.8921028219244529
0.3914718909479892,0.5503981337903106,0.8734052272663847,0.43982982082817623,0.5828810626991875,0.8921028219244529
0.38988142950813837,0.5503981337903106,0.8927303583894556,0.4568750505128951,0.5828810626991875,0.9019441568640172
0.40873313098237524,0.5503981337903106,0.8956443197776869,0.46266046392558463,0.5828810626991875,0.9019441568640172
0.3958509588395562,0.5537401069946573,0.8976080732978389,0.4648090140245703,0.5828810626991875,0.8968269207756508
0.41119554706208855,0.5537401069946573,0.9120893705785564,0.4316944853982798,0.5828810626991875,0.8734290287438032
0.3807004179765765,0.5537401069946573,0.9211829418745143,0.443918464494656,0.5828810626991875,0.8638582471926315
0.39213248896646397,0.5537401069946573,0.9211829418745143,0.4501664612222717,0.5828810626991875,0.8798356490564916
0.4322423027771176,0.5537401069946573,0.9209059349302219,0.4530655160429987,0.5828810626991875,0.8798356490564916
0.3916838720316312,0.5537401069946573,0.9278407114694326,0.4550707033025947,0.5828810626991875,0.8768145076994994
0.40916896480229814,0.5537401069946573,0.9191300538087298,0.48834931238206,0.5828810626991875,0.8902197694106943
0.4324530032099145,0.5537401069946573,0.9121205292335569,0.4647683937806246,0.5828810626991875,0.9122403024889737
0.40319336216823043,0.5537401069946573,0.9121205292335569,0.4387559518851997,0.5828810626991875,0.924430021320984
0.39462838448395154,0.5537401069946573,0.915885495030395,0.41811513052397886,0.5828810626991875,0.9223234846861788
0.3781793373821927,0.5537401069946573,0.915885495030395,0.3980073141306702,0.5805548438233064,0.9223234846861788
0.36867663273421414,0.5537401069946573,0.915885495030395,0.43434835954491335,0.5687855830211268,0.9262151696926982
0.41083945688246665,0.5537401069946573,0.9202193196442587,0.468969816924165,0.5825412451218228,0.9262151696926982
0.4011886855783961,0.5537401069946573,0.9247063743392824,0.401271891320016,0.5808179148279456,0.9394793147481072
0.43117839276369146,0.5537401069946573,0.926041703823297,0.39964542988231455,0.5808179148279456,0.9394793147481072
0.42381034884500196,0.5537401069946573,0.9398125280225832,0.44929198625977806,0.5808179148279456,0.9480382802626522
0.4031470831865459,0.5537401069946573,0.9373654089313439,0.456007566972202,0.5808179148279456,0.9436914370833436
0.4110643541559726,0.5537401069946573,0.9353040955302278,0.4389571883727651,0.5808179148279456,0.9241645749106382
0.419397859034403,0.5537401069946573,0.9354014251379613,0.44700428780667756,0.5941423250903165,0.9212554719579401
0.4228120840946985,0.5537401069946573,0.9249349210987922,0.4519093655746877,0.5941423250903165,0.9212554719579401
0.43742988113240017,0.5462697198189971,0.9366543006919604,0.4060370395265853,0.5941423250903165,0.924132511487064
0.4010745969613665,0.5462697198189971,0.9366543006919604,0.38374490840320086,0.5941423250903165,0.9128931933263753
0.43326370268823616,0.5462697198189971,0.941920609212815,0.41351400331989263,0.5941423250903165,0.9128931933263753
0.37837327788738906,0.5462697198189971,0.93575084727468,0.38241520777128035,0.5787380757754494,0.9128931933263753
0.3718471549208307,0.5462697198189971,0.93575084727468,0.4002098379923599,0.5673135105862507,0.9280889017492312
0.3696124692841404,0.5462697198189971,0.9275601313505052,0.38258585507849013,0.5673135105862507,0.9334737779175416
0.3771285711114512,0.5462697198189971,0.9393562804359078,0.3686578688969049,0.5673135105862507,0.9284459679629647
0.3756258664672895,0.5462697198189971,0.9256881286976812,0.3486816437470721,0.5673135105862507,0.9209312249389797
0.3662138726474292,0.5462697198189971,0.9199928182517823,0.38094044475791,0.5673135105862507,0.9294486703288937
0.38219669250944444,0.5462697198189971,0.9199928182517823,0.371416336004539,0.5673135105862507,0.9196456712976387
0.42217709642123574,0.5507470142915424,0.9148652598111758,0.3699737890010219,0.5767472149872191,0.9298616375743473
0.4090278968852129,0.5507470142915424,0.9294770880995208,0.36012356869352236,0.5767472149872191,0.9302034253570318
0.37671302898968906,0.5507470142915424,0.9266087351798509,0.3842515856545347,0.5767472149872191,0.9317786961185414
0.38724100638333725,0.5507470142915424,0.9266087351798509,0.34267009539164317,0.5767472149872191,0.9187861336410953
0.3950337083414859,0.5507470142915424,0.9266087351798509,0.3592044215981212,0.5767472149872191,0.9102054710584887
0.4159762747761372,0.5451754614879888,0.9129680919140263,0.39079822164488165,0.5767472149872191,0.895517708992637
0.39182570036112785,0.5451754614879888,0.923352682719609,0.3601619278828213,0.5767472149872191,0.895517708992637
0.43165968630060675,0.5451754614879888,0.9209058871081663,0.3341285432045429,0.5767472149872191,0.9006470885553925
0.4014211687527379,0.5451754614879888,0.9226106273998921,0.3084944871773748,0.5767472149872191,0.9117961763948033
0.4082609767616867,0.5451754614879888,0.897295620039033,0.34696151697322125,0.5528723789903095,0.8976872427845198
0.3572405548586227,0.5451754614879888,0.8872118970449054,0.3232202976549859,0.5528723789903095,0.9052121514378861
0.37256953295347434,0.5451754614879888,0.8960199140531466,0.31011233249131115,0.5528723789903095,0.9019848226700642
0.37948517663176806,0.5530640845101719,0.8896648161562591,0.32269135556987427,0.5528723789903095,0.8895038932952263
0.3764840533156394,0.5530640845101719,0.8896648161562591,0.33178467648829935,0.5528723789903095,0.8659814098581322
0.3307675648698446,0.5604897257437126,0.8871248551197582,0.3423514333253709,0.5528723789903095,0.8807482644818762
0.31869020638648743,0.5604897257437126,0.8738715365958657,0.36686850292418205,0.5528723789903095,0.8790110177771023
0.3096322177124009,0.5604897257437126,0.8776916491696368,0.37554814291201355,0.5528723789903095,0.8790110177771023
0.31022032293510127,0.5604897257437126,0.8609003405450826,0.3584869819990614,0.5528723789903095,0.8782595805120235
0.34407882428313763,0.5604897257437126,0.8174363632530761,0.35070247518029574,0.5444749672576709,0.86480277546631
0.3750998605054607,0.5604897257437126,0.8174363632530761,0.3676871573846563,0.5444749672576709,0.880808352539776
0.38821955434876226,0.5604897257437126,0.8373335211510982,0.36807237853214253,0.5444749672576709,0.880808352539776
0.35568546568018006,0.5604897257437126,0.8299402375725022,0.40393943230774676,0.5444749672576709,0.880808352539776
0.4002131160861695,0.5604897257437126,0.8678335018304868,0.4155505274471593,0.5444749672576709,0.880808352539776
0.42416913632277187,0.5604897257437126,0.793890608467898,0.4116716590003625,0.5289817644368169,0.8848399691712361
0.4120361142814258,0.5604897257437126,0.8278058883508133,0.40367241370015644,0.5289817644368169,0.8921910847399819
0.3885686069351259,0.5604897257437126,0.8278058883508133,0.43144798056396855,0.5289817644368169,0.882263832280332
0.352194873026202,0.5604897257437126,0.8232423520791886,0.42286162094753754,0.5323726994909758,0.882263832280332
0.36427594901340576,0.534389720633676,0.8232423520791886,0.4227455600692704,0.5323726994909758,0.8935538498695094
0.33054684258462624,0.534389720633676,0.8149742894539705,0.3876393678455714,0.5323726994909758,0.8915743250526603
0.3534832055025396,0.534389720633676,0.8149742894539705,0.3782967561618766,0.5323726994909758,0.8663964312827883
0.3310015577398153,0.533679379966119,0.8149742894539705,0.38647799252646764,0.5323726994909758,0.8752247448595344
0.34410807030645685,0.533679379966119,0.8347881853697194,0.39223612978773387,0.5522374419451226,0.8752247448595344
0.3548148962681013,0.520041533613999,0.8347881853697194,0.38121844169998464,0.5522374419451226,0.8713028381682232
0.32643538822505536,0.520041533613999,0.814223326149214,0.4057046621031933,0.5522374419451226,0.8713028381682232
0.31750240844292216,0.520041533613999,0.8253346084528874,0.42175323987446167,0.5522374419451226,0.8144803334095061
0.3390578087497757,0.5217709904283921,0.8253346084528874,0.4098030093647151,0.5522374419451226,0.789590032714643
0.3797133028411658,0.500795313897669,0.8702813203473702,0.4611147042930939,0.5522374419451226,0.789590032714643
0.36373200500343567,0.500795313897669,0.8894656841813064,0.4195595089004809,0.5522374419451226,0.7903721780184525
0.37399627394930335,0.500795313897669,0.8894656841813064,0.41608234476167294,0.5522374419451226,0.7882964593802038
0.3761071735201221,0.5073956831455247,0.8959724947388953,0.4058766234932415,0.5522374419451226,0.7882964593802038
0.33949891371151697,0.5134507176252362,0.8959724947388953,0.37584004358021117,0.549869527773376,0.7929160200748198
0.36404802005185166,0.5056788380446283,0.9017422463526749,0.3900342258847441,0.549869527773376,0.7929160200748198
0.31708983500714416,0.5056788380446283,0.8901269890570751,0.3867317148176986,0.549869527773376,0.7748270908791666
0.32914135136075884,0.5056788380446283,0.9118026158150766,0.3890013470027014,0.549869527773376,0.7951145405225022
0.3340427944820518,0.5056788380446283,0.9118026158150766,0.37333078184471524,0.5596083229173328,0.7951145405225022
0.3495247682902977,0.5056788380446283,0.9259592063132304,0.3701510732079193,0.5596083229173328,0.7951145405225022
0.34223273695465184,0.5056788380446283,0.9343347350440672,0.3710880422407778,0.5596083229173328,0.7951145405225022
0.33615457253698977,0.5056788380446283,0.9343347350440672,0.4019908607373826,0.5596083229173328,0.794667999294497
0.35370886007998065,0.5056788380446283,0.9343347350440672,0.3942002142429655,0.5596083229173328,0.794667999294497
0.3746582216991746,0.5056788380446283,0.9511487751349617,0.39271593611373223,0.5596083229173328,0.7992355271972852
0.3554626915217038,0.5056788380446283,0.9515376264988422,0.35227158997726005,0.5594378099979692,0.7992355271972852
0.3544093934419107,0.5056788380446283,0.9515376264988422,0.33803304552219327,0.5594378099979692,0.7816555006954258
0.32562195837377034,0.5056788380446283,0.9527312208949109,0.3333001140039235,0.5739201002083946,0.7816555006954258
0.3698542752108045,0.4920096199426768,0.9505674452789473,0.35991495185481087,0.5739201002083946,0.7816555006954258
0.3778030860274643,0.48915519697804744,0.9453347137755779,0.3758998207263088,0.5739201002083946,0.7858583951871108
0.34135762879127873,0.48915519697804744,0.933691846387649,0.36043119946794416,0.5739201002083946,0.7858583951871108
0.33390327474174175,0.48915519697804744,0.9391753675789182,0.3614036040713069,0.576665761983525,0.7788842050901406
0.34351011145815674,0.48915519697804744,0.9410844981909937,0.34734489951193465,0.5808318810282264,0.7756984395346346
0.3365137083682859,0.48915519697804744,0.9238505158425374,0.341724346444293,0.5808318810282264,0.8030612474467014
0.339057386066825,0.48915519697804744,0.9238505158425374,0.367525873088023,0.5808318810282264,0.7908068897469022
0.38187915000642064,0.48915519697804744,0.917698107500115,0.32733077721456044,0.5808318810282264,0.7908068897469022
0.3675545332660404,0.48915519697804744,0.9249880151430437,0.32244552036881713,0.5808318810282264,0.7908068897469022
0.36577019709622705,0.48915519697804744,0.9249880151430437,0.3509701924801392,0.5808318810282264,0.7908068897469022
0.3887383960768894,0.48915519697804744,0.944735004402787,0.3372375574002914,0.5808318810282264,0.7710693558547621
0.3734390225471189,0.48915519697804744,0.9217037928136077,0.34793931398887634,0.5808318810282264,0.7710693558547621
0.3469993470897006,0.48915519697804744,0.9252684745064923,0.359900803319594,0.5808318810282264,0.7869521885729854
0.3738586239596147,0.48915519697804744,0.9252684745064923,0.3537966220979213,0.5808318810282264,0.7869521885729854
0.3848691142307058,0.48915519697804744,0.9158527781540476,0.354105389560792,0.5808318810282264,0.7476551049979197
0.34012159910531903,0.48915519697804744,0.9139713389503161,0.35832045070378954,0.5808318810282264,0.7901458676622735
0.36001788997121653,0.48915519697804744,0.9249561216773771,0.3756276622613791,0.5808318810282264,0.7901458676622735
0.36344959181622233,0.48915519697804744,0.9249561216773771,0.39750835353268427,0.5808318810282264,0.810544130508701
0.3781713225454016,0.48915519697804744,0.9249561216773771,0.3707206649590521,0.5808318810282264,0.7971402809031607
0.35218609205365947,0.48737334644321617,0.9168210791217727,0.4039947799491256,0.583385579251656,0.7971402809031607
0.36448409307111734,0.4946136129182976,0.9027722400335328,0.39881786068857844,0.583385579251656,0.8054721681008645
0.3435607619506755,0.4946136129182976,0.9218316875272314,0.4007259370211946,0.583385579251656,0.8219201250950432
0.3272707551586724,0.4946136129182976,0.9321803317861949,0.4111187124257585,0.578110714338724,0.8219201250950432
0.32995405992425864,0.4946136129182976,0.9269160351193345,0.4197034327489761,0.578110714338724,0.8196798785250973
0.32969907461259607,0.4946136129182976,0.9268984005710673,0.4643396774082644,0.578110714338724,0.8334516663895738
0.3388873098929452,0.4946136129182976,0.9385711726182674,0.4671258138088554,0.578110714338724,0.8548445428435479
0.34124091772018067,0.4946136129182976,0.93706258995833,0.4128807897738765,0.578110714338724,0.8627739650951703
0.3578847285248454,0.4946136129182976,0.93706258995833,0.4626500397687729,0.5704797637911542,0.8307655995644861
0.3378982068966344,0.4946136129182976,0.9432627909271163,0.4498184765020671,0.5704797637911542,0.8361070583493169
0.34390336424052576,0.4919177259570628,0.9321273722513979,0.44978984802782507,0.5704797637911542,0.8361070583493169
0.3404694104724531,0.4919177259570628,0.9183556141906007,0.43398755566903247,0.5704797637911542,0.8213140420051717
0.34562184126901396,0.4919177259570628,0.9011051502261834,0.4579635008375617,0.5632949995245313,0.8088317974811048
0.34238216663748855,0.4919177259570628,0.903170081825046,0.4305256699018097,0.553503365807951,0.8088317974811048
0.3588297940097933,0.4919177259570628,0.9079096779982234,0.44665369474814204,0.553503365807951,0.8203940582014904
0.3774450162319435,0.4919177259570628,0.9079096779982234,0.4222079452846238,0.553503365807951,0.8203940582014904
0.37387748189880254,0.4919177259570628,0.8951693328692304,0.4415030910465545,0.553503365807951,0.8663786728756008
0.36173507598159527,0.4919177259570628,0.9015048642730311,0.404703805031361,0.553503365807951,0.8663786728756008
0.3577629222314193,0.49696533897463574,0.9147447370064821,0.4048942087251638,0.553503365807951,0.8554151719073511
0.37681379567478585,0.48931779731561587,0.9147447370064821,0.41861284704424145,0.553503365807951,0.8756323380328057
0.3864850540745696,0.48931779731561587,0.9147447370064821,0.37792259751710194,0.5672916638721478,0.8756323380328057
0.36042047939745037,0.48931779731561587,0.9028593206916052,0.40241543651822487,0.5672916638721478,0.9053734896983114
0.3442383716672803,0.48931779731561587,0.902064626624289,0.3794521743977065,0.5672916638721478,0.9168693932974491
0.3494522221936707,0.48931779731561587,0.902064626624289,0.38515866897531986,0.5672916638721478,0.9096721697717739
0.3827112189344139,0.48931779731561587,0.9153774978654087,0.40445064732715313,0.5672916638721478,0.9209133144086975
0.3448233615350538,0.48931779731561587,0.9153774978654087,0.410540984637387,0.5672916638721478,0.9385949619892214
0.3409290857846412,0.49950922215023835,0.9200254354783127,0.41945894448425575,0.5672916638721478,0.9450402870207957
0.3655659164848885,0.49950922215023835,0.9194412655978045,0.36714600603692543,0.5672916638721478,0.9383111988305146
0.36684362525623626,0.49950922215023835,0.919548687897585,0.37862521130812277,0.56366238487776,0.9527469291156849
0.40242179068319417,0.49950922215023835,0.9225604123017135,0.4087205121750161,0.5808610385525946,0.9527469291156849
0.39607431991995007,0.49950922215023835,0.9130178809257703,0.3816589727411361,0.5808610385525946,0.9579222182658699
0.41510090567745034,0.49950922215023835,0.9245413654468706,0.40509142966528355,0.5808610385525946,0.9661522752208109
0.4099493347669653,0.49950922215023835,0.9378540653677233,0.4035175054587258,0.5808610385525946,0.9640610907519912
0.35884901634664046,0.49950922215023835,0.9362399114473822,0.4057067878353184,0.5808610385525946,0.9682427623502418
0.4070230695060001,0.49950922215023835,0.9438755758145054,0.4220347018167536,0.5808610385525946,0.968887803448232
0.41112926230538804,0.49950922215023835,0.9343680303552926,0.4290513727054784,0.5808610385525946,0.968887803448232
0.4040538992380994,0.49950922215023835,0.9349113280022395,0.41932520643854004,0.5830573606817337,0.9682343266277255
0.3865565920848981,0.49950922215023835,0.9367510743812887,0.4624435654193315,0.5830573606817337,0.9682343266277255
0.38701537240402145,0.49950922215023835,0.9436063131140006,0.4602072901514989,0.5830573606817337,0.9613380112290969
0.3977701251058759,0.49002722375494107,0.9467899561043954,0.41269329311228337,0.5830573606817337,0.9599088872371637
0.3717381190617436,0.49002722375494107,0.9496640707859653,0.42776630499638174,0.5830573606817337,0.9598990299195326
0.3797868434340471,0.49002722375494107,0.9485645404622802,0.43595396311345963,0.5830573606817337,0.9712571531791435
0.39503205326735313,0.4889569213737412,0.9492804513793974,0.43694692998531864,0.5830573606817337,0.9751164647248471
0.3681778582830125,0.4889569213737412,0.9492804513793974,0.4079304915416103,0.5830573606817337,0.9760896564434348
0.3499303890012976,0.4957188474067058,0.9492804513793974,0.41165540563638625,0.5830573606817337,0.9666442956458334
0.3626474346296204,0.4957188474067058,0.9411569344621924,0.4520915305707149,0.5830573606817337,0.9616573475604238
0.35391174446915463,0.4957188474067058,0.9308724569478604,0.42989808419980735,0.5885420670763133,0.9601415713696883
0.35766670812142676,0.4957188474067058,0.9467722045643029,0.45464678329489333,0.5885420670763133,0.9613486304641958
0.3423724738139975,0.501533685447688,0.9541801253596559,0.4500072908712738,0.5885420670763133,0.9660615516971713
0.3547175395241217,0.5106670233514894,0.9551920418970392,0.404419161893116,0.5885420670763133,0.9621693335156211
0.3678782144655263,0.5106670233514894,0.9653877499634116,0.43737944719949223,0.5885420670763133,0.9575617276196332
0.37828611527557665,0.5106670233514894,0.9733566834634149,0.46753162532373893,0.5885420670763133,0.9566685913987638
0.36011852933608507,0.5106670233514894,0.9725869753549524,0.4399316259496215,0.5885420670763133,0.9611332509560807
0.35260349817991543,0.5106670233514894,0.9814982073853653,0.4324701460416889,0.5885420670763133,0.9581528286481703
0.37333714386189243,0.5106670233514894,0.9814982073853653,0.37796378267952213,0.5885420670763133,0.9660946213274842
0.3595626344787534,0.5106670233514894,0.9863020754726332,0.3972242477648677,0.5885420670763133,0.9575066968219843
0.35674540845346525,0.5106670233514894,0.9815909304876939,0.42312524628451154,0.5885420670763133,0.9554486489754298
0.3769802799580646,0.5106670233514894,0.9846327280316732,0.39130935709874926,0.5885420670763133,0.9580258270959784
0.35630498279874906,0.5106670233514894,0.9838775893207738,0.3702171478034437,0.5855025880194162,0.9569589899402137
0.3972643293261791,0.5106670233514894,0.9824341651347407,0.37504698383370433,0.5855025880194162,0.9645211489138042
0.3832282306927369,0.5106670233514894,0.984047019826365,0.41902549996295396,0.5855025880194162,0.9502188683637895
0.38114470423693,0.5106670233514894,0.9842166283529165,0.4165486020818489,0.5674558236517663,0.9627543477816971
0.3620814893923746,0.5154054514127706,0.9859765129879535,0.37781389693930795,0.5674558236517663,0.9583216009017667
0.3619080226350057,0.5154054514127706,0.9876805655189175,0.3755821717562076,0.5674558236517663,0.9492344250626842
0.366196869331127,0.507881512211503,0.9885210066208658,0.38942873386410487,0.5674558236517663,0.948877785060883
0.36036279553265466,0.507881512211503,0.99,0.414283433098957,0.5674558236517663,0.9473702565963148
0.37999461107616345,0.507881512211503,0.9887024155527516,0.39479072163962636,0.5674558236517663,0.9428387572404362
0.3802939370143927,0.507881512211503,0.986024902635743,0.3842422239482137,0.5681493918660733,0.9424264498210374
0.3995330342810164,0.507881512211503,0.9864450994548803,0.43755061719147603,0.5681493918660733,0.9424264498210374
0.3940205761852123,0.507881512211503,0.9826486756679995,0.40843276024702674,0.5705995166918021,0.9424264498210374
0.3929298319938304,0.507881512211503,0.9802463427449091,0.40613608681709557,0.5705995166918021,0.9387022575500805
0.3900902281546673,0.507881512211503,0.9793170896510132,0.41347542465449194,0.5705995166918021,0.9309366321515293
0.41807761065989385,0.507881512211503,0.9753232849246696,0.3883268015624668,0.5570687088694946,0.9385168064970193
0.4009372557195516,0.507881512211503,0.9808068917493198,0.45486136996706095,0.5570687088694946,0.9395446921855799
0.38614075971196554,0.49753485471319103,0.9847580594967108,0.4355061337321794,0.5570687088694946,0.9350279820099775
0.384622802696062,0.49753485471319103,0.9811564168932064,0.4180153489659147,0.5570687088694946,0.9350279820099775
0.4093691421739551,0.49753485471319103,0.9821129022096852,0.4195674839609196,0.5570687088694946,0.9350279820099775
0.3899572913577742,0.49753485471319103,0.9817690838684147,0.4114329865480502,0.5570687088694946,0.9451136654252442
0.36750318984217556,0.49753485471319103,0.98526938494908,0.44985912994179106,0.5570687088694946,0.9374732267739514
0.3779325952969675,0.49753485471319103,0.9856922795083042,0.4276121316880312,0.5570687088694946,0.9288436842245518
0.38920524854867244,0.49753485471319103,0.988381063844424,0.47492467125819526,0.5570687088694946,0.9411897805850844
0.38695728138650387,0.49753485471319103,0.9891111179329724,0.44524369453335366,0.5570687088694946,0.9369022828690448
0.38025906476958143,0.49753485471319103,0.987933415780796,0.457036217739726,0.5570687088694946,0.921231747512195
0.38264416147662855,0.49753485471319103,0.9891248865145794,0.4469444840336894,0.5570687088694946,0.921231747512195
0.42178912473644703,0.49753485471319103,0.9872954444203599,0.4688360099293764,0.5570687088694946,0.9249901851915571
0.42539895327182065,0.49753485471319103,0.9883576357048465,0.44923611643838013,0.5570687088694946,0.9269924455848356
0.43022064542026084,0.49753485471319103,0.99,0.45894885057377954,0.5570687088694946,0.9208688944667756
0.42451135261109657,0.49753485471319103,0.99,0.4447082504318019,0.5570687088694946,0.9351285777246502
0.43254839681945567,0.49753485471319103,0.99,0.45135919739686875,0.5397654685373209,0.9351285777246502
0.4112364474307395,0.49753485471319103,0.988893879140256,0.41127391396032426,0.5418029237717947,0.9338555811791625
0.418523841660624,0.49753485471319103,0.9866013195543106,0.41024822512939374,0.5479269190846264,0.9406125018597845
0.40514599600371015,0.49753485471319103,0.9879431244989657,0.40738755508107805,0.5479269190846264,0.9370578397534938
0.41477749553757515,0.4982988235415319,0.9854740439455187,0.4070564803474013,0.5479269190846264,0.941468959922394
0.4058498745849262,0.502606106869881,0.9854740439455187,0.4281146649263156,0.5479269190846264,0.9429368232200162
0.36096114729411327,0.502606106869881,0.9857631923806979,0.43790906265668944,0.5479269190846264,0.9491431808999823
0.39558912123074774,0.502606106869881,0.9857665398024176,0.4471298990826503,0.5479269190846264,0.9513655793849192
0.381862222620304,0.502606106869881,0.9846504059288065,0.4424996121480602,0.5479269190846264,0.9513655793849192
0.3592156737163444,0.502606106869881,0.9841882400846617,0.42120419628619027,0.5479269190846264,0.9485776168613369
0.38398722175340966,0.49739335389959277,0.9852367413577743,0.4454271367931737,0.5479269190846264,0.943802575544464
0.38756340633534336,0.49739335389959277,0.9861309051373518,0.45524581361769706,0.5479269190846264,0.9315105993230599
0.367609932123541,0.49739335389959277,0.9875831031434991,0.37889369527931277,0.5479269190846264,0.9387761294307249
0.38225187234753916,0.49693571904170025,0.9868683074458265,0.38314931321805434,0.5527218749322418,0.9443642879453371
0.4185890328691503,0.49693571904170025,0.9868683074458265,0.3759083453793813,0.5436342390160994,0.9443642879453371
0.4278604811070911,0.5006951421980814,0.9873157604708256,0.37630711742850587,0.5436342390160994,0.9335549712935937
0.3994903509064949,0.5006951421980814,0.984548165695763,0.37439099136183707,0.5436342390160994,0.9307304084939755
0.4340677325534304,0.513086429577282,0.9835952557031085,0.3575343576414839,0.5436342390160994,0.9340509688759832
0.3959040412845142,0.513086429577282,0.9830523676629532,0.3771767440602627,0.5458751044949445,0.9340509688759832
0.39653472247341814,0.513086429577282,0.9853250767242162,0.3601483063083978,0.5458751044949445,0.941415850336755
0.41072925439593855,0.513086429577282,0.984903696697228,0.4182122316976953,0.5458751044949445,0.9348015963865535
0.40870713810931086,0.514859199334294,0.9786279834854251,0.40922325942365384,0.5458751044949445,0.9329398537326953
0.4160598469162691,0.514859199334294,0.9838971429160114,0.39433573924436865,0.5458751044949445,0.9329398537326953
0.3772011100065114,0.514859199334294,0.9849043345576891,0.3994334007393127,0.550057212363191,0.9252930629771362
0.41345803226156086,0.514859199334294,0.985657291919976,0.41003289603364956,0.550057212363191,0.9252930629771362
0.4354450427446813,0.514859199334294,0.9849932367937316,0.4125423126489669,0.550057212363191,0.940590206952895
0.38739397867064457,0.514859199334294,0.9853158530408748,0.41466741053538025,0.550057212363191,0.940590206952895
0.4140429985832989,0.514859199334294,0.9832356833593863,0.449989504012388,0.5505488785604641,0.9432468002169433
0.4030946992995729,0.5235271256165771,0.9776651025213264,0.43508782477857155,0.5505488785604641,0.9432468002169433
0.37774936310161905,0.5235271256165771,0.9790087953824262,0.44071060451848965,0.5505488785604641,0.9459406537450926
0.38803178887088163,0.5235271256165771,0.9839172250471842,0.42498098697631237,0.5505488785604641,0.9511718957297843
0.38561573842146196,0.5256060833139276,0.9839172250471842,0.39241701801360257,0.5505488785604641,0.9466339129130542
0.3689315934015522,0.5256060833139276,0.979642276162881,0.4182705559916878,0.5505488785604641,0.9432731030876489
0.3939009156152932,0.5256060833139276,0.979642276162881,0.44385543573660347,0.5476354261670882,0.9398052600429232
0.3981782221501799,0.5256060833139276,0.9757271769203298,0.4383224169816635,0.5476354261670882,0.9399797193968829
0.39551623666633445,0.5256060833139276,0.9785881421602978,0.4655922870178333,0.5476354261670882,0.9463708693182525
0.4141354708750766,0.5256060833139276,0.9828411369622513,0.4511452686205648,0.5476354261670882,0.9480302772316088
0.41799840721952675,0.5256060833139276,0.9834718735591322,0.46815058673312315,0.5476354261670882,0.9497157350592645
0.4071581864676407,0.5256060833139276,0.9837930504361571,0.4756099371657388,0.5476354261670882,0.9497157350592645
0.4113489234763935,0.5256060833139276,0.9823161946980239,0.4716952943517956,0.5476354261670882,0.9497157350592645
0.4002944268989322,0.5256060833139276,0.9881172547585779,0.426810710226236,0.5476354261670882,0.9492737620158035
0.3650360752768074,0.5256060833139276,0.98787459904626,0.40966117617799097,0.5476354261670882,0.9502296433188133
0.3973461021149398,0.5256060833139276,0.9890756123249458,0.4808862228216334,0.5476354261670882,0.944137839836703
0.36809929661960206,0.5256060833139276,0.9895397714300526,0.48002385207772663,0.5476354261670882,0.9389860358801447
0.3622191753881919,0.5256060833139276,0.9855931654751959,0.49791801903765254,0.5476354261670882,0.9328535745169391
0.37492288086947756,0.5375926163707958,0.9847179148501897,0.46989455589278584,0.543073572298813,0.9254471904963064
0.3836621499619212,0.5375926163707958,0.9831642895533802,0.4805530558645922,0.543073572298813,0.9203470290629604
0.3857776070313155,0.535578512617642,0.9844008742815958,0.4936986189290768,0.543073572298813,0.8979110103283826
0.4129742429502783,0.535578512617642,0.9822430743720004,0.4747870962894366,0.543073572298813,0.8979110103283826
0.4145406631773394,0.535578512617642,0.9825831922641441,0.4736901874752065,0.543073572298813,0.9027899960930398
0.42820924109745556,0.535578512617642,0.984493139842154,0.4531735581316066,0.543073572298813,0.8929712662855442
0.41134276242347645,0.535578512617642,0.984493139842154,0.4694559623757948,0.5517534774628099,0.8912700993351499
0.4228012858970202,0.535578512617642,0.984259294862314,0.4529661557529142,0.5517534774628099,0.860336871286426
0.39178365375605445,0.535578512617642,0.9844676987983674,0.4526500305140523,0.5584471540354238,0.8729939502204523
0.4225475264951401,0.535578512617642,0.9853873077153755,0.4436053592877507,0.5584471540354238,0.8729939502204523
0.40658651034828197,0.535578512617642,0.9866937935447493,0.4324381738151816,0.5584471540354238,0.8906475262114926
0.4038573814263487,0.535578512617642,0.9886245696588033,0.4582886672524018,0.5584471540354238,0.9076317446618154
0.4036846827991304,0.535578512617642,0.9877324084945539,0.464234177023672,0.5533862460526818,0.8981790616726419
0.39417816283558604,0.535578512617642,0.9861547120299249,0.474851822443267,0.5533862460526818,0.8968036728210595
0.40318835972535383,0.535578512617642,0.9845194373357523,0.4871473903057628,0.5434177414005507,0.9207699998186651
0.4152818408573888,0.535578512617642,0.9845194373357523,0.4791018094116716,0.5434177414005507,0.927237255404256
0.41598031878533925,0.5439138484488338,0.9860006608704422,0.4351728365928831,0.5434177414005507,0.9287767014725844
0.44307966977164503,0.5400942001214982,0.9851756204134396,0.4293765298026867,0.5434177414005507,0.9177862962279651
0.4506331426667722,0.5400942001214982,0.9851756204134396,0.45983006287976247,0.5434177414005507,0.9119117471290343
0.4631982291318096,0.5400942001214982,0.9887178767487639,0.46323912876362205,0.5434177414005507,0.9119117471290343
0.46211205543538947,0.5400942001214982,0.987937610628164,0.45307007576348907,0.5434177414005507,0.9276614266078919
0.4484835922137106,0.5400942001214982,0.99,0.44317089289364964,0.5434177414005507,0.9435982443013834
0.49024689468751287,0.5400942001214982,0.99,0.45995916278581234,0.5602761655078773,0.9474685087794436
0.45213632633844664,0.5400942001214982,0.989811836774883,0.4790540985602916,0.5602761655078773,0.94876098749563
0.45334986471997185,0.5435030229159882,0.989811836774883,0.44844771324417393,0.5602761655078773,0.9439052091094731
0.4694609239347705,0.5435030229159882,0.9893768666414251,0.4504362627495363,0.5602761655078773,0.949658344087277
0.4788802645137706,0.5435030229159882,0.99,0.42277821937475485,0.5602761655078773,0.9404639767630332
0.4595918425657593,0.5435030229159882,0.99,0.43050016091602417,0.5602761655078773,0.9451431370548522
0.42121711234954273,0.5435030229159882,0.99,0.40909175898095557,0.5602761655078773,0.9451431370548522
0.44540431147880777,0.5435030229159882,0.9880965430010039,0.376683197597158,0.5602761655078773,0.9589574303211174
0.4693646580547542,0.5435030229159882,0.9890745258729368,0.38897139063433256,0.5602761655078773,0.9581026191064669
0.4668366137583254,0.5451302386774333,0.99,0.38415640691841035,0.5602761655078773,0.9581026191064669
0.4537478578333309,0.5451302386774333,0.9883711510381069,0.34403036566256107,0.5602761655078773,0.9580549120357552
0.44176666773086803,0.5451302386774333,0.99,0.36784084473268996,0.5602761655078773,0.9534605221736671
0.45811842114442947,0.5451302386774333,0.99,0.4080846066870194,0.5602761655078773,0.9590821731584068
0.4422945519778752,0.5451302386774333,0.9863328548325863,0.38685963562819253,0.5602761655078773,0.9600000418619999
0.4685511322273576,0.5451302386774333,0.9847549046196299,0.39647848816438036,0.5592795439632825,0.9555106658164301
0.5048507150705197,0.5451302386774333,0.9843951530314025,0.44316034404469906,0.5641666608196113,0.968561037313948
0.4722837894786867,0.5451302386774333,0.9839304945492946,0.4349750767978325,0.5641666608196113,0.9682324877865224
0.46879213566765515,0.5451302386774333,0.9837242990326939,0.46288126887933273,0.5641666608196113,0.9710845643855955
0.430360029516843,0.5451302386774333,0.9820473541159475,0.49109979816372873,0.5641666608196113,0.9709098126550195
0.44673886636160887,0.5451302386774333,0.9873117363909967,0.476403514190707,0.5641666608196113,0.9721384755124743
0.45662046066595036,0.5469582714627637,0.9864720531627589,0.4641784339390676,0.5641666608196113,0.9650931005693784
0.4486333422798728,0.5469582714627637,0.9845966236678009,0.47335995486812,0.5662774110115045,0.9650931005693784
0.438605718026647,0.5469582714627637,0.9826727789177673,0.49276812287611255,0.5302300222245078,0.9548087183358941
0.43528384714400015,0.5469582714627637,0.9833442106552192,0.48795704963391573,0.5302300222245078,0.9624230336945242
0.43365144971066016,0.5469582714627637,0.9786217970007236,0.48037971887030734,0.5302300222245078,0.9644056512331443
0.41692773149849566,0.5469582714627637,0.9769529007758712,0.4529413607176391,0.5302300222245078,0.972579221036612
0.4059829872963694,0.5469582714627637,0.9740175260152744,0.46719120314290163,0.5302300222245078,0.9710667795659009
0.3862797750975321,0.5469582714627637,0.9722702083983529,0.4220284673947036,0.5302300222245078,0.9669075325359101
0.374307612856286,0.5469582714627637,0.9687122329473247,0.44892535461532307,0.5302300222245078,0.9722796915806606
0.3720742270220154,0.5469582714627637,0.970283592280043,0.45220777898280123,0.5302300222245078,0.9785381132863162
0.36499674314341735,0.5469582714627637,0.9733088801248623,0.4540963721714354,0.5236900298807062,0.9849922959476805
0.36835002009782714,0.5469582714627637,0.9733088801248623,0.43498673326512005,0.5236900298807062,0.9842478744410433
0.3915543868648952,0.5469582714627637,0.9719799860353349,0.4368481067709445,0.5236900298807062,0.984843568362065
0.3693521819112876,0.5469582714627637,0.96137330093307,0.4409120415373151,0.5024798607554695,0.9857885307038553
0.3786186757328163,0.5432177133676213,0.96137330093307,0.4570288913514525,0.5024798607554695,0.9890061717908383
0.3669507500988347,0.5432177133676213,0.9634000827258683,0.45805151444885256,0.5024798607554695,0.9879477808851683
0.4014406273054891,0.5432177133676213,0.9634000827258683,0.4206298448747802,0.5024798607554695,0.9882375693480205
0.3957248461485727,0.5432177133676213,0.9664767278804142,0.3879366947948458,0.5115361236354019,0.9896966390710843
0.3782911869460689,0.5432177133676213,0.9639570837077449,0.42008986750540694,0.5115361236354019,0.9893740290114504
0.3669515473681067,0.5432177133676213,0.9586714887401215,0.41064763554950967,0.516057023791502,0.9844680311032565
0.3263961789309149,0.5432177133676213,0.9686306838791514,0.43919181475425073,0.516057023791502,0.9827154539407607
0.3770786945016967,0.5432177133676213,0.9686127559693903,0.4458223799285569,0.516057023791502,0.9831309867621915
0.3764766792675286,0.5432177133676213,0.9669160394839519,0.4488085312657317,0.516057023791502,0.9851825251069406
0.38027828024382454,0.5432177133676213,0.9669160394839519,0.45435172869666923,0.516057023791502,0.984470897217952
0.3581989259875772,0.5524406418816813,0.963480787491299,0.44957721101437204,0.516057023791502,0.984470897217952
0.37994203464252624,0.5524406418816813,0.9650539321935265,0.44659297234668455,0.516057023791502,0.9788322515157957
0.3568907744978168,0.5660041587625444,0.9688128422674204,0.43597689868788514,0.510729155427162,0.9778230041166225
0.36243012405235325,0.5618962949080415,0.9688128422674204,0.45261044831557257,0.510729155427162,0.9774553918327585
0.37329790064490675,0.5618962949080415,0.9646376885471439,0.44715455015417305,0.510729155427162,0.9754975723355425
0.33763695144003847,0.5618962949080415,0.9595982594023857,0.44381645038560247,0.510729155427162,0.9695155522298257
0.3605854733577495,0.5618962949080415,0.9552012306366151,0.44763218991553066,0.510729155427162,0.9692899302673107
0.35473838996557094,0.5618962949080415,0.9550702204962075,0.45197870847607935,0.510729155427162,0.970396713413598
0.3695032630988604,0.5618962949080415,0.9600117675890213,0.3921344188022774,0.510729155427162,0.9738933835983431
0.3660234526603946,0.5611288507866915,0.9532460864174557,0.4132246163539152,0.510729155427162,0.9755043609445951
0.3591060568232693,0.5611288507866915,0.9472834572261885,0.41420115829533816,0.510729155427162,0.9758535554084682
0.3768949051929197,0.5611288507866915,0.943770995524907,0.42779919551812345,0.510729155427162,0.9682700126622493
0.34966710804145773,0.5611288507866915,0.9489903827949798,0.38195829282840443,0.510729155427162,0.9605225444864761
0.3539049734185424,0.5611288507866915,0.955912390173568,0.38364604907081956,0.5039156584871178,0.9643224760003645
0.401455149851237,0.5611288507866915,0.9455813249155799,0.35725763488383583,0.5039156584871178,0.9668444805766719
0.4118989599582852,0.5611288507866915,0.9590500351199099,0.37608208905371515,0.5039156584871178,0.9668444805766719
0.3904333700531048,0.5611288507866915,0.9590500351199099,0.3791212259936897,0.5039156584871178,0.9667943518368841
0.40682164836370244,0.564025389305759,0.9644843929888107,0.35759531231230346,0.5039156584871178,0.9593402137957712
0.3921858307357797,0.564025389305759,0.9651874026815058,0.3548863685660567,0.5039156584871178,0.9635104563524424
0.3921568582635123,0.564025389305759,0.9700965012621989,0.386965433230914,0.5039156584871178,0.9634098058593025
0.3704021625139949,0.5539255837542143,0.9723407117639559,0.3962224773331533,0.5039156584871178,0.9663353546919144
0.3807881716681561,0.5545706006325595,0.9740438766148575,0.36251386823603277,0.5039156584871178,0.9679837546612401
0.34228931151882985,0.5545706006325595,0.9800376407010898,0.3407289387874672,0.5039156584871178,0.9638289834818418
0.36402739806314344,0.5545706006325595,0.9749462586785382,0.3779337449400544,0.505720326117852,0.9630098643940753
0.4020699534636751,0.5545706006325595,0.9749462586785382,0.37252099941307903,0.505720326117852,0.9653296622551544
0.37752443565406546,0.5545706006325595,0.9745602851230641,0.3791271814491973,0.505720326117852,0.9747728763249568
0.3949913497737476,0.5545706006325595,0.9765310796460172,0.39733740820941477,0.505720326117852,0.9781387836889702
0.40846789065084277,0.5545706006325595,0.9773287360509327,0.38235032675342057,0.505720326117852,0.9753051238072414
0.3753848167007191,0.5545706006325595,0.9737859152729178,0.367215722167064,0.505720326117852,0.9746851449585602
0.3848535609485908,0.5601536926849169,0.979467919002495,0.3852830458636797,0.505720326117852,0.9746851449585602
0.37538344725545525,0.5601536926849169,0.9740620533697238,0.39177209785495903,0.505720326117852,0.9801420467308507
0.3606821224727718,0.5601536926849169,0.9678820596667103,0.3857061073621598,0.505720326117852,0.9878996957688446
0.3925743297711281,0.5448708133766282,0.9655261519462645,0.4045043588999325,0.505720326117852,0.9870853018562736
0.402954286746888,0.5448708133766282,0.9717201173133813,0.4172099975820542,0.505720326117852,0.9849438075371424
0.3825351177629715,0.5448708133766282,0.9717201173133813,0.3718454879447034,0.505720326117852,0.9866881672866907
0.38778148960444425,0.5448708133766282,0.970960855764569,0.40728641766940676,0.505720326117852,0.9870743491384865
0.3946341121908331,0.5448708133766282,0.9693886386613979,0.3741736116400247,0.505720326117852,0.9856546037161108
0.35780649032241657,0.5445648541011902,0.9700094342171164,0.3804571072997257,0.505720326117852,0.984037827020923
0.38857284692942873,0.5445648541011902,0.9785611840710665,0.3800535059282871,0.505720326117852,0.9834632642127289
0.35853104844281036,0.5582499377970419,0.9794975747943544,0.3612659734423251,0.505720326117852,0.9811859703080412
0.3768635693054254,0.5582499377970419,0.9778107072571182,0.379598494694678,0.505720326117852,0.9810158300734889
0.36503612244485456,0.5582499377970419,0.9790895468262539,0.40577492847543767,0.505720326117852,0.9789135267278154
0.366726955073016,0.5582499377970419,0.9797858346027566,0.40915237754995765,0.505720326117852,0.9789135267278154
0.3543279712059536,0.5582499377970419,0.982034270841719,0.4133348906223815,0.5010983657964421,0.9731081692951685
0.39534334833038676,0.5582499377970419,0.9794438602353093,0.415264336968974,0.5010983657964421,0.975633809700924
0.3722477304748508,0.5582499377970419,0.9834125648631057,0.425185764015991,0.5010983657964421,0.9763863657962107
0.39955958702298955,0.5582499377970419,0.9775855276085662,0.402721789630119,0.49638745728675493,0.9837140021033539
0.3630059534313406,0.5582499377970419,0.9748249199364755,0.38582536183037375,0.49638745728675493,0.9891380187705
0.34778421858573416,0.5582499377970419,0.9752160979503267,0.3946037390883048,0.49638745728675493,0.9885210294779115
0.4017954578311782,0.5582499377970419,0.9752160979503267,0.4024251846308182,0.4961420204901022,0.9867030431766526
0.3911535205573306,0.5582499377970419,0.9714887129362699,0.43544564380428064,0.4961420204901022,0.9880935187948913
0.42170855907476473,0.5582499377970419,0.9735525425222424,0.41158503273531155,0.4982199378381928,0.9881051405989651
0.4154580121787352,0.5582499377970419,0.9663805374348649,0.429599808922573,0.4982199378381928,0.9865231093458945
0.42308616772762575,0.5582499377970419,0.9561112640197861,0.4267331434719362,0.4982199378381928,0.9852673527789149
0.41586876166652675,0.5582499377970419,0.9643475745954849,0.430939336279567,0.4982199378381928,0.9883258263302166
0.4275884278973157,0.5582499377970419,0.9704314784941118,0.42803668153093477,0.4982199378381928,0.9873587997267026
0.41479017552586106,0.5582499377970419,0.968474830528635,0.4194848135311469,0.4982199378381928,0.9839064623921276
0.45008586730561545,0.5582499377970419,0.9625411749017917,0.4221282053629346,0.5005201525418237,0.9873558088943901
0.42809314248196517,0.5582499377970419,0.9638113832216797,0.4279531317116387,0.5005201525418237,0.9865192959515627
0.46755833433228766,0.5582499377970419,0.9763110068565654,0.40653706134328604,0.5005201525418237,0.99
0.4334652979286551,0.555471639168815,0.9766845830777234,0.44938464297505726,0.5034796454440389,0.9871634950559283
0.45225713326960737,0.555471639168815,0.9766845830777234,0.4386676986639474,0.5034796454440389,0.987182636236541
0.43688513977309923,0.5388043419990203,0.973343931618494,0.4432673844649415,0.5034796454440389,0.9835348150384623
0.4180858687234459,0.5388043419990203,0.9737037915214158,0.4409896522347617,0.5034796454440389,0.9793187793322378
0.4663726374811504,0.5388043419990203,0.9706934412682588,0.39000075818095864,0.5034796454440389,0.9866405030683437
0.44892842974185454,0.5388043419990203,0.9701850096750528,0.42888976207990015,0.5034796454440389,0.9854584361386753
0.44308166827109735,0.5388043419990203,0.9717587116974984,0.4311461831772881,0.5034796454440389,0.9854584361386753
0.4294699227719637,0.5388043419990203,0.9696473788982288,0.4300041153298673,0.5034796454440389,0.983191373550651
0.44361932813759863,0.5388043419990203,0.9681340779646601,0.4234594569685936,0.4963662781910927,0.987190783708419
0.41432846439489157,0.5388043419990203,0.9733345364055791,0.41083120809937845,0.4963662781910927,0.988383332359873
0.45669349917299196,0.5388043419990203,0.9748467486377256,0.42993176792617166,0.4963662781910927,0.9888374027717386
0.4290902990282467,0.5388043419990203,0.9749914283923242,0.42005710993194534,0.4963662781910927,0.9877589292360233
0.4451404609410441,0.5388043419990203,0.9709020024379665,0.4144420798709397,0.4963662781910927,0.9856539943867346
0.4666531277099075,0.5479968063470064,0.9680405018100067,0.41403457273300814,0.4963662781910927,0.986714047624232
0.4089792032775508,0.5479968063470064,0.9660729906980289,0.41693176011932953,0.4963662781910927,0.9851432130653051
0.41204142817852796,0.5559176875602719,0.9680992873707412,0.4124394284745786,0.4963662781910927,0.9849218403295374
0.43279281672523534,0.5559176875602719,0.9694852163641959,0.3937386310557556,0.4963662781910927,0.9857163178954731
0.4053344109926984,0.5559176875602719,0.9624261915451567,0.38148787271703477,0.4963662781910927,0.9843154229445631
0.42942819622586387,0.5559176875602719,0.9674549839467963,0.37563759236911315,0.4963662781910927,0.9876411125712992
0.4700667077597992,0.5559176875602719,0.9683454390817979,0.3840813478919057,0.4963662781910927,0.9892011438087668
0.47503294756311143,0.5559176875602719,0.9674500552009949,0.387546801702675,0.4963662781910927,0.9883316011234009
0.4325049087121785,0.5640625720768792,0.9674500552009949,0.36865156546791816,0.4963662781910927,0.9858686480344954
0.4672151793725359,0.5635166256416752,0.9689668047437552,0.34119688606896675,0.4963662781910927,0.9873133942244794
0.46169524335568984,0.5635166256416752,0.9684928287023462,0.36153333429130285,0.4963662781910927,0.9867298285133951
0.43736571825436066,0.5635166256416752,0.9735655898396657,0.3820700638747189,0.4967507762643956,0.9885660494907524
0.43093732829740017,0.5635166256416752,0.9735655898396657,0.3659694703735372,0.4967507762643956,0.9885660494907524
0.43291491752807965,0.5635166256416752,0.9756849243338687,0.37508783292466086,0.4967507762643956,0.9878222764084615
0.4180143899159373,0.5635166256416752,0.973327813636644,0.3922284330049412,0.4967507762643956,0.9878222764084615
0.4257433085766083,0.5635166256416752,0.9745842541603514,0.3739765796539978,0.4967507762643956,0.9893510721348849
0.43077292751251683,0.5635166256416752,0.9723294785809781,0.4086856437329304,0.4967507762643956,0.9866719016434514
0.4134027877697512,0.5635166256416752,0.969212784117057,0.3910487541242784,0.49389613534577226,0.9861256542098927
0.443676476806522,0.5635166256416752,0.9673958966099799,0.39069349947237075,0.49389613534577226,0.9868197310763368
0.4373301726279134,0.5635166256416752,0.9673958966099799,0.4051311009556309,0.49389613534577226,0.9864216210079267
0.4090764113875501,0.5635166256416752,0.9657503881759317,0.43863279993634774,0.49200097269828924,0.9867513257105508
0.43174436323033705,0.5635166256416752,0.9657503881759317,0.4321957223320943,0.49200097269828924,0.9870435381376411
0.4209911289784292,0.5635166256416752,0.969630141474865,0.4131991841192158,0.49200097269828924,0.9843032780103361
0.41297361766691704,0.5635166256416752,0.972077126147162,0.4195020182777049,0.49200097269828924,0.9830272026804036
0.4482335211133369,0.5635166256416752,0.9667844191457031,0.40973426523112716,0.4941885482827282,0.9833064974637504
0.4260844206616099,0.5635166256416752,0.9695348345087216,0.4246438654797689,0.500458754683156,0.9876719045504583
0.4595823578678959,0.5635166256416752,0.9715772682522569,0.4072235202748002,0.500458754683156,0.9871061789116155
0.4353437437324399,0.559020966784378,0.9693803165110406,0.42064924432092055,0.500458754683156,0.9886259171269076
0.4394830884827411,0.559020966784378,0.9669456651506231,0.4339239108721579,0.500458754683156,0.9879000496736959
0.44072233420799595,0.5629372447765838,0.9669456651506231,0.4566608616504371,0.500458754683156,0.99
0.45451521511566956,0.5629372447765838,0.9669456651506231,0.4419739849851336,0.500458754683156,0.99
0.41580390782081084,0.5629372447765838,0.9669456651506231,0.42738193446854017,0.500458754683156,0.9884924897416466
0.43080443431051985,0.5629372447765838,0.9694814061717144,0.4373245629482579,0.5000496904646569,0.986823313737084
0.4384148382501436,0.5629372447765838,0.9736512238993783,0.4484460626366125,0.5000496904646569,0.9891169387030101
0.42753523745112987,0.5629372447765838,0.9753315060287772,0.4712699281906046,0.5000496904646569,0.9874310920778125
0.41022789059685266,0.5629372447765838,0.9659014667776683,0.45673939586294704,0.5000496904646569,0.9880681155018475
0.41891880983616975,0.5629372447765838,0.9695959345181056,0.44741637147924596,0.5000496904646569,0.9857414455557435
0.413128714316888,0.5629372447765838,0.9668044763626281,0.4591004513402603,0.5000496904646569,0.9787590340916793
0.4298058592722207,0.5629372447765838,0.9688896757780374,0.46832136242334244,0.5000496904646569,0.9812473108021554
0.40780789579609905,0.5629372447765838,0.9640576992967609,0.45956495748333803,0.5000496904646569,0.978413580140184
0.4200739578207237,0.5629372447765838,0.9613787547831235,0.42709722070783035,0.5000496904646569,0.9771943781624146
0.4123579854441039,0.5629372447765838,0.9572946516166805,0.4265552996112992,0.5083468673416032,0.9790288407493355
0.40467583137721,0.5514500607685159,0.9561916422927557,0.4096388671210436,0.5079765950574534,0.9794365508202891
0.3738697331216205,0.5514500607685159,0.9565836706076005,0.40978101049115856,0.5079765950574534,0.9749285358819457
0.3876749155451471,0.5514500607685159,0.9566544555016248,0.4333047299590137,0.5079765950574534,0.9764897080608621
0.36949009827436075,0.5635944908625421,0.9481976082093316,0.4020617126113658,0.5079765950574534,0.9759783403440783
0.35496250601467866,0.5635944908625421,0.9498283876506821,0.39783504512309664,0.5079765950574534,0.9774705774124455
0.406193840662303,0.5635944908625421,0.9572711532450044,0.39759773338166426,0.5079765950574534,0.9710870647249319
0.3546646779134213,0.5635944908625421,0.9580417399498807,0.40840718318966207,0.5079765950574534,0.9649756734434142
0.4155535983773273,0.5635944908625421,0.9654135237304785,0.3902863024057497,0.5079765950574534,0.9597708159818742
0.38494548971378223,0.5635944908625421,0.9677184683997556,0.38176185860727074,0.5079765950574534,0.9601345799091328
0.41764316020773146,0.5635944908625421,0.9640620297706675,0.34849213154993475,0.5079765950574534,0.956959258547829
0.3664970944181431,0.5635944908625421,0.9682330425864857,0.3467312366817915,0.5079765950574534,0.9590764295243865
0.3836740596599889,0.5635944908625421,0.9613730322311902,0.34148736364160676,0.5079765950574534,0.9531903001611449
0.3909828064007356,0.556734075391789,0.9564085575286569,0.37583459861082347,0.5079765950574534,0.9531903001611449
0.38295912538137217,0.556734075391789,0.9564085575286569,0.34675088008995286,0.5079765950574534,0.9661408120734036
0.4021268719240011,0.556734075391789,0.9532303643080831,0.35626238442936947,0.5079765950574534,0.9727781441059403
0.44201677437079023,0.556734075391789,0.956143866565429,0.33977510646050174,0.5079765950574534,0.9727781441059403
0.42105037871292234,0.5570358991311457,0.939421037113193,0.3410019409390551,0.5079765950574534,0.9727781441059403
0.4145430243734414,0.5570358991311457,0.9254844813911193,0.3507157759089467,0.5079765950574534,0.9767920800053783
0.4292534096016872,0.5570358991311457,0.9379420803413452,0.3563756582407453,0.5079765950574534,0.9776849219427995
0.4441663916042804,0.5563304878005002,0.9437026845127073,0.35759785262705673,0.5079765950574534,0.9752631112476159
0.4464151318054613,0.5436393138088642,0.9542501821297423,0.38792811177245806,0.5079765950574534,0.9851124443992989
0.4250471119455651,0.5436393138088642,0.9379706586951508,0.35988063870075665,0.5079765950574534,0.9880740702582895
0.4123679348881393,0.5436393138088642,0.9379706586951508,0.37244105411370937,0.5059205085008941,0.9879872536903479
0.4440281760789697,0.5436393138088642,0.9372077409142008,0.39935988413504464,0.5059205085008941,0.9871676069972507
0.41755800550306327,0.5436393138088642,0.9340612264175354,0.4034775117574471,0.509385622258507,0.9852063161631331
0.41501758612615103,0.5436393138088642,0.9461796158195185,0.4034033218886495,0.509385622258507,0.98607913046118
0.4255676891296406,0.5436393138088642,0.93269770561653,0.39550026237820574,0.5085290914632408,0.9852546619710516
0.4572083902254189,0.5436393138088642,0.9323367487759504,0.36802259435761703,0.5085290914632408,0.9854124963584168
0.43568889140322725,0.540179451418284,0.9447280187466615,0.35367702422678343,0.5055196140197576,0.9853595183340531
0.3938569413670099,0.540179451418284,0.9448754880046899,0.35480037136335135,0.5055196140197576,0.9854522379683281
0.4265635158613905,0.540179451418284,0.9448754880046899,0.4038659063722661,0.5055196140197576,0.9816217227798831
0.4157535633468743,0.540179451418284,0.9583700473192764,0.38929267626392006,0.5055196140197576,0.9844149376756246
0.4023835002583696,0.533171393186122,0.9587256440788734,0.392897320732651,0.5055196140197576,0.9839581870345369
0.44795541232354613,0.533171393186122,0.9529649669095158,0.3914705893313707,0.5055196140197576,0.9806616040026171
0.40213589034469804,0.533171393186122,0.9529649669095158,0.3772388944260912,0.5055196140197576,0.9791741601906401
0.39869366107718085,0.533171393186122,0.9524980536190726,0.41238008824205463,0.5055196140197576,0.9815141087450017
0.3946428190160604,0.533171393186122,0.9512455770760114,0.4192323264747404,0.5055196140197576,0.9837939885606997
0.38522354090209043,0.5288140008741411,0.9583486961787675,0.43232881864158335,0.5055196140197576,0.9799140155098442
0.36955066711869433,0.5288140008741411,0.9617291723551357,0.43039009683341073,0.5055196140197576,0.9806617378736049
0.3692590165763907,0.5288140008741411,0.946842619380392,0.4244635118002882,0.5055196140197576,0.9815700712263058
0.3677019907083024,0.5288140008741411,0.9496114620364652,0.40203626841808726,0.5055196140197576,0.9841160329245077
0.3909167268185776,0.5288140008741411,0.9526505808781343,0.4024129503027706,0.5055196140197576,0.9848659569066753
0.38666883998727436,0.5288140008741411,0.9461430963235496,0.3939008633140586,0.5055196140197576,0.9850355073009269
0.380256491965517,0.5288140008741411,0.9398787694318067,0.39344458115195785,0.5055196140197576,0.9861589919192981
0.37072071956137687,0.5288140008741411,0.9238881410723789,0.40009969922319294,0.5055196140197576,0.9883334555856151
0.3878171535180184,0.5288140008741411,0.9489977857089607,0.40919470856509715,0.5055196140197576,0.9874407550473758
0.4268064190967011,0.5288140008741411,0.9489977857089607,0.4014233105392097,0.5055196140197576,0.988828227520229
0.4009904449940314,0.5288140008741411,0.9597005924760357,0.39699178213593583,0.5055196140197576,0.9858744967192111
0.44454003588648605,0.5288140008741411,0.9615383223349186,0.4078923581493582,0.5055196140197576,0.9831056011173828
0.425463731996441,0.5351661310340858,0.9587693194094983,0.3692801581472474,0.5055196140197576,0.9830469478076744
0.40400297404960844,0.5351661310340858,0.9587693194094983,0.4074693317597305,0.5055196140197576,0.9831254137156937
0.40461333914628345,0.5351661310340858,0.9536678589785333,0.37565221469885945,0.5055196140197576,0.9834838924707544
0.40103539095743995,0.5351661310340858,0.9472053957681307,0.42297303556707133,0.49083729430466855,0.9833376902710126
0.4100130675004693,0.5351661310340858,0.9416307011529881,0.4120881042159737,0.49083729430466855,0.9811938655412484
0.3948329607073499,0.5272594037088337,0.938084055237468,0.37174335378664397,0.49083729430466855,0.9767156154003732
0.397497669596603,0.5406410723151838,0.9336433871581172,0.3865451837985089,0.505343257742849,0.9781805189542089
0.4077582370370017,0.5406410723151838,0.935707156657021,0.37748272892827234,0.5007262858187543,0.9743608245327721
0.39328091162477535,0.5406410723151838,0.9375111875152256,0.39069446950361225,0.5007262858187543,0.9703435429173902
0.42586794149797275,0.5406410723151838,0.9317541351062485,0.4186966549011281,0.4958273857961536,0.964643499501847
0.4098256875493177,0.5406410723151838,0.9460193034037601,0.4281201524564318,0.4958273857961536,0.9687234619172133
0.4144339628635161,0.5406410723151838,0.9465435651990703,0.38661167387096923,0.4958273857961536,0.9666134023657069
0.411886425982888,0.5406410723151838,0.9393832290267744,0.39047132845322724,0.4958273857961536,0.9663985453666274
0.3926158956425442,0.5406410723151838,0.9374532726464712,0.3393363190914569,0.4958273857961536,0.9663985453666274
0.4037649162355842,0.5549804740750159,0.937372215583823,0.3733769874171477,0.49153953959283575,0.9617795791869196
0.42249846026899857,0.5549804740750159,0.937372215583823,0.3491913433866923,0.49153953959283575,0.9690425900656198
0.41602793503196484,0.5549804740750159,0.9444703431927444,0.3728056985297193,0.4791673853654723,0.9713754405770827
0.4253429479812457,0.5549804740750159,0.9588849164486748,0.3730389100669039,0.4791673853654723,0.9682433093623569
0.407250005194112,0.5567771238530964,0.9520760663069078,0.39352285535592224,0.4791673853654723,0.9755901668170454
0.39615696660921257,0.5795021066573401,0.9564535044894525,0.3761592470658625,0.4791673853654723,0.9726844441133302
0.41368313300517084,0.5795021066573401,0.9621949519080811,0.3775219862570284,0.4791673853654723,0.9738082969738917
0.42599391671779896,0.5795021066573401,0.9625729471952083,0.35966752640110605,0.4791673853654723,0.9738082969738917
0.4526379549075185,0.5795021066573401,0.9625729471952083,0.3834217499430765,0.4791673853654723,0.9808072317773335
0.45302030982376656,0.5795021066573401,0.9617667547083342,0.3892894740246034,0.4791673853654723,0.9779507910774295
0.4613050236464957,0.5795021066573401,0.9545804169649446,0.38940498104768934,0.4791673853654723,0.9732542664425311
0.45022766186501134,0.5795021066573401,0.9588962463023972,0.42284418116977285,0.4791673853654723,0.9731395018957995
0.4590046055571144,0.5795021066573401,0.9567318034825822,0.4101494194035885,0.4791673853654723,0.9776880154731519
0.4346451623205514,0.5795021066573401,0.9572362528350619,0.33981151052769343,0.4791673853654723,0.9724981559658554
0.45158249818846974,0.5795021066573401,0.9550677023905394,0.3707968841696927,0.4791673853654723,0.9714268797233542
0.4380887465019567,0.5795021066573401,0.9532801967462731,0.35974703509476563,0.4791673853654723,0.9627898796314457
0.4449952282017145,0.568683613648102,0.9532801967462731,0.3628036631364795,0.4791673853654723,0.9713479618110432
0.4302527524187557,0.5554631751137682,0.9532801967462731,0.35284755916626737,0.4791673853654723,0.9607913632934223
0.42139454138675786,0.5554631751137682,0.9490534325438349,0.3654007156838127,0.4791673853654723,0.9657053419503869
0.38639058255151854,0.5554631751137682,0.9533115089325317,0.37267403204306865,0.4791673853654723,0.9658280572553053
0.3843890890488023,0.5554631751137682,0.9457426262282609,0.35637530190244404,0.4791673853654723,0.9666679377553794
0.3871429084187444,0.5554631751137682,0.9462462356063243,0.37080723627464857,0.4791673853654723,0.9562790111131558
0.3641362760183351,0.5554631751137682,0.9466802187243036,0.34028877564960075,0.4791673853654723,0.964697518849327
0.3616066537844001,0.5554631751137682,0.9321541850679834,0.35434865093348866,0.4791673853654723,0.9633747183086162
0.3653578020930071,0.5665836079286012,0.906031167073921,0.3622408549294165,0.4791673853654723,0.9632166406261018
0.3843652762990158,0.5665836079286012,0.912094137686188,0.3948134266948865,0.4791673853654723,0.9586155098787554
0.38640699617615815,0.5665836079286012,0.8786179261506027,0.37878671863537666,0.4791673853654723,0.9667655905579308
0.3868371894751153,0.5665836079286012,0.9114701900657061,0.3621037571434711,0.4791673853654723,0.9679911628947404
0.3850911555560951,0.5665836079286012,0.9114701900657061,0.38577136755845065,0.4791673853654723,0.9625663604526655
0.3695076146766928,0.5853769633020954,0.8908180399842401,0.3924533247069293,0.4791673853654723,0.9646863956851858
0.3484402222966878,0.5803994055423756,0.9090199183702518,0.40457721778804745,0.4791673853654723,0.9646863956851858
0.3533755388936247,0.5803994055423756,0.896410857857469,0.40853639897324134,0.4791673853654723,0.9727782532957415
0.4078716474427104,0.5803994055423756,0.8805231414333837,0.39377175326394837,0.4791673853654723,0.9716211136182401
0.3803311728997817,0.5803994055423756,0.8805231414333837,0.4124322040790378,0.4791673853654723,0.9707392477576021
0.38165157038938385,0.5550008615617542,0.8764159181951569,0.4001175859884092,0.4791673853654723,0.9650990644905889
0.3951989246400013,0.5511434517640689,0.8764159181951569,0.405553331284782,0.4791673853654723,0.9593270896970623
0.39670386732305,0.5511434517640689,0.8871545451068623,0.4142986574261262,0.4791673853654723,0.9599585024648157
0.42720118724019046,0.5502144102121891,0.8590227313675941,0.42165934503352065,0.4791673853654723,0.958137005444248
0.3928305442162917,0.5502144102121891,0.8759353787211891,0.39413333933655703,0.4791673853654723,0.9565350745138922
0.41114663197144274,0.5502144102121891,0.9145979806038029,0.37651567587496826,0.4791673853654723,0.9636784331723784
0.42665346560984063,0.5502144102121891,0.9255929684765102,0.386413694979909,0.4791673853654723,0.9674776082713341
0.41844593695334026,0.5502144102121891,0.9378482865010938,0.39999224287578494,0.4791673853654723,0.9642010231945409
0.40997214140110183,0.5502144102121891,0.9453976815267983,0.420818898425299,0.4791673853654723,0.9618817835102552
0.38304182037945805,0.5502144102121891,0.9453976815267983,0.4167481943694144,0.4791673853654723,0.9605295076228956
0.3752223963092465,0.5502144102121891,0.9362876538051864,0.409331942216343,0.4791673853654723,0.9654735262579902
0.3803157311138512,0.5502144102121891,0.9330123920518041,0.3958251314828758,0.4791673853654723,0.9634349977392174
0.3668558178634455,0.5502144102121891,0.9386897387804435,0.38681879070322933,0.4791673853654723,0.9605943636573043
0.37767525023327286,0.5502144102121891,0.9386897387804435,0.3716693003638559,0.4791673853654723,0.9646879878470491
0.32900879006490347,0.5502144102121891,0.9372609370133451,0.37838511535896846,0.4791673853654723,0.9646879878470491
0.3627684408641908,0.553193079845337,0.937896916028966,0.36622011708845315,0.46821492334129683,0.9654923686070219
0.3668999501168705,0.553193079845337,0.9400089030051673,0.3876374506537337,0.46821492334129683,0.9640928684307251
0.3350848591762988,0.537514333921573,0.9358656182341811,0.3610791884408573,0.46821492334129683,0.9646039354425185
0.36274697215836177,0.537514333921573,0.9246796215906069,0.38219576072279415,0.46821492334129683,0.967760064003065
0.38910536627097814,0.537514333921573,0.9116520163790941,0.37211486494928364,0.46821492334129683,0.9651881719515065
0.3787592594129946,0.537514333921573,0.9187424984576594,0.37829900110691167,0.46861870657951066,0.9613363059861304
0.3967819650039337,0.537514333921573,0.9319330399065301,0.38253118874027303,0.46861870657951066,0.964203417132158
0.3734185006085801,0.5423926760042013,0.922231778628477,0.3773877461767185,0.46861870657951066,0.9644732318374455
0.39439660152912726,0.5423926760042013,0.9133852729889314,0.34977517598807145,0.46861870657951066,0.9703327661105379
0.3951090968183743,0.5423926760042013,0.9133852729889314,0.36573210730069683,0.46861870657951066,0.9672169375747204
0.3743786170951666,0.5423926760042013,0.9283266439177803,0.40305408438940005,0.4808063645110636,0.9702331370780772
0.38956450555006583,0.5423926760042013,0.9493353922445757,0.413304755031255,0.4808063645110636,0.970580884864788
0.374626121904565,0.5423926760042013,0.9612299083459248,0.40818745406143486,0.4808063645110636,0.9739167110075874
0.4296616014997453,0.5423926760042013,0.9422567627120936,0.420025341124635,0.4866664953653499,0.9739167110075874
0.4414169515366568,0.5423926760042013,0.9418661778764192,0.4231432920231749,0.4866664953653499,0.9777484491832894
0.4554521423893978,0.5423926760042013,0.9434601957797386,0.41299039628192613,0.4866664953653499,0.9777484491832894
0.4397172967387933,0.5423926760042013,0.9434601957797386,0.397707976684588,0.49055679709366895,0.9777484491832894
0.4716583104559844,0.5423926760042013,0.9329194500895253,0.4123784987886004,0.49055679709366895,0.9727290846133501
0.41655540533959867,0.5423926760042013,0.9372748278835926,0.420952072701594,0.49055679709366895,0.9779316581069882
0.4295498992099243,0.5423926760042013,0.9250906691517274,0.42150459450544014,0.4881857164106971,0.9709675274064928
0.43230000182473144,0.5670671587172061,0.9169927692360942,0.42764004010862156,0.4881857164106971,0.9696069456439539
0.4499377612489354,0.5670671587172061,0.9099707786373998,0.4200258718173583,0.4881857164106971,0.9696069456439539
0.4533302690387544,0.5670671587172061,0.8981751703125104,0.4474667098245792,0.4881857164106971,0.9720838220929042
0.46185990630861895,0.5670671587172061,0.8767503339887722,0.4417050585092817,0.4881857164106971,0.9752862405807863
0.4146935053863903,0.5670671587172061,0.8495081660350976,0.4337601360827127,0.4981264746073498,0.9825388037521523
0.4542469666281434,0.5670671587172061,0.8691187196645812,0.4464815185761562,0.4981264746073498,0.9811143587468406
0.46471587436537726,0.5670671587172061,0.8718983554446385,0.44779476599686874,0.4839822790874686,0.979987615895473
0.46499548886546554,0.5670671587172061,0.8807990057056521,0.4543459947718673,0.4839822790874686,0.9831990505864232
0.43839880631619493,0.5670671587172061,0.8807990057056521,0.47747022428332336,0.4839822790874686,0.9800977518413024
0.3854549830653307,0.5670671587172061,0.8938905747934732,0.47548604617451035,0.4854776924463776,0.9783961113037473
0.4388782702514913,0.5670671587172061,0.8938905747934732,0.4482308118158491,0.4854776924463776,0.9743239996841585
0.4134823733821489,0.5670671587172061,0.883670206944234,0.45919292042783033,0.4854776924463776,0.9739373086667057
0.38932831219995134,0.5670671587172061,0.8843369547809313,0.4369934973316385,0.4854776924463776,0.9701478120187215
0.4086880885711156,0.5670671587172061,0.8956944956271684,0.45548907974828273,0.4854776924463776,0.9647526954610204
0.40306017410140155,0.5670671587172061,0.9090333963448549,0.45162011011623776,0.4854776924463776,0.9718243141488923
0.4228686085168213,0.5670671587172061,0.9090333963448549,0.443753241283267,0.4774891518100207,0.9726717352166115
0.41465953641276476,0.5670671587172061,0.904719391865812,0.4361037111060964,0.4774891518100207,0.9746691803470353
0.3939457056255995,0.5670671587172061,0.9266458416673372,0.440066490967896,0.4774891518100207,0.9790340535906903
0.41564058079267546,0.5670671587172061,0.9137924699577463,0.42533641738879685,0.4739093788412544,0.9803806851461769
0.4304097072360074,0.5670671587172061,0.921456549252168,0.42937598384917564,0.4857204576958837,0.979975023840136
0.4402785881290065,0.5670671587172061,0.921456549252168,0.41033793121449114,0.48150518286628957,0.9754298443702747
0.39663745865631855,0.5552255155962601,0.9163722539894105,0.40617113404831734,0.48150518286628957,0.9763348346800422
0.39059552917949675,0.5552255155962601,0.937631719956378,0.37154274126774156,0.48150518286628957,0.97235290433818
0.4105568807744834,0.5593493493949481,0.9336754655437733,0.37059140918608463,0.48150518286628957,0.9687872443965727
0.42596996196988207,0.5593493493949481,0.9288018928905768,0.3954040701016938,0.48150518286628957,0.9608687403279732
0.4104036586648436,0.5593493493949481,0.9329250538466527,0.4087243088782989,0.48150518286628957,0.9621408401123883
0.4432908598588443,0.5593493493949481,0.9122091264920116,0.42379576385695406,0.48150518286628957,0.9636748191921047
0.4631062623614374,0.5593493493949481,0.9122091264920116,0.4132418148710568,0.48150518286628957,0.9661954901546566
0.4283237530106199,0.5593493493949481,0.8898151044158915,0.39251681852483955,0.48150518286628957,0.9622094075120954
0.4388657831663742,0.5593493493949481,0.8898151044158915,0.39337120401613135,0.48150518286628957,0.9650076909637395
0.4169050265043625,0.5593493493949481,0.8925836011023138,0.39975860295390653,0.4817752740636247,0.9726035219473067
0.44172298994819664,0.5593493493949481,0.8925836011023138,0.3771818942292667,0.4817752740636247,0.9751566547271285
0.4382720798051072,0.5593493493949481,0.8924711035400701,0.37758903307092545,0.4817752740636247,0.9734791631416455
0.4404833731041511,0.5593493493949481,0.881223540764156,0.3781321467301763,0.4817752740636247,0.9774399904777177
0.4235513842614463,0.5593493493949481,0.881223540764156,0.35947939818533625,0.4817752740636247,0.9740563794029236
0.44154627692875176,0.5593493493949481,0.894056474724918,0.3949986759540368,0.4817752740636247,0.970232636006946
0.4733329256083573,0.5557811405831778,0.894056474724918,0.40707469793214524,0.4817752740636247,0.970232636006946
0.39986311604811275,0.5557811405831778,0.8926034639056278,0.39637905246000227,0.4817752740636247,0.970232636006946
0.4027235701251288,0.5557811405831778,0.8958661575283448,0.40515973719940584,0.4817752740636247,0.9735451423172597
0.4156331711099612,0.5557811405831778,0.9038109365374218,0.3581743026805535,0.4817752740636247,0.980254063064261
0.4104891957830327,0.5557811405831778,0.9038109365374218,0.3396851256516075,0.494956501105976,0.978128504455718
0.43755851354770803,0.5557811405831778,0.9078947164948435,0.3548357812691964,0.494956501105976,0.9781641876067678
0.4073430716465444,0.5557302437841836,0.9189171084606618,0.3507739195102255,0.494956501105976,0.9769304820298226
0.37347432785221574,0.5557302437841836,0.9239954334574476,0.3480903887016667,0.49158511301655067,0.9759138079019666
0.33144754672106885,0.5557302437841836,0.9136590076541252,0.31269861192943493,0.49158511301655067,0.9752867225415824
0.3639295224984783,0.5557302437841836,0.9116106204601565,0.3188346847354799,0.4729778375499938,0.9752867225415824
0.36683845921693525,0.5557302437841836,0.9170326268671236,0.3168452386869989,0.4597625890389263,0.9735245631757271
0.40279076317770424,0.5557302437841836,0.9092981285784394,0.31587291439662246,0.4597625890389263,0.9709267744385555
0.37496552831792107,0.5646352423314035,0.9092981285784394,0.2959877140024662,0.46608432544677314,0.9735033839391164
0.4060554466137709,0.5646352423314035,0.9113192187041275,0.3026530579459382,0.46608432544677314,0.977760616237825
0.3829064179709551,0.5646352423314035,0.8818831465557537,0.291652685561744,0.45492450303390886,0.9789893357995861
0.39285785155056535,0.5646352423314035,0.8899578012352471,0.31217477773542285,0.45492450303390886,0.9789893357995861
0.3838679417697341,0.5646352423314035,0.8827244233854372,0.3011676251379819,0.45492450303390886,0.9776844122295129
0.3508835466741562,0.5646352423314035,0.8853206536148933,0.30500749784110437,0.45492450303390886,0.9771934835562374
0.3458895977441487,0.5646352423314035,0.8853206536148933,0.3038272228031282,0.45492450303390886,0.9810071340556791
0.3428629841451261,0.5646352423314035,0.8979188963635203,0.29979280211553105,0.45492450303390886,0.9796111827829573
0.35633271050615795,0.5646352423314035,0.8942917686818177,0.2803844422158517,0.45492450303390886,0.9796728017621471
0.3637543141688901,0.5646352423314035,0.9111437034772663,0.27429439095109537,0.4610506440239726,0.9795180858965753
0.3461591127089039,0.5646352423314035,0.9111437034772663,0.2834533240085514,0.4610506440239726,0.9813283889851333
0.36094535523902743,0.5646352423314035,0.9144505919910975,0.27424358195297666,0.4610506440239726,0.9813283889851333
0.34505326365515143,0.5646352423314035,0.8922705194127387,0.2944475714876857,0.4610506440239726,0.977348048826851
0.3529359956768785,0.5646352423314035,0.9051548547655464,0.2885413140107117,0.4610506440239726,0.9705041689448266
0.35149907437184524,0.5646352423314035,0.9148770585669029,0.3330316523855822,0.4610506440239726,0.9683822768361653
0.36068998631753246,0.5646352423314035,0.9223522676814132,0.29044502631818975,0.4610506440239726,0.9684787386573303
0.35768720323484193,0.5646352423314035,0.926219245927741,0.28979813780192243,0.4610506440239726,0.9665553011660938
0.3684659360994501,0.5646352423314035,0.9268276603603461,0.28277217393003845,0.4610506440239726,0.9691630184757122
0.35095997196425144,0.5655862340393494,0.9397014290135841,0.33645540780188254,0.4495013325745521,0.9737506667431334
0.35960872842057867,0.5655862340393494,0.9397014290135841,0.3268412726820082,0.4495013325745521,0.9776518884624102
0.374969813300566,0.5566527777055662,0.9367764798850742,0.3042628197727339,0.4495013325745521,0.9753110242794263
0.4007005829588031,0.5566527777055662,0.9416352236152089,0.2942377891202461,0.45208213440115286,0.9753110242794263
0.38183463895371517,0.5648066448886041,0.9406330415468929,0.3103613521339777,0.45208213440115286,0.9758511040741509
0.40265408687137355,0.5648066448886041,0.9506629588050598,0.35420918739737217,0.4592044796269152,0.9722462516327024
0.388104828906395,0.5575539405330504,0.9440369152104516,0.348199050622021,0.4592044796269152,0.9788928515049591
0.3928827462272569,0.5575539405330504,0.9498549759295083,0.36511440486327296,0.4592044796269152,0.9760202940108342
0.37225062843298545,0.5575539405330504,0.9498549759295083,0.3378800776067308,0.4592044796269152,0.9754009568860691
0.3565810189124127,0.5575539405330504,0.9464638998022504,0.36519212823983543,0.4598120512481435,0.9794241949154278
0.3830623425317613,0.5575539405330504,0.9432718426883043,0.36637154720199494,0.4638006120722717,0.9794241949154278
0.3572558281040099,0.5575539405330504,0.9469649418393745,0.3374509070538589,0.4638006120722717,0.9795158115846986
0.3846723720586951,0.5575539405330504,0.9483285744206343,0.3675816381165283,0.4638006120722717,0.9795158115846986
0.3967185882721235,0.5575539405330504,0.9491482689896334,0.37220628952661555,0.4638006120722717,0.9795158115846986
0.36716624219377,0.5708871322303519,0.9491482689896334,0.35797985578376285,0.4638006120722717,0.9805640055697026
0.34291424307683277,0.5708871322303519,0.9420401772031015,0.3641067877231958,0.4638006120722717,0.9811683884496517
0.35053861250258983,0.5708871322303519,0.9343738690916857,0.3309557353711403,0.4638006120722717,0.9825024679280203
0.354136413392969,0.5672953074237752,0.9307926080535468,0.3801084480969881,0.4638006120722717,0.9807803793339506
0.3385813578961357,0.5672953074237752,0.9361339500876847,0.38826958014944596,0.4638006120722717,0.9860593229043663
0.3544740974003364,0.5672953074237752,0.9377252720906741,0.4053942734201408,0.4638006120722717,0.9893010045925735
0.34613381520721026,0.5754600208243313,0.9287560837256916,0.38140055305194975,0.46440187116375914,0.9874876615860002
0.3388513620376954,0.5779610015650974,0.9332860648211924,0.3717534747425175,0.46440187116375914,0.9858134362910111
0.3650948507072249,0.5663190840268943,0.9116084505151929,0.37676159733443665,0.46440187116375914,0.9821709061975986
0.392485700140102,0.5663190840268943,0.9116084505151929,0.39133741949017137,0.46440187116375914,0.9834227786899111
0.36356860949762976,0.5785148602959403,0.9116084505151929,0.398998094847407,0.46440187116375914,0.9825697915822424
0.3883861405860976,0.5785148602959403,0.9116084505151929,0.3763359295126828,0.46440187116375914,0.9830095196975747
0.3679147300481086,0.5785148602959403,0.9116084505151929,0.40620567838003846,0.45661839484744676,0.9821737796521046
0.4091245584946529,0.5653700408692186,0.9116084505151929,0.4127089573667629,0.45661839484744676,0.9820714668619285
0.412523728562445,0.5574759501722111,0.9081471795297923,0.4010706728235497,0.45661839484744676,0.9832753032466459
0.4155516898240741,0.5574759501722111,0.9081471795297923,0.4091109205311578,0.45661839484744676,0.9853532455350446
0.4098677414537242,0.5574759501722111,0.9098286075389743,0.3821031122888728,0.45661839484744676,0.987742315265503
0.404637824550552,0.5574759501722111,0.9098286075389743,0.4052101232364795,0.45661839484744676,0.9868245660017361
0.41527094713511237,0.5574759501722111,0.9098286075389743,0.3876771153924166,0.45661839484744676,0.99
0.4267169338186622,0.5427778305864587,0.8886839614558878,0.4046350516144724,0.4605072436316119,0.9880334473366348
0.42406296778442265,0.544010978360709,0.8886839614558878,0.4034529962977505,0.4605072436316119,0.99
0.41151686960025385,0.5400176402277836,0.8820766880328573,0.42313476513647635,0.4605072436316119,0.9886370679902892
0.4029788697554991,0.5400176402277836,0.8820766880328573,0.4125303019282705,0.47680997874848835,0.9864540360239236
0.4096069723399211,0.5400176402277836,0.8973494998771171,0.3848342290164778,0.47680997874848835,0.9850567005836627
0.38487912569950533,0.5400176402277836,0.8847151208860499,0.3867109528538179,0.47680997874848835,0.9824383804785153
0.3979010826920732,0.5400176402277836,0.8870313885337264,0.3759774656160301,0.47680997874848835,0.9803630169453668
0.42739016786648726,0.5400176402277836,0.8870313885337264,0.38786631035395097,0.47680997874848835,0.983234729534368
0.4306605398263073,0.5400176402277836,0.9082819012287008,0.39473411609158143,0.47680997874848835,0.9795276098615677
0.43020324383748676,0.5400176402277836,0.9102889523961235,0.36687437267137457,0.47680997874848835,0.9855339113346061
0.4317944059638681,0.567696812996571,0.9102889523961235,0.3810722356297965,0.470150524458191,0.9883753387639493
0.4250082396097301,0.5779053308780407,0.9102889523961235,0.39009407445497474,0.470150524458191,0.99
0.4196952272086544,0.5779053308780407,0.9110214988937806,0.3971418616080462,0.46287884138105345,0.99
0.4074005279731415,0.5779053308780407,0.9089428114191883,0.40149410398868024,0.46287884138105345,0.99
0.39231405267407177,0.5779053308780407,0.8952460849851963,0.4105822773330435,0.46287884138105345,0.99
0.38447038305723585,0.5779053308780407,0.8624219547133782,0.4150094951784974,0.46287884138105345,0.9895795789287593
0.3675450209056725,0.5779053308780407,0.8624219547133782,0.42826205460201805,0.46287884138105345,0.99
0.36098079552738155,0.5779053308780407,0.8480180118347567,0.4160540414711031,0.46287884138105345,0.9880156942994257
0.3529475843729572,0.5779053308780407,0.8440519238173924,0.4156405711862915,0.46287884138105345,0.9886676890969073
0.3828855642413334,0.5779053308780407,0.8375262126704498,0.4258680102190565,0.46287884138105345,0.9898029823028974
0.4025148850753079,0.5779053308780407,0.862996210321884,0.42929142064271913,0.46287884138105345,0.99
0.3514078256760527,0.5779053308780407,0.862996210321884,0.43920050026820534,0.46287884138105345,0.99
0.3686997975505916,0.5779053308780407,0.8438130561362043,0.4433208129385175,0.46287884138105345,0.9892824481408232
0.3952683478119106,0.5779053308780407,0.8800384043688773,0.44496976630599855,0.46287884138105345,0.99
0.38482772517507763,0.5779053308780407,0.8630725097585208,0.4453635665038927,0.46287884138105345,0.9899930664002772
0.37645309090652646,0.5779053308780407,0.8484246760531694,0.4121879062311365,0.46287884138105345,0.99
0.4075984264761277,0.5779053308780407,0.8484246760531694,0.4162070838345181,0.46287884138105345,0.99
0.41367976372226084,0.5806390864851503,0.8580634542073553,0.39542981692496487,0.46287884138105345,0.989637156815882
0.42022612863439635,0.5806390864851503,0.8580634542073553,0.41868895315671534,0.45931019757832825,0.99
