Model,Z,mu_prior_sd,tau_halfcauchy_scale,sigma_y_used,sigma_c_used,mu_mean,mu_sd,mu_2.5%,mu_97.5%,tau_mean,tau_sd,tau_2.5%,tau_97.5%,Rhat_mu,Rhat_tau,tau_accept_rate,Validation_RMSE,Validation_Bias,Validation_SE,Validation_Coverage
Ind_FixedZ0p5_muSD5_HC2p5_sigY1p36_sigC1p36,0.5,5.0,2.5,1.3580511528512091,1.3580511528512091,0.28686085481818097,0.1299225421296165,0.09340709970127231,0.4484778566066265,0.12844769390145858,0.09040894683547908,0.03651842927448142,0.27974629230563197,5.523457890733105,4.673173896014673,0.1855,1.7717909920426873,0.0562008158064471,1.7728149508895523,0.8898488120950324
Ind_FixedZ0p5_muSD10_HC2p5_sigY1p36_sigC1p36,0.5,10.0,2.5,1.3580511528512091,1.3580511528512091,0.2868655637879316,0.12992638859349787,0.09340739453820099,0.44848678927830976,0.12844769390145858,0.09040894683547908,0.03651842927448142,0.27974629230563197,5.523570368110491,4.673173896014673,0.1855,1.7717911396323593,0.05620546853674406,1.7728149508895523,0.8898488120950324
Ind_FixedZ0p5_muSD5_HC1p0_sigY2p04_sigC1p36,0.5,5.0,1.0,2.0370767292768135,1.3580511528512091,0.30833738959554485,0.12774833185801404,0.10553135802755033,0.4758955564560672,0.13722968825860005,0.08862077495200908,0.046601645853192986,0.273875973531481,4.856108612033366,6.404008478181748,0.2095,1.7730872739874648,0.08066143800580833,1.7731674979996173,0.9632829373650108
Ind_FixedZ0p5_muSD10_HC1p0_sigY2p04_sigC1p36,0.5,10.0,1.0,2.0370767292768135,1.3580511528512091,0.30834362884888716,0.1277531766956935,0.10553176899361436,0.475906694826447,0.13722968825860005,0.08862077495200908,0.046601645853192986,0.273875973531481,4.856239878370894,6.404008478181748,0.2095,1.773087554357746,0.08066760082708632,1.7731674979996173,0.9632829373650108
Ind_FixedZ0p5_muSD5_HC1p0_sigY1p7_sigC1p36,0.5,5.0,1.0,1.6975639410640113,1.3580511528512091,0.3757519030377037,0.058942533053806055,0.23434861286020203,0.4604589329925304,0.13762592571205737,0.05396164885492394,0.07877933663574234,0.22380490371128287,2.0169229425608264,6.429505947699703,0.1805,1.77470743786337,0.1431655930339534,1.7708368149774907,0.9308855291576674
Ind_FixedZ0p5_muSD10_HC1p0_sigY1p7_sigC1p36,0.5,10.0,1.0,1.6975639410640113,1.3580511528512091,0.375759231170462,0.05894522880844021,0.23435069751899454,0.4604691471281705,0.13762592571205737,0.05396164885492394,0.07877933663574234,0.22380490371128287,2.0169678532334747,6.429505947699703,0.1805,1.7747080241532431,0.14317286060948817,1.7708368149774907,0.9308855291576674
Ind_FixedZ0p5_muSD5_HC2p5_sigY1p36_sigC1p02,0.5,5.0,2.5,1.3580511528512091,1.0185383646384067,0.4271481191577507,0.024267548134393586,0.3811826535552435,0.4731858908859159,0.29306306370659885,0.04892145806983121,0.22491874838253026,0.4089127157981636,1.0211126364553753,1.0821066749200225,0.20900000000000002,1.7790886732758315,0.19891239528942803,1.7698462400705757,0.8855291576673866
Ind_FixedZ0p5_muSD10_HC2p5_sigY1p36_sigC1p02,0.5,10.0,2.5,1.3580511528512091,1.0185383646384067,0.42715418329965305,0.024267752016796734,0.3811882959827111,0.4731924699673962,0.29306306370659885,0.04892145806983121,0.22491874838253026,0.4089127157981636,1.0211124557662008,1.0821066749200225,0.20900000000000002,1.77908932350105,0.1989182108728204,1.7698462400705757,0.8855291576673866
Ind_FixedZ0p5_muSD5_HC5p0_sigY2p04_sigC1p02,0.5,5.0,5.0,2.0370767292768135,1.0185383646384067,0.44547227371496123,0.022055029428289314,0.4026679683093135,0.49093267035900295,0.28286276097823937,0.05773179969067255,0.17924499189313375,0.38009350518583257,1.0412672811471675,0.9999915775473087,0.2,1.7798657493418368,0.2154619248477254,1.7686872912779308,0.9632829373650108
Ind_FixedZ0p5_muSD10_HC5p0_sigY2p04_sigC1p02,0.5,10.0,5.0,2.0370767292768135,1.0185383646384067,0.44547943059190587,0.022055182882349495,0.40267457269054935,0.4909399375685411,0.28286276097823937,0.05773179969067255,0.17924499189313375,0.38009350518583257,1.041267736234747,0.9999915775473087,0.2,1.7798665823668622,0.21546880610706243,1.7686872912779308,0.9632829373650108
Ind_FixedZ0p5_muSD5_HC1p0_sigY1p36_sigC1p36,0.5,5.0,1.0,1.3580511528512091,1.3580511528512091,0.4275728041758367,0.020937720150257966,0.3819963495248268,0.473170949837964,0.17984128172448358,0.03529270157349948,0.11775923080355431,0.25656549622710795,1.3137270575715276,1.4577097725065977,0.201,1.7798732271181281,0.19500253377837842,1.7710723985558448,0.8790496760259179
Ind_FixedZ0p5_muSD10_HC1p0_sigY1p36_sigC1p36,0.5,10.0,1.0,1.3580511528512091,1.3580511528512091,0.4275816161836623,0.02093795221187797,0.38200443699399816,0.47317999269877414,0.17984128172448358,0.03529270157349948,0.11775923080355431,0.25656549622710795,1.3137366688949508,1.4577097725065977,0.201,1.7798741838648462,0.19501126623003354,1.7710723985558448,0.8790496760259179
Ind_FixedZ0p5_muSD5_HC5p0_sigY1p36_sigC1p36,0.5,5.0,5.0,1.3580511528512091,1.3580511528512091,0.4143324240404737,0.02170191335181981,0.36965006599128464,0.4557803422646964,0.22048998559686403,0.04064851923285074,0.1593505330586333,0.3097784254188509,1.1129478156860113,1.0663473472363056,0.216,1.7802311482653128,0.18324329164482459,1.7726905954956425,0.8768898488120951
Ind_FixedZ0p5_muSD10_HC5p0_sigY1p36_sigC1p36,0.5,10.0,5.0,1.3580511528512091,1.3580511528512091,0.4143410574174765,0.021702039654844105,0.36965824871264263,0.45578915246910656,0.22048998559686403,0.04064851923285074,0.1593505330586333,0.3097784254188509,1.1129487391932986,1.0663473472363056,0.216,1.7802320251287918,0.18325181028561593,1.7726905954956427,0.8768898488120951
Ind_FixedZ0p5_muSD5_HC2p5_sigY1p7_sigC1p36,0.5,5.0,2.5,1.6975639410640113,1.3580511528512091,0.418459888990395,0.024662699691477018,0.37461595438677514,0.46871213425659464,0.20355278900059326,0.03565145372467157,0.16349544969860244,0.3088745124252259,1.0963039264964574,0.99930513853629,0.1975,1.7802816451561694,0.1890973996332316,1.7721251904764996,0.9287257019438445
Ind_FixedZ0p5_muSD10_HC2p5_sigY1p7_sigC1p36,0.5,10.0,2.5,1.6975639410640113,1.3580511528512091,0.4184697671212533,0.024662947218253413,0.3746254047992381,0.4687218791944884,0.20355278900059326,0.03565145372467157,0.16349544969860244,0.3088745124252259,1.0963058660818783,0.99930513853629,0.1975,1.7802826824758493,0.18910716536265568,1.7721251904764996,0.9287257019438445
Ind_FixedZ0p5_muSD5_HC1p0_sigY1p36_sigC1p19,0.5,5.0,1.0,1.3580511528512091,1.1882947587448078,0.42371985426752273,0.02227762551430466,0.3884559920115341,0.4754675582452957,0.17142186463503983,0.07449445567944632,0.09810032680032772,0.34860184592444715,1.114388960165911,2.055505877616286,0.20950000000000002,1.7807342395619934,0.19284612079546115,1.7721760567780949,0.8812095032397408
Ind_FixedZ0p5_muSD10_HC1p0_sigY1p36_sigC1p19,0.5,10.0,1.0,1.3580511528512091,1.1882947587448078,0.4237270025773889,0.02227798156752498,0.38846269188378724,0.47547579005011253,0.17142186463503983,0.07449445567944632,0.09810032680032772,0.34860184592444715,1.114398818217452,2.055505877616286,0.20950000000000002,1.7807350037158878,0.19285317683784736,1.7721760567780949,0.8812095032397408
Ind_FixedZ0p5_muSD5_HC5p0_sigY1p36_sigC1p19,0.5,5.0,5.0,1.3580511528512091,1.1882947587448078,0.42690631812216795,0.02127300929184543,0.3786718239392475,0.47228058354456454,0.20187924745668787,0.028296105836476352,0.16706810687827126,0.25743102050524513,1.000367610426536,1.2779818208700409,0.2115,1.7810668475548612,0.19689707305505086,1.772064608168421,0.8812095032397408
Ind_FixedZ0p5_muSD10_HC5p0_sigY1p36_sigC1p19,0.5,10.0,5.0,1.3580511528512091,1.1882947587448078,0.42691369390036854,0.021273138080252964,0.3786791920977269,0.472288205906182,0.20187924745668787,0.028296105836476352,0.16706810687827126,0.25743102050524513,1.0003676669519,1.2779818208700409,0.2115,1.781067651131263,0.19690434181314842,1.772064608168421,0.8812095032397408
Ind_FixedZ0p5_muSD5_HC2p5_sigY2p04_sigC1p02,0.5,5.0,2.5,2.0370767292768135,1.0185383646384067,0.443936142870543,0.021192840278302667,0.3951105954222247,0.48105259595860833,0.290226620429569,0.051902882293324654,0.22548486200988643,0.39959561528466936,1.067596807016816,1.2166342366660654,0.21250000000000002,1.7812575999060754,0.2142347072651423,1.7702402342646448,0.9676025917926566
Ind_FixedZ0p5_muSD10_HC2p5_sigY2p04_sigC1p02,0.5,10.0,2.5,2.0370767292768135,1.0185383646384067,0.44394329139766187,0.0211930037257759,0.39511728932878354,0.4810601820722493,0.290226620429569,0.051902882293324654,0.22548486200988643,0.39959561528466936,1.0675967209723751,1.2166342366660654,0.21250000000000002,1.7812584251717034,0.2142415688399588,1.7702402342646448,0.9676025917926566
Ind_FixedZ0p5_muSD5_HC5p0_sigY1p7_sigC1p02,0.5,5.0,5.0,1.6975639410640113,1.0185383646384067,0.43450107322974757,0.02617449212510492,0.37311969807263107,0.49060109248774175,0.1623443831061582,0.03500237253836045,0.1214792460402747,0.23510217730911337,1.165194001896821,2.394036542864366,0.188,1.7814792620585054,0.20433781595930994,1.7716358129284182,0.9330453563714903
Ind_FixedZ0p5_muSD10_HC5p0_sigY1p7_sigC1p02,0.5,10.0,5.0,1.6975639410640113,1.0185383646384067,0.4345073865774977,0.026174918323800422,0.37312453530581413,0.49060835445293255,0.1623443831061582,0.03500237253836045,0.1214792460402747,0.23510217730911337,1.165199332557102,2.394036542864366,0.188,1.7814799761635414,0.20434404165073325,1.7716358129284182,0.9330453563714903
Ind_FixedZ0p5_muSD5_HC2p5_sigY1p7_sigC1p19,0.5,5.0,2.5,1.6975639410640113,1.1882947587448078,0.4357496933933756,0.025720107277703474,0.37986237897484154,0.47982723891552953,0.2429016404895492,0.05488222565439897,0.17328279003399977,0.3700526221714927,1.0005434653105278,1.0084639965301925,0.21050000000000002,1.7817537990461434,0.2020516868843936,1.7721751832509411,0.9330453563714903
Ind_FixedZ0p5_muSD10_HC2p5_sigY1p7_sigC1p19,0.5,10.0,2.5,1.6975639410640113,1.1882947587448078,0.4357581678399482,0.025720369226989465,0.3798700899232818,0.47983599995852677,0.2429016404895492,0.05488222565439897,0.17328279003399977,0.3700526221714927,1.0005433993076185,1.0084639965301925,0.21050000000000002,1.7817547394291042,0.20205997930203662,1.772175183250941,0.9330453563714903
Ind_FixedZ0p5_muSD5_HC1p0_sigY1p7_sigC1p19,0.5,5.0,1.0,1.6975639410640113,1.1882947587448078,0.43374340358690605,0.021307005676849084,0.3888636658820305,0.4704501215332091,0.22230670674678457,0.030676280171272875,0.17002563843484378,0.27675020697579705,1.0159204157770265,1.1793775155677975,0.1995,1.782022366516861,0.207544703570931,1.7718096050066359,0.9330453563714903
Ind_FixedZ0p5_muSD10_HC1p0_sigY1p7_sigC1p19,0.5,10.0,1.0,1.6975639410640113,1.1882947587448078,0.43375175792393916,0.02130713249286031,0.3888718424478222,0.4704590098919535,0.22230670674678457,0.030676280171272875,0.17002563843484378,0.27675020697579705,1.0159207446579186,1.1793775155677975,0.1995,1.7820233225448585,0.20755291206776197,1.7718096050066359,0.9330453563714903
Ind_FixedZ0p5_muSD5_HC5p0_sigY1p7_sigC1p36,0.5,5.0,5.0,1.6975639410640113,1.3580511528512091,0.4229579165136663,0.028803230935208604,0.36404859269945056,0.4728260118085987,0.23362523150030345,0.03636929301022208,0.15995593210371722,0.2981044845169718,1.0175984861083427,1.1498669788817462,0.218,1.7820373093836883,0.1995817933907717,1.7727412608134794,0.9308855291576674
Ind_FixedZ0p5_muSD10_HC5p0_sigY1p7_sigC1p36,0.5,10.0,5.0,1.6975639410640113,1.3580511528512091,0.42296797404283315,0.028803528525931366,0.3640582507320681,0.4728366387534709,0.23362523150030345,0.03636929301022208,0.15995593210371722,0.2981044845169718,1.0175996526027553,1.1498669788817462,0.218,1.7820384192472405,0.19959170296088286,1.7727412608134796,0.9308855291576674
Ind_FixedZ0p5_muSD5_HC1p0_sigY1p36_sigC1p02,0.5,5.0,1.0,1.3580511528512091,1.0185383646384067,0.43392267140932633,0.021598768655610466,0.3918880411580668,0.4723043644163748,0.24782396790480735,0.04756827689356268,0.18122200851217396,0.3557826132163945,1.0050932319481676,1.5928544927876884,0.20500000000000002,1.7822149992983416,0.20499568790095746,1.7723011029525286,0.8833693304535637
Ind_FixedZ0p5_muSD10_HC1p0_sigY1p36_sigC1p02,0.5,10.0,1.0,1.3580511528512091,1.0185383646384067,0.43392873871504745,0.021598930699146666,0.3918937352818784,0.4723105388220056,0.24782396790480735,0.04756827689356268,0.18122200851217396,0.3557826132163945,1.0050929056123494,1.5928544927876884,0.20500000000000002,1.7822156763797607,0.2050015743055845,1.7723011029525286,0.8833693304535637
Ind_FixedZ0p5_muSD5_HC5p0_sigY1p36_sigC1p02,0.5,5.0,5.0,1.3580511528512091,1.0185383646384067,0.42743687419560844,0.02168929614555905,0.38101860018988487,0.4673741217164248,0.28734922970243204,0.053470478938324295,0.19781185852634173,0.3718754869024079,1.0942774360969365,1.0012932540302453,0.2115,1.7828998149119684,0.19339157968093074,1.7742972878404357,0.8855291576673866
Ind_FixedZ0p5_muSD10_HC5p0_sigY1p36_sigC1p02,0.5,10.0,5.0,1.3580511528512091,1.0185383646384067,0.42744292816008833,0.021689447922628606,0.3810243362930972,0.46738079984862707,0.28734922970243204,0.053470478938324295,0.19781185852634173,0.3718754869024079,1.0942789034642169,1.0012932540302453,0.2115,1.7829004456349409,0.19339739430412423,1.7742972878404357,0.8855291576673866
Ind_FixedZ0p5_muSD5_HC2p5_sigY1p36_sigC1p19,0.5,5.0,2.5,1.3580511528512091,1.1882947587448078,0.42906768952649843,0.019436604770562096,0.3953625594245245,0.4716300468193217,0.19143620185648502,0.04115943557043938,0.12286151851626459,0.2921443081200143,1.0018701797329992,1.1845035359965204,0.21650000000000003,1.7831358302151195,0.1952988612556586,1.7743256126197002,0.8812095032397408
Ind_FixedZ0p5_muSD10_HC2p5_sigY1p36_sigC1p19,0.5,10.0,2.5,1.3580511528512091,1.1882947587448078,0.42907506919065586,0.01943671543013378,0.3953697295345093,0.47163798603193785,0.19143620185648502,0.04115943557043938,0.12286151851626459,0.2921443081200143,1.0018703889509257,1.1845035359965204,0.21650000000000003,1.7831366275682108,0.19530614118896922,1.7743256126197,0.8812095032397408
Ind_FixedZ0p5_muSD5_HC1p0_sigY1p7_sigC1p02,0.5,5.0,1.0,1.6975639410640113,1.0185383646384067,0.44333641889334624,0.02137725758036647,0.3923529242567721,0.48254873963831024,0.25662876892817327,0.04480813516596586,0.1749574223733763,0.3458577545102099,1.001611528541635,1.0312274948091085,0.197,1.7832446384755811,0.21050791324062876,1.7726914496587254,0.9352051835853131
Ind_FixedZ0p5_muSD10_HC1p0_sigY1p7_sigC1p02,0.5,10.0,1.0,1.6975639410640113,1.0185383646384067,0.44334315752822134,0.02137741035339321,0.39235901150282965,0.48255597156052643,0.25662876892817327,0.04480813516596586,0.1749574223733763,0.3458577545102099,1.0016114688233282,1.0312274948091085,0.197,1.7832454088254663,0.21051443889225746,1.7726914496587252,0.9352051835853131
Ind_FixedZ0p5_muSD5_HC5p0_sigY1p7_sigC1p19,0.5,5.0,5.0,1.6975639410640113,1.1882947587448078,0.4354412668071931,0.027795394238894745,0.3907587588134046,0.5012422172000458,0.25187930177900764,0.047975921318147534,0.18568241731082713,0.36204966251086745,1.2683501379367048,1.213902293898854,0.223,1.7834613181097714,0.20179825383710354,1.7739245474781267,0.9352051835853131
Ind_FixedZ0p5_muSD10_HC5p0_sigY1p7_sigC1p19,0.5,10.0,5.0,1.6975639410640113,1.1882947587448078,0.43544969168687553,0.02779567706337212,0.3907667243143634,0.5012514189630458,0.25187930177900764,0.047975921318147534,0.18568241731082713,0.36204966251086745,1.2683530297506,1.213902293898854,0.223,1.7834622497524524,0.20180648738318768,1.7739245474781267,0.9352051835853131
Ind_FixedZ0p5_muSD5_HC2p5_sigY1p7_sigC1p02,0.5,5.0,2.5,1.6975639410640113,1.0185383646384067,0.4433928867623329,0.021375784299809766,0.407664012631015,0.48993999122638776,0.2675555185430122,0.0405901484088728,0.20016989744164826,0.3516628907216191,1.0207759510513474,1.9567441840564335,0.1825,1.7839523674447486,0.2115565667745909,1.7732798683394493,0.9352051835853131
Ind_FixedZ0p5_muSD10_HC2p5_sigY1p7_sigC1p02,0.5,10.0,2.5,1.6975639410640113,1.0185383646384067,0.44339963616682115,0.02137589611517504,0.4076706148427382,0.48994682671072404,0.2675555185430122,0.0405901484088728,0.20016989744164826,0.3516628907216191,1.0207754946490568,1.9567441840564335,0.1825,1.7839531406029343,0.21156308633785825,1.7732798683394493,0.9352051835853131
Ind_FixedZ0p5_muSD5_HC5p0_sigY2p04_sigC1p36,0.5,5.0,5.0,2.0370767292768135,1.3580511528512091,0.43106141209314536,0.030975199513186256,0.3750496950796511,0.48648639659723575,0.21439622158652222,0.036140015532238196,0.1638984873848896,0.29433190218996946,1.2416373988863203,1.0617949550968662,0.224,1.7847490937975306,0.20400651886558596,1.7749690804678997,0.9676025917926566
Ind_FixedZ0p5_muSD10_HC5p0_sigY2p04_sigC1p36,0.5,10.0,5.0,2.0370767292768135,1.3580511528512091,0.4310723915075005,0.03097556664630754,0.37505972695000006,0.4864979904051996,0.21439622158652222,0.036140015532238196,0.1638984873848896,0.29433190218996946,1.2416428767185037,1.0617949550968662,0.224,1.784750332923175,0.20401735906028204,1.7749690804678997,0.9676025917926566
Ind_FixedZ0p5_muSD5_HC2p5_sigY2p04_sigC1p19,0.5,5.0,2.5,2.0370767292768135,1.1882947587448078,0.44600117656053434,0.021957076071698833,0.410161832954235,0.4935035944842231,0.18736022740539024,0.04560114135973287,0.12561670150878868,0.32151931373085774,1.0475601065155453,1.1206554453604411,0.1995,1.785096717862157,0.2127968083139609,1.774284964361355,0.9632829373650108
Ind_FixedZ0p5_muSD10_HC2p5_sigY2p04_sigC1p19,0.5,10.0,2.5,2.0370767292768135,1.1882947587448078,0.4460103141017025,0.021957258606140853,0.410170817396459,0.493512946967365,0.18736022740539024,0.04560114135973287,0.12561670150878868,0.32151931373085774,1.0475619839708061,1.1206554453604411,0.1995,1.7850977929682268,0.2128058269089396,1.7742849643613552,0.9632829373650108
Ind_FixedZ0p5_muSD5_HC5p0_sigY2p04_sigC1p19,0.5,5.0,5.0,2.0370767292768135,1.1882947587448078,0.4249437433727617,0.025548068699423263,0.3731345316965533,0.46969145685821023,0.21729265875963713,0.04823730158265923,0.13461399515388922,0.32406949083268893,1.0045943241718789,1.690179656846703,0.22449999999999998,1.7854393278748855,0.19290466065423975,1.776907658165831,0.9654427645788337
Ind_FixedZ0p5_muSD10_HC5p0_sigY2p04_sigC1p19,0.5,10.0,5.0,2.0370767292768135,1.1882947587448078,0.42495248380014766,0.025548284793761707,0.37314268895203784,0.46970075239602305,0.21729265875963713,0.04823730158265923,0.13461399515388922,0.32406949083268893,1.004594323097544,1.690179656846703,0.22449999999999998,1.78544025606101,0.19291325134114154,1.776907658165831,0.9654427645788337
Ind_FixedZ0p5_muSD5_HC1p0_sigY2p04_sigC1p02,0.5,5.0,1.0,2.0370767292768135,1.0185383646384067,0.43829602101347565,0.01998025778631293,0.40062323757727614,0.47894995336066165,0.24264716624533653,0.04308876110542731,0.18402197662806724,0.3515399179690363,1.1645441880007807,1.2161690560570686,0.2015,1.7855000645514332,0.210088013173994,1.775015050146084,0.9654427645788337
Ind_FixedZ0p5_muSD10_HC1p0_sigY2p04_sigC1p02,0.5,10.0,1.0,2.0370767292768135,1.0185383646384067,0.43830297978183347,0.019980423205847832,0.4006300335248017,0.4789575083354164,0.24264716624533653,0.04308876110542731,0.18402197662806724,0.3515399179690363,1.1645488793276337,1.2161690560570686,0.2015,1.785500860045339,0.21009477382569336,1.775015050146084,0.9654427645788337
Ind_FixedZ0p5_muSD5_HC1p0_sigY2p04_sigC1p19,0.5,5.0,1.0,2.0370767292768135,1.1882947587448078,0.4509663399513337,0.023904750727997758,0.40362434769464556,0.4937552372765804,0.18948219958661533,0.0379671729853623,0.12420509238695698,0.2659902330414859,1.1778676868875557,1.4493848011597905,0.1865,1.7858176535178698,0.2236306040433258,1.773676607216034,0.9632829373650108
Ind_FixedZ0p5_muSD10_HC1p0_sigY2p04_sigC1p19,0.5,10.0,1.0,2.0370767292768135,1.1882947587448078,0.45097550356326405,0.023904982308759832,0.4036330645245735,0.4937644362767697,0.18948219958661533,0.0379671729853623,0.12420509238695698,0.2659902330414859,1.1778752695726542,1.4493848011597905,0.1865,1.785818785959337,0.22363964705300757,1.773676607216034,0.9632829373650108
Ind_FixedZ0p5_muSD5_HC2p5_sigY2p04_sigC1p36,0.5,5.0,2.5,2.0370767292768135,1.3580511528512091,0.4464046910874407,0.026917161218966566,0.39890066854534034,0.5031605335914682,0.20522162391372864,0.04134675957025904,0.14371501457009617,0.2755434275518931,1.0006226236912559,1.345054662162305,0.1865,1.7876457398664585,0.2169709493866984,1.7763490793885757,0.9654427645788337
Ind_FixedZ0p5_muSD10_HC2p5_sigY2p04_sigC1p36,0.5,10.0,2.5,2.0370767292768135,1.3580511528512091,0.4464160239048128,0.02691752638788917,0.3989109881433519,0.5031725819470546,0.20522162391372864,0.04134675957025904,0.14371501457009617,0.2755434275518931,1.0006228851323986,1.345054662162305,0.1865,1.7876470990866147,0.21698214785520006,1.7763490793885757,0.9654427645788337
Ind_FixedZ0p5_muSD5_HC5p0_sigY1p36_sigC0p849,0.5,5.0,5.0,1.3580511528512091,0.8487819705320057,0.4403102016292498,0.021362564089879788,0.39755054655256794,0.4819992508507829,0.5932431363170951,0.027275775928382935,0.5448910482284935,0.6576439765892323,0.9996093207936084,0.9993316062718066,0.199,1.7972322177226177,0.21212514654709594,1.7866002929614744,0.8920086393088553
Ind_FixedZ0p5_muSD10_HC5p0_sigY1p36_sigC0p849,0.5,10.0,5.0,1.3580511528512091,0.8487819705320057,0.4403159245085313,0.021362699365893956,0.39755564339459115,0.4820050792433351,0.5932431363170951,0.027275775928382935,0.5448910482284935,0.6576439765892323,0.9996093263016839,0.9993316062718066,0.199,1.7972327603577127,0.21212974397870807,1.7866002929614744,0.8920086393088553
Ind_FixedZ0p5_muSD5_HC2p5_sigY1p36_sigC0p849,0.5,5.0,2.5,1.3580511528512091,0.8487819705320057,0.4373190732706163,0.01996634411014734,0.3976249211594961,0.473965421526075,0.5886393296076253,0.026198564371982296,0.5344090905482968,0.6441435601549691,1.0182336819178914,1.0332393367793486,0.2115,1.8013772522341511,0.20803201567691296,1.7912600968096415,0.8941684665226782
Ind_FixedZ0p5_muSD10_HC2p5_sigY1p36_sigC0p849,0.5,10.0,2.5,1.3580511528512091,0.8487819705320057,0.43732474116074094,0.01996647725646503,0.39763039792616445,0.473971011482403,0.5886393296076253,0.026198564371982296,0.5344090905482968,0.6441435601549691,1.0182336132242,1.0332393367793486,0.2115,1.8013777797196335,0.20803658319530097,1.7912600968096415,0.8941684665226782
Ind_FixedZ0p5_muSD5_HC5p0_sigY1p7_sigC0p849,0.5,5.0,5.0,1.6975639410640113,0.8487819705320057,0.44693920570223644,0.02114374487634171,0.4050093436592192,0.4880340970838366,0.6212429634546102,0.033211048925565666,0.5626294287566924,0.7061380786735943,1.0075998175384855,1.004004931283174,0.20650000000000002,1.802917426252692,0.21382273131779983,1.7921294213026793,0.9438444924406048
Ind_FixedZ0p5_muSD10_HC5p0_sigY1p7_sigC0p849,0.5,10.0,5.0,1.6975639410640113,0.8487819705320057,0.4469454162337183,0.021143894924076926,0.40501528050303304,0.4880403885002713,0.6212429634546102,0.033211048925565666,0.5626294287566924,0.7061380786735943,1.0076000104910672,1.004004931283174,0.20650000000000002,1.8029180067777728,0.21382762615272582,1.7921294213026795,0.9438444924406048
Ind_FixedZ0p5_muSD5_HC1p0_sigY2p04_sigC0p849,0.5,5.0,1.0,2.0370767292768135,0.8487819705320057,0.45321718911845793,0.022523268071473156,0.4071165499927194,0.49684632986085747,0.62850178253881,0.03237753257599295,0.5603176352171151,0.6857434466642847,1.0062058247845487,1.0023538327470294,0.1775,1.8036565627334362,0.21854746213666054,1.7923035816046404,0.9568034557235421
Ind_FixedZ0p5_muSD10_HC1p0_sigY2p04_sigC0p849,0.5,10.0,1.0,2.0370767292768135,0.8487819705320057,0.45322368760837484,0.022523435970236663,0.4071226646707018,0.4968530254929834,0.62850178253881,0.03237753257599295,0.5603176352171151,0.6857434466642847,1.0062059532225078,1.0023538327470294,0.1775,1.8036571803641577,0.21855255934022982,1.7923035816046404,0.9568034557235421
Ind_FixedZ0p5_muSD5_HC1p0_sigY1p7_sigC0p849,0.5,5.0,1.0,1.6975639410640113,0.8487819705320057,0.4463965828913407,0.022016385813538646,0.40330429702905224,0.48984338000893796,0.6144568297176726,0.02815266268554915,0.5702271690240958,0.6731412302764135,1.0027840823378822,1.0325481973610218,0.1895,1.803679554364546,0.21821513543346824,1.7923673475997555,0.937365010799136
Ind_FixedZ0p5_muSD10_HC1p0_sigY1p7_sigC0p849,0.5,10.0,1.0,1.6975639410640113,0.8487819705320057,0.4464027519305624,0.022016548106872563,0.403310175740538,0.4898500120525475,0.6144568297176726,0.02815266268554915,0.5702271690240958,0.6731412302764135,1.002783980416463,1.0325481973610218,0.1895,1.8036801454735452,0.2182200212515549,1.7923673475997555,0.937365010799136
Ind_FixedZ0p5_muSD5_HC2p5_sigY1p7_sigC0p849,0.5,5.0,2.5,1.6975639410640113,0.8487819705320057,0.44657028005962024,0.02068200420553791,0.4055396343797771,0.48601195045738393,0.6223815628702883,0.029362750598034563,0.5684437576058059,0.6830177054736826,1.0004202024156654,0.9993237763794872,0.2115,1.8047446803786775,0.21256645391809317,1.794121252690912,0.937365010799136
Ind_FixedZ0p5_muSD10_HC2p5_sigY1p7_sigC0p849,0.5,10.0,2.5,1.6975639410640113,0.8487819705320057,0.44657649111662434,0.0206821358150005,0.40554543215017547,0.48601869999497577,0.6223815628702883,0.029362750598034563,0.5684437576058059,0.6830177054736826,1.000420214457052,0.9993237763794872,0.2115,1.8047452567152868,0.21257134711080938,1.7941212526909118,0.937365010799136
Ind_FixedZ0p5_muSD5_HC5p0_sigY2p04_sigC0p849,0.5,5.0,5.0,2.0370767292768135,0.8487819705320057,0.44875275884228116,0.021406679444087758,0.40777897042374944,0.49040890277634147,0.634070681843472,0.023697184071059623,0.5879747639095814,0.6785145537288668,1.0035730463988668,1.182882585533196,0.21350000000000002,1.8054590189140325,0.2160083815406552,1.7944295033682922,0.9632829373650108
Ind_FixedZ0p5_muSD10_HC5p0_sigY2p04_sigC0p849,0.5,10.0,5.0,2.0370767292768135,0.8487819705320057,0.4487592194070302,0.02140682841470085,0.4077851622012399,0.4904159023017096,0.634070681843472,0.023697184071059623,0.5879747639095814,0.6785145537288668,1.0035728124623757,1.182882585533196,0.21350000000000002,1.8054596230881663,0.21601343134040524,1.7944295033682922,0.9632829373650108
Ind_FixedZ0p5_muSD5_HC1p0_sigY1p36_sigC0p849,0.5,5.0,1.0,1.3580511528512091,0.8487819705320057,0.4391478462212049,0.021352073593829582,0.3964375614003544,0.48259732581318365,0.6004873728501222,0.02539110595141309,0.5424837427207235,0.657836045878775,1.00086302823062,1.0570018350904509,0.206,1.8063893981663133,0.20850333408632865,1.7962566023788598,0.8876889848812095
Ind_FixedZ0p5_muSD10_HC1p0_sigY1p36_sigC0p849,0.5,10.0,1.0,1.3580511528512091,0.8487819705320057,0.4391535878424613,0.021352203136847856,0.39644303915555373,0.48260333176095876,0.6004873728501222,0.02539110595141309,0.5424837427207235,0.657836045878775,1.0008629430660338,1.0570018350904509,0.206,1.8063899281094944,0.20850792525197726,1.7962566023788598,0.8876889848812095
Ind_FixedZ0p5_muSD5_HC2p5_sigY2p04_sigC0p849,0.5,5.0,2.5,2.0370767292768135,0.8487819705320057,0.44885225516765004,0.02340840230568248,0.40026282369727917,0.4931653365495805,0.6543436509869966,0.02321666058455243,0.6131149689239919,0.6963835226543885,0.999343270980705,1.0075097675835738,0.19,1.8100000294103322,0.21722723940396255,1.7988611455241323,0.9632829373650108
Ind_FixedZ0p5_muSD10_HC2p5_sigY2p04_sigC0p849,0.5,10.0,2.5,2.0370767292768135,0.8487819705320057,0.44885881610071837,0.023408578611116112,0.4002688492497378,0.49317201575930686,0.6543436509869966,0.02321666058455243,0.6131149689239919,0.6963835226543885,0.9993432769348888,1.0075097675835738,0.19,1.8100006362239256,0.21723229549189835,1.7988611455241321,0.9632829373650108
