mu_chain_1,tau_chain_1,Z_mean_chain_1,mu_chain_2,tau_chain_2,Z_mean_chain_2
0.3870183782614826,0.3528784947972086,0.8990239459078505,0.3422114866579877,0.3021599899829897,0.9243809537130465
0.38252288396799217,0.3528784947972086,0.8990239459078505,0.34035409926947047,0.3021599899829897,0.9243809537130465
0.37031687864329166,0.3528784947972086,0.8990239459078505,0.3375152025946916,0.2974671892849752,0.9243809537130465
0.37701413777024045,0.3528784947972086,0.8990239459078505,0.35171014729820327,0.2974671892849752,0.9243809537130465
0.36918143093648664,0.3528784947972086,0.9076093875509036,0.3655894161483904,0.2868478547216511,0.9243809537130465
0.37168173053500403,0.34763594226037436,0.9076093875509036,0.3611155739342974,0.29334957776521947,0.9243809537130465
0.3644482483017616,0.34763594226037436,0.9076093875509036,0.34904376156207456,0.29334957776521947,0.9243809537130465
0.38026160232998596,0.34763594226037436,0.9076093875509036,0.363576568819321,0.29334957776521947,0.9243809537130465
0.3904797744483111,0.34763594226037436,0.9076093875509036,0.3737921708656247,0.29334957776521947,0.9243809537130465
0.3856675759544951,0.3546344200185166,0.9076093875509036,0.364636783940538,0.29334957776521947,0.9243809537130465
0.39040053671928976,0.3546344200185166,0.9076093875509036,0.3662914823761498,0.29334957776521947,0.9243809537130465
0.39461530424761065,0.3546344200185166,0.9076093875509036,0.37066506240145636,0.29334957776521947,0.9243809537130465
0.39976071911481603,0.3546344200185166,0.9076093875509036,0.36877330491055693,0.29334957776521947,0.9243809537130465
0.4103531118893916,0.3546344200185166,0.9076093875509036,0.3655715322645932,0.28067847899274073,0.9243809537130465
0.4033692817148169,0.3546344200185166,0.9076093875509036,0.36362674088712826,0.28067847899274073,0.9243809537130465
0.3816625750248959,0.3546344200185166,0.9076093875509036,0.365118854393631,0.28067847899274073,0.9243809537130465
0.3795952475602914,0.3546344200185166,0.9076093875509036,0.36645944931270086,0.28067847899274073,0.9243809537130465
0.38036860406292794,0.3546344200185166,0.9076093875509036,0.36581516445454476,0.28067847899274073,0.9243809537130465
0.37416931885390564,0.3546344200185166,0.9076093875509036,0.3476939632794946,0.28067847899274073,0.9243809537130465
0.369361259548274,0.3546344200185166,0.9076093875509036,0.3291366859011754,0.28067847899274073,0.9243809537130465
0.36855561791284175,0.3546344200185166,0.9076093875509036,0.3362321115580937,0.28067847899274073,0.9243809537130465
0.363088805907478,0.3546344200185166,0.9076093875509036,0.33315004522157843,0.28067847899274073,0.9243809537130465
0.3571865754517286,0.3546344200185166,0.9076093875509036,0.32763476722219803,0.28052075191584275,0.9243809537130465
0.35166833696271665,0.3546344200185166,0.9076093875509036,0.31863147119966334,0.28052075191584275,0.9243809537130465
0.34833459749353446,0.3581482607388019,0.9076093875509036,0.31918734621620903,0.28052075191584275,0.9243809537130465
0.3514364567974543,0.3581482607388019,0.9076093875509036,0.3185864087914386,0.2661988368433725,0.9243809537130465
0.3338812613289068,0.3624742418147774,0.9076093875509036,0.3148830865869952,0.2661988368433725,0.9243809537130465
0.35310405093532266,0.3624742418147774,0.9076093875509036,0.3115696402437528,0.2661988368433725,0.9243809537130465
0.35282581008742114,0.3624742418147774,0.9076093875509036,0.3063543359386913,0.2661988368433725,0.9243809537130465
0.355869706142752,0.3624742418147774,0.9076093875509036,0.3086128291271376,0.2661988368433725,0.9243809537130465
0.35821505496429296,0.3624742418147774,0.9076093875509036,0.32214680916806515,0.2661988368433725,0.9243809537130465
0.36262218035659993,0.3624742418147774,0.9076093875509036,0.32630052498614115,0.2661988368433725,0.9243809537130465
0.3645679509986012,0.3624742418147774,0.9076093875509036,0.3138759097250691,0.2661988368433725,0.9243809537130465
0.36210824062584396,0.3624742418147774,0.9076093875509036,0.3286001266163912,0.27084817082495277,0.9243809537130465
0.3576778199526546,0.3624742418147774,0.9076093875509036,0.32270918191811815,0.27084817082495277,0.9243809537130465
0.35393645980907734,0.3624742418147774,0.9076093875509036,0.32941652833814533,0.27084817082495277,0.9243809537130465
0.34310243302294624,0.3624742418147774,0.9076093875509036,0.3266225172980837,0.27084817082495277,0.9243809537130465
0.3464489075815888,0.3624742418147774,0.9076093875509036,0.3306658187234028,0.27084817082495277,0.9243809537130465
0.3546929628919217,0.3624742418147774,0.9076093875509036,0.3393992826772702,0.27084817082495277,0.9243809537130465
0.33998910026509993,0.3624742418147774,0.9076093875509036,0.3385401347502605,0.2724676132123639,0.9243809537130465
0.325412951065956,0.3624742418147774,0.9076093875509036,0.3416674079234669,0.2724676132123639,0.9243809537130465
0.32291810581055486,0.36308817661016685,0.9076093875509036,0.33697582506885704,0.2724676132123639,0.9243809537130465
0.3246225187391073,0.36308817661016685,0.9076093875509036,0.3455792439279391,0.2724676132123639,0.9243809537130465
0.32655917631480885,0.36308817661016685,0.9076093875509036,0.3544885051886103,0.27033593198546807,0.9243809537130465
0.33215354441328643,0.36308817661016685,0.9076093875509036,0.3601247041599156,0.27033593198546807,0.9243809537130465
0.33145855344987063,0.36308817661016685,0.9076093875509036,0.35714739540250295,0.27033593198546807,0.9243809537130465
0.32942746485000834,0.3646358242304131,0.9076093875509036,0.3569674881980704,0.27033593198546807,0.9243809537130465
0.31151496896054043,0.3646358242304131,0.9076093875509036,0.34814636338389193,0.27033593198546807,0.9243809537130465
0.3110581853148731,0.3646358242304131,0.9076093875509036,0.33476005931180064,0.27033593198546807,0.9243809537130465
0.3005020813543975,0.3646358242304131,0.9076093875509036,0.3332934179234036,0.27033593198546807,0.9243809537130465
0.304449327284879,0.3646358242304131,0.9076093875509036,0.3307768456134479,0.27033593198546807,0.9243809537130465
0.30766142863882356,0.3646358242304131,0.9076093875509036,0.3397917412788239,0.27033593198546807,0.9243809537130465
0.29445510471275493,0.3646358242304131,0.9076093875509036,0.34134391882244175,0.27033593198546807,0.9243809537130465
0.2876830354865632,0.3646358242304131,0.9076093875509036,0.3463557944419758,0.27033593198546807,0.9243809537130465
0.282286876047865,0.3646358242304131,0.9076093875509036,0.3417105128122033,0.27033593198546807,0.9243809537130465
0.28612787631669834,0.3646358242304131,0.9076093875509036,0.335879548536041,0.27033593198546807,0.9243809537130465
0.2768480816968853,0.3646358242304131,0.9076093875509036,0.3374559907488982,0.26708900607869107,0.9243809537130465
0.3024284090565909,0.3646358242304131,0.9076093875509036,0.3246103505526815,0.26708900607869107,0.9243809537130465
0.2967186693474488,0.3646358242304131,0.9076093875509036,0.33416699415393497,0.26187043286513156,0.9243809537130465
0.2964163480089132,0.3646358242304131,0.9076093875509036,0.3364091646074426,0.26187043286513156,0.9243809537130465
0.29987378561238254,0.3646358242304131,0.9076093875509036,0.33459177658422584,0.26187043286513156,0.9243809537130465
0.2978313003689567,0.3646358242304131,0.9076093875509036,0.34337626665556037,0.26187043286513156,0.9243809537130465
0.32042636663134044,0.3646358242304131,0.9076093875509036,0.33980267925544194,0.26187043286513156,0.9243809537130465
0.317588408686101,0.3646358242304131,0.9076093875509036,0.3452580024390192,0.261999528667083,0.9243809537130465
0.30452187051647245,0.3646358242304131,0.9076093875509036,0.35058883001869506,0.261999528667083,0.9243809537130465
0.31653237891194586,0.3646358242304131,0.9076093875509036,0.34527815198352035,0.261999528667083,0.9243809537130465
0.30267608934332707,0.3646358242304131,0.9076093875509036,0.34111788662645903,0.261999528667083,0.9243809537130465
0.3086739487347586,0.3646358242304131,0.9076093875509036,0.3459685048260509,0.25907379197076724,0.9243809537130465
0.29413207345637166,0.3646358242304131,0.9076093875509036,0.3439622177360044,0.25907379197076724,0.9243809537130465
0.29186491871727915,0.3646358242304131,0.9076093875509036,0.3545220452464355,0.25907379197076724,0.9243809537130465
0.2990726138527512,0.3646358242304131,0.9076093875509036,0.3636594443166719,0.25907379197076724,0.9243809537130465
0.30927942732262237,0.36139794069355363,0.9076093875509036,0.369735365744097,0.25907379197076724,0.9243809537130465
0.31908169037331496,0.36139794069355363,0.9076093875509036,0.368143672492342,0.25907379197076724,0.9243809537130465
0.31760721216211146,0.3585717633419422,0.9076093875509036,0.3688228384470741,0.25907379197076724,0.9243809537130465
0.31613686309603034,0.34572296156528015,0.9076093875509036,0.35779925941293406,0.25907379197076724,0.9243809537130465
0.3197114242958388,0.34572296156528015,0.9076093875509036,0.364231031678958,0.26140713897552753,0.9243809537130465
0.31672180851700743,0.34572296156528015,0.9076093875509036,0.3574180612428934,0.25774324822510564,0.9243809537130465
0.29435191099893016,0.34572296156528015,0.9076093875509036,0.35109148598253115,0.25774324822510564,0.9243809537130465
0.28297718587181453,0.34572296156528015,0.9076093875509036,0.34714284410055307,0.25774324822510564,0.9243809537130465
0.28438121931648375,0.34572296156528015,0.9076093875509036,0.3415516990423948,0.25774324822510564,0.9243809537130465
0.2841521031024682,0.3470573857723893,0.9076093875509036,0.34022038665656534,0.25774324822510564,0.9243809537130465
0.28065277833206387,0.3470573857723893,0.9076093875509036,0.33824565888583613,0.25774324822510564,0.9243809537130465
0.2737988683758008,0.3470573857723893,0.9076093875509036,0.33446435380566114,0.2643481814666835,0.9243809537130465
0.286402898325503,0.3429964501591142,0.9076093875509036,0.32958928361963813,0.2643481814666835,0.9243809537130465
0.30012554905850514,0.3429964501591142,0.9076093875509036,0.33731952263819825,0.2664791675799809,0.9243809537130465
0.2944044411893601,0.3429964501591142,0.9076093875509036,0.33758014972176303,0.2664791675799809,0.9243809537130465
0.3095623062557382,0.3429964501591142,0.9076093875509036,0.3306839395437391,0.2664791675799809,0.9243809537130465
0.3004959237784865,0.3429964501591142,0.9076093875509036,0.3328798936149382,0.2664791675799809,0.9243809537130465
0.2906298706215385,0.3429964501591142,0.9076093875509036,0.33798164208498255,0.2664791675799809,0.9243809537130465
0.28566567504336177,0.3429964501591142,0.9076093875509036,0.3356800440072193,0.2664791675799809,0.9243809537130465
0.27926491889770205,0.3442218387459639,0.9076093875509036,0.3271145631125119,0.27376027374442774,0.9243809537130465
0.28240787331968303,0.3337918859242926,0.9076093875509036,0.32762629324379033,0.27347818027523896,0.9243809537130465
0.28762524309226706,0.3337918859242926,0.9076093875509036,0.31464546484635325,0.27347818027523896,0.9243809537130465
0.28734799410825196,0.3337918859242926,0.9076093875509036,0.3128909153280332,0.27347818027523896,0.9243809537130465
0.28546646436313977,0.33511998105623747,0.9076093875509036,0.31802764124788546,0.27347818027523896,0.9243809537130465
0.28958626323390435,0.34365347425651155,0.9076093875509036,0.3210965533958694,0.27347818027523896,0.9243809537130465
0.2880891728878052,0.34365347425651155,0.9076093875509036,0.316285621601071,0.27347818027523896,0.9243809537130465
0.28543132954733336,0.34365347425651155,0.9076093875509036,0.3175776553931659,0.27347818027523896,0.9243809537130465
0.2783062929378037,0.34365347425651155,0.9076093875509036,0.31897172974328514,0.27347818027523896,0.9243809537130465
0.2717424570969611,0.33908352801179303,0.9076093875509036,0.3262091723391577,0.27347818027523896,0.9243809537130465
0.28505182718851413,0.33209142316167556,0.9045851288612171,0.329139400969107,0.2681811343849421,0.9243809537130465
0.29003026333649823,0.33209142316167556,0.9045851288612171,0.3380327943961799,0.2654657382452676,0.9243809537130465
0.291729390619147,0.33209142316167556,0.9045851288612171,0.3322034416657333,0.2642153000967659,0.9243809537130465
0.28110308660538835,0.33209142316167556,0.9045851288612171,0.3194083771632224,0.2694557651383049,0.9243809537130465
0.2790075264154408,0.33209142316167556,0.9141092102170489,0.3287175015686311,0.2694557651383049,0.9243809537130465
0.28001111375819115,0.33209142316167556,0.9141092102170489,0.3237829520646365,0.2694557651383049,0.9243809537130465
0.28665656580855353,0.32342361801678116,0.9141092102170489,0.3395068216961603,0.2694557651383049,0.9243809537130465
0.27456522243980874,0.32342361801678116,0.9141092102170489,0.34800325317361336,0.2694557651383049,0.9243809537130465
0.28680895417806596,0.32342361801678116,0.9141092102170489,0.345739087160697,0.2694557651383049,0.9243809537130465
0.2947526944517659,0.31461785768661654,0.9141092102170489,0.3464617986066107,0.26978782968821785,0.9243809537130465
0.2898994078317936,0.31461785768661654,0.9141092102170489,0.33523311729412586,0.27535982374543955,0.9243809537130465
0.28797225298941426,0.31461785768661654,0.9141092102170489,0.33382354731756286,0.2644677912464275,0.9243809537130465
0.286296006151246,0.31461785768661654,0.9141092102170489,0.3302821405031154,0.2644677912464275,0.9243809537130465
0.28498503628888466,0.31461785768661654,0.9141092102170489,0.33070293856117394,0.2644677912464275,0.9243809537130465
0.29464140477482703,0.31461785768661654,0.9141092102170489,0.3194486479585092,0.2644677912464275,0.9243809537130465
0.2906408226067013,0.31461785768661654,0.9141092102170489,0.3194183232677348,0.2644677912464275,0.9243809537130465
0.3036274237486323,0.3115310606266479,0.9141092102170489,0.31706073669761087,0.2644677912464275,0.9243809537130465
0.30891970618269365,0.3115310606266479,0.9141092102170489,0.3082679197867455,0.2644677912464275,0.9243809537130465
0.31412576016111404,0.3115310606266479,0.9141092102170489,0.30767150138971755,0.2644677912464275,0.9243809537130465
0.30885433282710634,0.3115310606266479,0.9141092102170489,0.3010243100600475,0.2644677912464275,0.9243809537130465
0.3107977268888603,0.3115310606266479,0.9141092102170489,0.2921759332785748,0.2644677912464275,0.9243809537130465
0.31675477305331534,0.3115310606266479,0.9141092102170489,0.2923123942540401,0.2658599512344261,0.9243809537130465
0.3240180183288306,0.3115310606266479,0.9141092102170489,0.2877578673290065,0.2658599512344261,0.9243809537130465
0.3228816698449626,0.3115310606266479,0.9141092102170489,0.2958240160437986,0.2658599512344261,0.9243809537130465
0.32611545784184937,0.3115310606266479,0.9141092102170489,0.2928036875403372,0.2658599512344261,0.9243809537130465
0.3301122196751143,0.3124151534229334,0.9141092102170489,0.2926263778269496,0.2658599512344261,0.9243809537130465
0.32395930218202973,0.3124151534229334,0.9141092102170489,0.30392676141247665,0.2658599512344261,0.9243809537130465
0.3230065256218486,0.3124151534229334,0.9141092102170489,0.30810692983744536,0.2658599512344261,0.9243809537130465
0.3202941058518709,0.3124151534229334,0.9141092102170489,0.30348252600045966,0.2658599512344261,0.9243809537130465
0.31791395860467536,0.3124151534229334,0.9141092102170489,0.30209180093011584,0.2658599512344261,0.9243809537130465
0.31353563607951584,0.3124151534229334,0.9141092102170489,0.295501403929687,0.26629869444325943,0.9243809537130465
0.30969531632528446,0.3141203860014372,0.9141092102170489,0.2995729361716331,0.26629869444325943,0.9243809537130465
0.315327425917949,0.3141203860014372,0.9141092102170489,0.2994059056741995,0.26629869444325943,0.9243809537130465
0.3156867162915353,0.3141203860014372,0.9141092102170489,0.3085407913344701,0.26629869444325943,0.9243809537130465
0.3132865807554269,0.3141203860014372,0.9141092102170489,0.2982987203999327,0.26629869444325943,0.9243809537130465
0.30733942187161195,0.3141203860014372,0.9141092102170489,0.2978633257596068,0.26629869444325943,0.9243809537130465
0.31406952129279636,0.3141203860014372,0.9141092102170489,0.29306890536897456,0.26629869444325943,0.9243809537130465
0.31546923906247093,0.3141203860014372,0.9141092102170489,0.2836804198492342,0.26629869444325943,0.9243809537130465
0.3228310642319126,0.3141203860014372,0.9141092102170489,0.29509842695954974,0.26806235088375135,0.9243809537130465
0.33134704972221046,0.3141203860014372,0.9141092102170489,0.3012439127058412,0.26806235088375135,0.9243809537130465
0.31642862923457665,0.3141203860014372,0.9141092102170489,0.3095946596041769,0.26806235088375135,0.9243809537130465
0.31368566313199153,0.3141203860014372,0.9141092102170489,0.30312072494411646,0.26806235088375135,0.9243809537130465
0.31998187233553077,0.3141203860014372,0.9141092102170489,0.2980629860290447,0.26806235088375135,0.9243809537130465
0.3025931561861477,0.3141203860014372,0.9141092102170489,0.29868655988919834,0.26806235088375135,0.9243809537130465
0.3062774534213473,0.3141203860014372,0.9141092102170489,0.29786351516691817,0.26806235088375135,0.9243809537130465
0.3100049173539301,0.3141203860014372,0.9141092102170489,0.2896740874612435,0.26806235088375135,0.9243809537130465
0.30566970478308564,0.3141203860014372,0.9141092102170489,0.29230748983490185,0.26806235088375135,0.9243809537130465
0.30226456680205627,0.3141203860014372,0.9141092102170489,0.29384285685947364,0.26806235088375135,0.9243809537130465
0.3186867976388612,0.3141203860014372,0.9141092102170489,0.30411681328832524,0.26806235088375135,0.9243809537130465
0.31182559005273125,0.3141203860014372,0.9141092102170489,0.2998921726745611,0.26806235088375135,0.9243809537130465
0.3193187125514809,0.3141203860014372,0.9141092102170489,0.28746231318881865,0.26806235088375135,0.9243809537130465
0.32647698080641974,0.3141203860014372,0.9141092102170489,0.2973028321582621,0.26806235088375135,0.9243809537130465
0.33191105890836275,0.3141203860014372,0.9141092102170489,0.2976516568469157,0.26806235088375135,0.9243809537130465
0.333226577332592,0.3141203860014372,0.9141092102170489,0.2930675245266635,0.26806235088375135,0.9243809537130465
0.34528556660088283,0.3141203860014372,0.9141092102170489,0.28832413172907406,0.26765723102681743,0.9243809537130465
0.3511383000785549,0.3141203860014372,0.9141092102170489,0.29822484803200133,0.26765723102681743,0.9243809537130465
0.3412666986376475,0.3141203860014372,0.9141092102170489,0.29390490057351826,0.26765723102681743,0.9243809537130465
0.34582864395545604,0.3141203860014372,0.9141092102170489,0.29891372513140074,0.26765723102681743,0.9243809537130465
0.35033544278435136,0.3141203860014372,0.9141092102170489,0.3107802994318888,0.26765723102681743,0.9243809537130465
0.3547991297906376,0.3141203860014372,0.9141092102170489,0.30880722828880985,0.27586840613472463,0.9243809537130465
0.3603283415633113,0.3141203860014372,0.9141092102170489,0.30979753731095483,0.27586840613472463,0.9243809537130465
0.35999864088715494,0.3141203860014372,0.9141092102170489,0.3197029307875844,0.27586840613472463,0.9243809537130465
0.35842858896906094,0.3141203860014372,0.9141092102170489,0.31985940378523275,0.27586840613472463,0.9243809537130465
0.36563735177951445,0.3134943677158387,0.9141092102170489,0.32574273462082964,0.26523268109307907,0.9243809537130465
0.35656599414976764,0.3134943677158387,0.9141092102170489,0.3306538380203579,0.26523268109307907,0.9243809537130465
0.3583180731221052,0.3134943677158387,0.9141092102170489,0.32762214803151274,0.26523268109307907,0.9243809537130465
0.358787983919906,0.3134943677158387,0.9141092102170489,0.3270842195462876,0.26523268109307907,0.9243809537130465
0.3655299483582916,0.3134943677158387,0.9141092102170489,0.3281068809553422,0.26523268109307907,0.9243809537130465
0.36300361173371765,0.3134943677158387,0.9141092102170489,0.3261684138878753,0.26965285478694995,0.9243809537130465
0.3645279664953531,0.3134943677158387,0.9141092102170489,0.32603751442101764,0.26965285478694995,0.9243809537130465
0.36675598923682423,0.3134943677158387,0.9141092102170489,0.32585381171047145,0.26965285478694995,0.9243809537130465
0.37237482963157176,0.3134943677158387,0.9141092102170489,0.3357115904930388,0.26965285478694995,0.9243809537130465
0.3733269863905963,0.3134943677158387,0.9141092102170489,0.34311065764244325,0.26214771548828797,0.9243809537130465
0.3751291276444866,0.3134943677158387,0.9141092102170489,0.3500937529945703,0.26214771548828797,0.9243809537130465
0.372620174668726,0.3134943677158387,0.9141092102170489,0.34551127460109055,0.26214771548828797,0.9243809537130465
0.37239923000597175,0.3134943677158387,0.9141092102170489,0.3369384896675106,0.2557450915574708,0.9243809537130465
0.3851874383190025,0.3134943677158387,0.9141092102170489,0.3441889015898652,0.2557450915574708,0.9243809537130465
0.37969196724473436,0.3134943677158387,0.9141092102170489,0.34989799997740584,0.2557450915574708,0.9243809537130465
0.3846223271135545,0.3134943677158387,0.9141092102170489,0.3548062280582508,0.2557450915574708,0.9243809537130465
0.38354934658866996,0.31951922774485975,0.9141092102170489,0.34992476640485826,0.2557450915574708,0.9243809537130465
0.3756611327555813,0.31951922774485975,0.9141092102170489,0.3595322437622814,0.2557450915574708,0.9243809537130465
0.3708474554328131,0.31951922774485975,0.9141092102170489,0.34897333236455236,0.2557450915574708,0.9243809537130465
0.36671387940818,0.31951922774485975,0.9141092102170489,0.34926317705266424,0.2557450915574708,0.9243809537130465
0.36637374223364955,0.31951922774485975,0.9141092102170489,0.35065347719094014,0.2557450915574708,0.9243809537130465
0.37169148151095416,0.31951922774485975,0.9141092102170489,0.3607025017104311,0.2557450915574708,0.9243809537130465
0.3771936843770786,0.31951922774485975,0.9141092102170489,0.3654946528439818,0.24974858784548068,0.9243809537130465
0.38681477299424305,0.31951922774485975,0.9141092102170489,0.36622830443055854,0.24974858784548068,0.9243809537130465
0.3859788457571643,0.31951922774485975,0.9141092102170489,0.36528029156154973,0.24974858784548068,0.9243809537130465
0.38383736680154984,0.31951922774485975,0.9141092102170489,0.37480637850651277,0.24974858784548068,0.9243809537130465
0.3959945800943563,0.31951922774485975,0.9141092102170489,0.3636261352587019,0.24974858784548068,0.9243809537130465
0.3943814854938755,0.31951922774485975,0.9141092102170489,0.3582509803907889,0.24974858784548068,0.9243809537130465
0.3877514688765082,0.31951922774485975,0.9141092102170489,0.35452821478553975,0.24974858784548068,0.9243809537130465
0.39567965666334004,0.31951922774485975,0.9141092102170489,0.35470280996872017,0.24974858784548068,0.9243809537130465
0.4014896494024469,0.31951922774485975,0.9141092102170489,0.35704498739599155,0.24974858784548068,0.9243809537130465
0.4003164212369661,0.3158068862251067,0.9141092102170489,0.3579939134739929,0.24974858784548068,0.9243809537130465
0.39466031312099525,0.3158068862251067,0.9141092102170489,0.35744881196061523,0.24974858784548068,0.9243809537130465
0.3865645737801526,0.3158068862251067,0.9141092102170489,0.360045333884752,0.24974858784548068,0.9243809537130465
0.378664713949552,0.3158068862251067,0.9141092102170489,0.3589838499414919,0.24974858784548068,0.9243809537130465
0.37260923873108137,0.3158068862251067,0.9141092102170489,0.3591566077051057,0.24974858784548068,0.9243809537130465
0.3712458147682134,0.3158068862251067,0.9141092102170489,0.3673079304138572,0.24974858784548068,0.9243809537130465
0.37994952548521516,0.3158068862251067,0.9141092102170489,0.36323997368474903,0.24974858784548068,0.9243809537130465
0.3771234343958746,0.3158068862251067,0.9141092102170489,0.366121471724209,0.24974858784548068,0.9243809537130465
0.3787947070006011,0.3158068862251067,0.9141092102170489,0.36092136457905344,0.24974858784548068,0.9243809537130465
0.38876542238455775,0.3158068862251067,0.9141092102170489,0.3589433438276681,0.24974858784548068,0.9243809537130465
0.3923024333897604,0.3158068862251067,0.9141092102170489,0.358603489526875,0.24974858784548068,0.9243809537130465
0.3864254095981829,0.3158068862251067,0.9141092102170489,0.3591010861471162,0.24974858784548068,0.9243809537130465
0.3822588721284547,0.3158068862251067,0.9141092102170489,0.3696007120378315,0.24974858784548068,0.9243809537130465
0.3884315707005601,0.3158068862251067,0.9141092102170489,0.3691195689886316,0.24974858784548068,0.9243809537130465
0.38642856504579093,0.3204919274649133,0.9141092102170489,0.3721979583880328,0.24974858784548068,0.9243809537130465
0.38402438520019083,0.3204919274649133,0.9141092102170489,0.3704573312298978,0.24940648820905925,0.9243809537130465
0.3877008096093249,0.3204919274649133,0.9141092102170489,0.375672976588655,0.24940648820905925,0.9243809537130465
0.392511666097278,0.3204919274649133,0.9141092102170489,0.3662248222686141,0.24940648820905925,0.9243809537130465
0.3895969125237935,0.3204919274649133,0.9141092102170489,0.36063518933661576,0.24940648820905925,0.9243809537130465
0.396766600825723,0.3204919274649133,0.9141092102170489,0.3653752803999213,0.24940648820905925,0.9243809537130465
0.37996070655492964,0.3204919274649133,0.9141092102170489,0.35671949976794487,0.24940648820905925,0.9243809537130465
0.37157588183351786,0.313617479074795,0.9141092102170489,0.3606426885951859,0.24940648820905925,0.9243809537130465
0.3630978610217188,0.313617479074795,0.9141092102170489,0.3498041388762652,0.24940648820905925,0.9243809537130465
0.37378921040950003,0.3101365789986711,0.9141092102170489,0.3468416868702081,0.24940648820905925,0.9243809537130465
0.36703605098495246,0.3010099861569249,0.9141092102170489,0.33585641827356605,0.24940648820905925,0.9243809537130465
0.3697063673478418,0.3010099861569249,0.9141092102170489,0.3369888825153229,0.24940648820905925,0.9243809537130465
0.3774975655885731,0.3010099861569249,0.9141092102170489,0.3412547957373452,0.24940648820905925,0.9243809537130465
0.3698793864392082,0.3010099861569249,0.9141092102170489,0.3459574752915865,0.24879516130861196,0.9243809537130465
0.3634614158098914,0.3010099861569249,0.9141092102170489,0.35437839390652565,0.24879516130861196,0.9243809537130465
0.37446123259561453,0.3010099861569249,0.9141092102170489,0.3467869942534409,0.24575934610369532,0.9243809537130465
0.3662925514058137,0.3010099861569249,0.9141092102170489,0.35168510943848413,0.24575934610369532,0.9243809537130465
0.35949024150451314,0.3010099861569249,0.9141092102170489,0.35525291464950043,0.24594542101588035,0.9243809537130465
0.3721453352662079,0.3010099861569249,0.9141092102170489,0.3523428451745181,0.23909550781988895,0.9243809537130465
0.3701398074041757,0.3010099861569249,0.9141092102170489,0.35609323759550077,0.23909550781988895,0.9243809537130465
0.3713346768261668,0.30002024265515315,0.9141092102170489,0.34717270713154125,0.23909550781988895,0.9243809537130465
0.38252840598709176,0.30002024265515315,0.9141092102170489,0.3451775644462639,0.23909550781988895,0.9243809537130465
0.36730779060765384,0.30002024265515315,0.9141092102170489,0.34328275386553964,0.23594674513562008,0.9243809537130465
0.3605427807267189,0.2993560510152312,0.9141092102170489,0.3299427381665885,0.23594674513562008,0.9243809537130465
0.36841731855958654,0.2993560510152312,0.9141092102170489,0.3298636345571046,0.23594674513562008,0.9243809537130465
0.371159315649708,0.2993560510152312,0.9141092102170489,0.3251590704175222,0.23594674513562008,0.9296101442888337
0.37253475145831205,0.29729064086703544,0.9141092102170489,0.33088742484366646,0.23594674513562008,0.9296101442888337
0.37116873400941514,0.29729064086703544,0.9141092102170489,0.330051185529522,0.23594674513562008,0.9296101442888337
0.38633860267446885,0.29729064086703544,0.9141092102170489,0.3305408404097059,0.23594674513562008,0.9296101442888337
0.3921873685226602,0.29729064086703544,0.9141092102170489,0.33210916284428077,0.2340623159765462,0.9296101442888337
0.3919289808635798,0.29729064086703544,0.9141092102170489,0.32757711428552294,0.2340623159765462,0.9296101442888337
0.39360183186400277,0.29729064086703544,0.9141092102170489,0.329997692462194,0.2340623159765462,0.9296101442888337
0.3862214150142236,0.29729064086703544,0.9141092102170489,0.32978990769999805,0.2340623159765462,0.9296101442888337
0.38693052509931736,0.29729064086703544,0.9141092102170489,0.32576112704199134,0.2340623159765462,0.9296101442888337
0.38620471007172,0.29729064086703544,0.9141092102170489,0.3314860877110764,0.2296329012422426,0.9296101442888337
0.39733864472176844,0.3024631479074843,0.9141092102170489,0.3338051673186135,0.2296329012422426,0.9296101442888337
0.3822505290351083,0.3024631479074843,0.9141092102170489,0.330967960943633,0.2296329012422426,0.9296101442888337
0.377898130508219,0.30603227853605464,0.9141092102170489,0.3351223624764299,0.2296329012422426,0.9296101442888337
0.37760670829760384,0.30603227853605464,0.9141092102170489,0.3418427519773974,0.23035912789381968,0.9296101442888337
0.3680282725069267,0.30603227853605464,0.9141092102170489,0.34081873622520775,0.23035912789381968,0.9296101442888337
0.35581291068592963,0.30603227853605464,0.9141092102170489,0.3457577326557548,0.23035912789381968,0.9296101442888337
0.34838299424854025,0.30603227853605464,0.9141092102170489,0.33895324902988455,0.23035912789381968,0.9296101442888337
0.352700731691286,0.30603227853605464,0.9141092102170489,0.34327056611375817,0.23035912789381968,0.9296101442888337
0.3413182292942348,0.30586597695280043,0.9141092102170489,0.33767872618820977,0.23035912789381968,0.9296101442888337
0.34918278382713386,0.30586597695280043,0.9141092102170489,0.333043713207242,0.23035912789381968,0.9296101442888337
0.34265687435544867,0.30586597695280043,0.9141092102170489,0.33347929509764573,0.23035912789381968,0.9296101442888337
0.34724057702161126,0.30586597695280043,0.9141092102170489,0.3313845980808918,0.2309570508199842,0.9296101442888337
0.35315227921856646,0.30586597695280043,0.9141092102170489,0.33428037802555,0.2346654086816881,0.9296101442888337
0.34529841009178636,0.30586597695280043,0.9141092102170489,0.3306713188663725,0.2346654086816881,0.9296101442888337
0.3485810966843449,0.3013087260107591,0.9141092102170489,0.3389858141546779,0.2346654086816881,0.9296101442888337
0.3433547435946045,0.3013087260107591,0.9141092102170489,0.3502029594015344,0.23657129473206098,0.9296101442888337
0.3465613595221719,0.3013087260107591,0.9141092102170489,0.3449455020809204,0.23657129473206098,0.9296101442888337
0.34409709579494147,0.3013087260107591,0.9141092102170489,0.3445259498346048,0.24146053779787696,0.9296101442888337
0.3481952572005539,0.28819268114317304,0.9141092102170489,0.3419486949122857,0.24146053779787696,0.9296101442888337
0.3423784185440688,0.28819268114317304,0.9141092102170489,0.33883155456629205,0.24146053779787696,0.9296101442888337
0.34536633755974616,0.28819268114317304,0.9141092102170489,0.3463361614992562,0.23104505085734806,0.9296101442888337
0.3310753777280839,0.2933697419579123,0.9141092102170489,0.3547946393202461,0.23104505085734806,0.9296101442888337
0.34520460929501345,0.2933697419579123,0.9141092102170489,0.3527172177389375,0.23104505085734806,0.9296101442888337
0.3487947214156934,0.2933697419579123,0.9141092102170489,0.3457780026700978,0.23104505085734806,0.9296101442888337
0.35650683257572596,0.2933697419579123,0.9141092102170489,0.3425143980227217,0.23818710591845593,0.9296101442888337
0.34693852189875296,0.2933697419579123,0.9141092102170489,0.3485967481486862,0.23818710591845593,0.9296101442888337
0.34153839146091597,0.2933697419579123,0.9141092102170489,0.3537676955366636,0.23818710591845593,0.9296101442888337
0.348821099418048,0.2933697419579123,0.9141092102170489,0.3588610585288153,0.24069856581534482,0.9296101442888337
0.347379974768338,0.2933697419579123,0.9141092102170489,0.3564480471676045,0.24069856581534482,0.9296101442888337
0.34611949660281943,0.2933697419579123,0.9141092102170489,0.3555046010165189,0.24056876893342885,0.9296101442888337
0.34941807280910725,0.2933697419579123,0.9141092102170489,0.35407018067848,0.24056876893342885,0.9296101442888337
0.3529581229882194,0.2933697419579123,0.9141092102170489,0.3598831694848775,0.24056876893342885,0.9296101442888337
0.35656009884280015,0.2933697419579123,0.9141092102170489,0.3647677075868767,0.2374989527927462,0.9296101442888337
0.35756235067311914,0.2933697419579123,0.9141092102170489,0.3646648009345946,0.23795489329374384,0.9296101442888337
0.3595606703743755,0.2933697419579123,0.9141092102170489,0.36814596345135386,0.23795489329374384,0.9296101442888337
0.3632223821515489,0.2933697419579123,0.9141092102170489,0.3641389736044099,0.23795489329374384,0.9296101442888337
0.3677856915134098,0.2933697419579123,0.9141092102170489,0.369005408844475,0.23795489329374384,0.9296101442888337
0.3778361180544006,0.2933697419579123,0.9141092102170489,0.3768472405907204,0.23795489329374384,0.9296101442888337
0.3615246017223836,0.2933697419579123,0.9141092102170489,0.37266036733848734,0.23795489329374384,0.9296101442888337
0.3627899611874055,0.2933697419579123,0.9141092102170489,0.3704473922164858,0.23795489329374384,0.9296101442888337
0.3608789260021414,0.2933697419579123,0.9141092102170489,0.35846021807097744,0.23795489329374384,0.9296101442888337
0.3624225859735511,0.2933697419579123,0.9141092102170489,0.358869449037266,0.23795489329374384,0.9296101442888337
0.35520192517692606,0.2933697419579123,0.9141092102170489,0.3505765443791489,0.23795489329374384,0.9296101442888337
0.36613572979677816,0.2933697419579123,0.9141092102170489,0.3583054443677206,0.23795489329374384,0.9296101442888337
0.36173168295733127,0.2933697419579123,0.9141092102170489,0.36577389154023654,0.23795489329374384,0.9296101442888337
0.3645549759082809,0.2933697419579123,0.9141092102170489,0.36533595914353606,0.23795489329374384,0.9296101442888337
0.3626625747965592,0.2933697419579123,0.9141092102170489,0.3582400506965588,0.23795489329374384,0.9296101442888337
0.36305560151849847,0.2914163060069586,0.9141092102170489,0.35551565055200246,0.23795489329374384,0.9296101442888337
0.3555392238715241,0.2914163060069586,0.9141092102170489,0.3456023666202376,0.23795489329374384,0.9296101442888337
0.3585555887007249,0.2914163060069586,0.9141092102170489,0.34727133370990376,0.2303032278594235,0.9296101442888337
0.3637880318100823,0.2914163060069586,0.9141092102170489,0.3495177576335448,0.2303032278594235,0.9296101442888337
0.3590760253647783,0.2914163060069586,0.9141092102170489,0.3605829797242352,0.2303032278594235,0.9296101442888337
0.3677425464818848,0.2914163060069586,0.9141092102170489,0.3574289052017972,0.2303032278594235,0.9296101442888337
0.3669896673240154,0.2914163060069586,0.9141092102170489,0.36173966012623354,0.2303032278594235,0.9296101442888337
0.3579433643579499,0.2914163060069586,0.9141092102170489,0.36322569362048546,0.2303032278594235,0.9296101442888337
0.3639355611002025,0.2889308265189554,0.9141092102170489,0.36285145041869926,0.2303032278594235,0.9296101442888337
0.3600724943612041,0.2889308265189554,0.9141092102170489,0.36586883025015937,0.2303032278594235,0.9296101442888337
0.3589520641989674,0.2889308265189554,0.9141092102170489,0.3707209969426687,0.2303032278594235,0.9296101442888337
0.3588450563999967,0.2889308265189554,0.9141092102170489,0.37264959565557754,0.2303032278594235,0.9296101442888337
0.3597810723824207,0.2866568689779179,0.9141092102170489,0.378875750059771,0.2303032278594235,0.9296101442888337
0.3504807719903712,0.2866568689779179,0.9141092102170489,0.3754643056736524,0.2303032278594235,0.9296101442888337
0.3528050814308921,0.2866568689779179,0.9141092102170489,0.37824517626475074,0.231109717538885,0.9296101442888337
0.35156918162845086,0.2866568689779179,0.9141092102170489,0.3800839900931574,0.231109717538885,0.9296101442888337
0.35303832337500796,0.2866568689779179,0.9141092102170489,0.3785145240360479,0.231109717538885,0.9296101442888337
0.3503360353394981,0.28405148063881197,0.9141092102170489,0.374367203389438,0.231109717538885,0.9296101442888337
0.3456907884269563,0.28405148063881197,0.9141092102170489,0.36869285897020904,0.231109717538885,0.9296101442888337
0.3523916562230758,0.28405148063881197,0.9141092102170489,0.367188666532319,0.231109717538885,0.9296101442888337
0.3505081022001817,0.28405148063881197,0.9141092102170489,0.36333015786258666,0.231109717538885,0.9296101442888337
0.35325699530806626,0.28405148063881197,0.9141092102170489,0.3615998222061992,0.22605064929158342,0.9296101442888337
0.35743647648840726,0.28405148063881197,0.9141092102170489,0.35818103351659336,0.22605064929158342,0.9296101442888337
0.3577335767856878,0.28405148063881197,0.9141092102170489,0.3601564074336986,0.22605064929158342,0.9296101442888337
0.35281050091155863,0.28405148063881197,0.9141092102170489,0.3570199738439392,0.22605064929158342,0.9296101442888337
0.3520633515087692,0.28405148063881197,0.9141092102170489,0.3563602167063333,0.2283364869154083,0.9296101442888337
0.3464081586295,0.28405148063881197,0.9141092102170489,0.3576425813821845,0.2283364869154083,0.9296101442888337
0.3531198432191002,0.28405148063881197,0.9141092102170489,0.35938772589920975,0.22568706348411888,0.9296101442888337
0.36984530785413855,0.29051917897741336,0.9141092102170489,0.35592874122533646,0.22568706348411888,0.9296101442888337
0.3656437877461602,0.29051917897741336,0.9141092102170489,0.36250036110201495,0.22568706348411888,0.9296101442888337
0.3605123878059289,0.29051917897741336,0.9141092102170489,0.3600386023404732,0.22568706348411888,0.9296101442888337
0.35736187166071814,0.29051917897741336,0.9141092102170489,0.3589252884373154,0.22568706348411888,0.9296101442888337
0.3712962192389255,0.29051917897741336,0.9141092102170489,0.3591711439275285,0.22568706348411888,0.9296101442888337
0.3756226116123836,0.29051917897741336,0.9141092102170489,0.36304049610372324,0.22568706348411888,0.9296101442888337
0.3832699471568748,0.2976612250747787,0.9141092102170489,0.3601700993076338,0.22568706348411888,0.9296101442888337
0.39181980329297733,0.2976612250747787,0.9141092102170489,0.360394534505493,0.2213977124418798,0.9296101442888337
0.3955143732506766,0.2976612250747787,0.9141092102170489,0.3572244046680458,0.22456182979821873,0.9296101442888337
0.38536372618387205,0.2976612250747787,0.9141092102170489,0.3599461560860247,0.22456182979821873,0.9296101442888337
0.3814424188811814,0.2976612250747787,0.9141092102170489,0.35698641253858726,0.22562889526705346,0.9296101442888337
0.37942406007689156,0.2976612250747787,0.9141092102170489,0.3628923428383941,0.22562889526705346,0.9296101442888337
0.37708759333705677,0.2976612250747787,0.9141092102170489,0.35551474010947165,0.22562889526705346,0.9296101442888337
0.36082578109042307,0.2976612250747787,0.9141092102170489,0.3638204070688085,0.22562889526705346,0.9296101442888337
0.35738900278196095,0.2976612250747787,0.9141092102170489,0.36243823122394403,0.22562889526705346,0.9296101442888337
0.343194637516565,0.2976612250747787,0.9141092102170489,0.35828988236445586,0.22562889526705346,0.9296101442888337
0.33656825960744263,0.2976612250747787,0.9141092102170489,0.3615957358908403,0.22562889526705346,0.9296101442888337
0.3409588320348268,0.29202573377269836,0.9141092102170489,0.35311457507714655,0.22562889526705346,0.9296101442888337
0.3533976635496805,0.29202573377269836,0.9141092102170489,0.35670154442993735,0.22562889526705346,0.9296101442888337
0.36639278520841845,0.29202573377269836,0.9141092102170489,0.35545751547153276,0.22562889526705346,0.9296101442888337
0.3587816257375392,0.29202573377269836,0.9141092102170489,0.3453227801881828,0.22562889526705346,0.9296101442888337
0.36232229474836414,0.29202573377269836,0.9141092102170489,0.3509393583833133,0.22132803910092935,0.9296101442888337
0.3523986851716742,0.29202573377269836,0.9141092102170489,0.3568461784128579,0.21796614154969648,0.9296101442888337
0.3485868002264543,0.29202573377269836,0.9141092102170489,0.3465272157445367,0.21796614154969648,0.9296101442888337
0.34046321227533843,0.29202573377269836,0.9141092102170489,0.3489421683774084,0.21796614154969648,0.9296101442888337
0.34097305815932744,0.29202573377269836,0.9141092102170489,0.34713627577385187,0.21796614154969648,0.9296101442888337
0.3462426448815923,0.29202573377269836,0.9141092102170489,0.3482145135028079,0.21796614154969648,0.9296101442888337
0.3502534605645586,0.29202573377269836,0.9141092102170489,0.3566059873232706,0.21796614154969648,0.9296101442888337
0.35922186974141046,0.29204170226520876,0.9141092102170489,0.3578582567607529,0.21796614154969648,0.9296101442888337
0.35911337187490305,0.29204170226520876,0.9141092102170489,0.356909583368179,0.21796614154969648,0.9296101442888337
0.3629553758293215,0.29204170226520876,0.9141092102170489,0.3478604781492374,0.21796614154969648,0.9296101442888337
0.3746124532110939,0.29204170226520876,0.9141092102170489,0.3460690253504281,0.21796614154969648,0.9296101442888337
0.3804091738552794,0.29204170226520876,0.9141092102170489,0.34723721406588665,0.21796614154969648,0.9296101442888337
0.38529027284273903,0.29204170226520876,0.9141092102170489,0.3444562930940855,0.21796614154969648,0.9296101442888337
0.3860234085917366,0.29204170226520876,0.9141092102170489,0.3525490895055463,0.21796614154969648,0.9296101442888337
0.38179598403092396,0.29204170226520876,0.9141092102170489,0.34999641034137813,0.21796614154969648,0.9296101442888337
0.39589075126950934,0.29204170226520876,0.9141092102170489,0.3600865686802057,0.21796614154969648,0.9296101442888337
0.3965617015964899,0.29204170226520876,0.9141092102170489,0.3681305576241769,0.21978220424377304,0.9296101442888337
0.39212575288617507,0.29204170226520876,0.9141092102170489,0.36611169515654096,0.21978220424377304,0.9296101442888337
0.393027595976737,0.29204170226520876,0.9141092102170489,0.36031879609698836,0.21978220424377304,0.9296101442888337
0.382279789216957,0.28970466972380093,0.9141092102170489,0.3701674885461948,0.22117036131478793,0.9296101442888337
0.37674843688449317,0.28970466972380093,0.9141092102170489,0.37245678867422904,0.21858685668599484,0.9296101442888337
0.38254481535698165,0.28970466972380093,0.9141092102170489,0.3631113594338331,0.21858685668599484,0.9296101442888337
0.3803703346815329,0.2837953251776096,0.9141092102170489,0.3726203211345676,0.21858685668599484,0.9296101442888337
0.3799562251989901,0.2837953251776096,0.9141092102170489,0.3735602366194411,0.2116060506789927,0.9296101442888337
0.38046290858994664,0.2837953251776096,0.9141092102170489,0.36624896150954095,0.2116060506789927,0.9296101442888337
0.37444386122498236,0.2837953251776096,0.9141092102170489,0.3670654077958689,0.2116060506789927,0.9296101442888337
0.3841793879343907,0.2837953251776096,0.9141092102170489,0.36148019115902813,0.2132141484615826,0.9296101442888337
0.39362226346837076,0.2837953251776096,0.9141092102170489,0.3573158889007416,0.20988705040599906,0.9296101442888337
0.389205120997538,0.2837953251776096,0.9141092102170489,0.35916091170977316,0.20988705040599906,0.9296101442888337
0.371164511077833,0.2902969858646886,0.9141092102170489,0.3630155854642913,0.20988705040599906,0.9296101442888337
0.3728900347552031,0.2902969858646886,0.9141092102170489,0.37276039640734754,0.20988705040599906,0.9296101442888337
0.3813326920564681,0.2902969858646886,0.9141092102170489,0.3724667007562526,0.20988705040599906,0.9296101442888337
0.37651723671103365,0.28543669394044763,0.9141092102170489,0.3685982559820342,0.20988705040599906,0.9296101442888337
0.38275498166163896,0.28543669394044763,0.9141092102170489,0.36839745118191924,0.20988705040599906,0.9296101442888337
0.3852677253619909,0.28543669394044763,0.9141092102170489,0.3708486350264049,0.20988705040599906,0.9296101442888337
0.3841994903242638,0.28543669394044763,0.9141092102170489,0.366634596493298,0.20988705040599906,0.9296101442888337
0.3834217698227772,0.28543669394044763,0.9141092102170489,0.36733105152712514,0.20988705040599906,0.9296101442888337
0.3906019183342998,0.28543669394044763,0.9141092102170489,0.36864326333985786,0.20988705040599906,0.9296101442888337
0.3981701647497096,0.28543669394044763,0.9141092102170489,0.3692341080920759,0.20988705040599906,0.9296101442888337
0.38698167691669505,0.28211595845310977,0.9141092102170489,0.364413180851492,0.20988705040599906,0.9296101442888337
0.38706440484789734,0.28211595845310977,0.9141092102170489,0.35795289419272275,0.20988705040599906,0.9296101442888337
0.3847336997972982,0.28211595845310977,0.9141092102170489,0.3560126281906123,0.21148387173785474,0.9296101442888337
0.38976807239280686,0.28211595845310977,0.9141092102170489,0.3480785782043488,0.21148387173785474,0.9296101442888337
0.392840094752827,0.28211595845310977,0.9141092102170489,0.34600006446676096,0.21148387173785474,0.9296101442888337
0.3848247145598298,0.28211595845310977,0.9141092102170489,0.3492617709107772,0.21148387173785474,0.9296101442888337
0.38747466460748264,0.28211595845310977,0.9141092102170489,0.35325311078130106,0.21148387173785474,0.9296101442888337
0.39169294956424733,0.28211595845310977,0.9141092102170489,0.35461709928101537,0.21148387173785474,0.9296101442888337
0.38654945190207357,0.28211595845310977,0.9141092102170489,0.35658850536585396,0.2186656356848503,0.9296101442888337
0.3818945148809171,0.2876470455668377,0.9141092102170489,0.3551400807050817,0.2186656356848503,0.9296101442888337
0.37298927934200526,0.2876470455668377,0.9141092102170489,0.36306896932878147,0.2186656356848503,0.9296101442888337
0.3777865941427963,0.2876470455668377,0.9141092102170489,0.35675702576531565,0.2186656356848503,0.9296101442888337
0.3724099130203392,0.2876470455668377,0.9141092102170489,0.35184417022238995,0.2186656356848503,0.9296101442888337
0.373611093483816,0.2868571240805523,0.9141092102170489,0.3562716014300191,0.20786367153445218,0.9296101442888337
0.38043670188226797,0.2868571240805523,0.9141092102170489,0.3637145054194782,0.20786367153445218,0.9296101442888337
0.37763018053737835,0.29017353684023905,0.9141092102170489,0.3643892148632077,0.20407687940075261,0.9296101442888337
0.3876903178587354,0.29017353684023905,0.9141092102170489,0.3719347258479784,0.20407687940075261,0.9296101442888337
0.38974322042990306,0.29017353684023905,0.9141092102170489,0.37591004406559925,0.20407687940075261,0.9296101442888337
0.39680937517365206,0.29017353684023905,0.9141092102170489,0.37564425629836184,0.20534742343981913,0.9296101442888337
0.39522289987421594,0.29017353684023905,0.9141092102170489,0.3833627307247362,0.20534742343981913,0.9296101442888337
0.39386076386902535,0.2903502265775792,0.9141092102170489,0.38058360110810757,0.20534742343981913,0.9296101442888337
0.39221311550268456,0.2903502265775792,0.9141092102170489,0.3880679221089487,0.20534742343981913,0.9296101442888337
0.4000663669921957,0.2903502265775792,0.9141092102170489,0.38234070806729453,0.20534742343981913,0.9296101442888337
0.4069645196816774,0.2903502265775792,0.9141092102170489,0.3742250313816071,0.20534742343981913,0.9296101442888337
0.4091512386358831,0.2903502265775792,0.9141092102170489,0.3761891874707791,0.20313669502440995,0.9296101442888337
0.41423621557528834,0.2903502265775792,0.9141092102170489,0.3814823575688497,0.20313669502440995,0.9296101442888337
0.41513421296091385,0.2903502265775792,0.9141092102170489,0.3866745978863626,0.20313669502440995,0.9296101442888337
0.4012949298328121,0.2903502265775792,0.9141092102170489,0.3858695170875163,0.20313669502440995,0.9296101442888337
0.41306833318797326,0.2903502265775792,0.9141092102170489,0.38006279334465853,0.20313669502440995,0.9296101442888337
0.4143622546807402,0.2903502265775792,0.9141092102170489,0.3748177886197539,0.19642361876488032,0.9296101442888337
0.41189091877571743,0.2903502265775792,0.9141092102170489,0.38158620672215515,0.19642361876488032,0.9296101442888337
0.3981404652683605,0.2872939085202594,0.9141092102170489,0.38826340445937446,0.19642361876488032,0.9296101442888337
0.40001212198891134,0.2872939085202594,0.9141092102170489,0.38756769009330005,0.19642361876488032,0.9296101442888337
0.3986130887416052,0.2872939085202594,0.9141092102170489,0.3916228848477852,0.19642361876488032,0.9296101442888337
0.4000268647949766,0.2872939085202594,0.9141092102170489,0.3911536945926239,0.19642361876488032,0.9296101442888337
0.40010065859094146,0.2872939085202594,0.9141092102170489,0.3941391457896124,0.19642361876488032,0.9296101442888337
0.41047580682915863,0.2872939085202594,0.9141092102170489,0.39269756614033713,0.19736433269213435,0.9296101442888337
0.4146811626389718,0.2872939085202594,0.9141092102170489,0.3992836870457128,0.19736433269213435,0.9296101442888337
0.411438402126208,0.2872939085202594,0.9141092102170489,0.39942785346772913,0.19736433269213435,0.9296101442888337
0.4070757956566487,0.2872939085202594,0.9141092102170489,0.3997564373711256,0.19736433269213435,0.9296101442888337
0.41773726542612016,0.2872939085202594,0.9141092102170489,0.4072832090528245,0.19736433269213435,0.9296101442888337
0.41461425926615897,0.2872939085202594,0.9141092102170489,0.4054253307930897,0.19796845371445618,0.9296101442888337
0.411578958997772,0.2789137131476392,0.9141092102170489,0.4045110625939275,0.19796845371445618,0.9296101442888337
0.4129908128959917,0.2789137131476392,0.9141092102170489,0.4061662079659289,0.19796845371445618,0.9296101442888337
0.4127587099223985,0.2789137131476392,0.9141092102170489,0.39988828180287705,0.19796845371445618,0.9296101442888337
0.4133684585685986,0.2789137131476392,0.9141092102170489,0.4029628558056273,0.19796845371445618,0.9296101442888337
0.4213821035743663,0.2789137131476392,0.9141092102170489,0.40385001395502473,0.19989709416294804,0.9296101442888337
0.42783422283163813,0.2721582596564443,0.9141092102170489,0.40081415475621235,0.19989709416294804,0.9296101442888337
0.4213632721827701,0.2721582596564443,0.9141092102170489,0.39653765055289164,0.19989709416294804,0.9296101442888337
0.4291260103849045,0.2721582596564443,0.9141092102170489,0.3987649945805615,0.19989709416294804,0.9296101442888337
0.4253917483200939,0.2721582596564443,0.9141092102170489,0.4005701426952965,0.19989709416294804,0.9296101442888337
0.42203237887295925,0.2721582596564443,0.9141092102170489,0.40526217895660877,0.19989709416294804,0.9296101442888337
0.41786105117659395,0.2721582596564443,0.9141092102170489,0.41239404916778727,0.20374301135228226,0.9296101442888337
0.41867448590071177,0.2724978930836354,0.9141092102170489,0.4124924044238953,0.20374301135228226,0.9296101442888337
0.4292926035247245,0.2724978930836354,0.9141092102170489,0.41049548557527055,0.20374301135228226,0.9296101442888337
0.41571278562954866,0.2724978930836354,0.9141092102170489,0.4009596814125394,0.20374301135228226,0.9296101442888337
0.42103708498166265,0.2724978930836354,0.9141092102170489,0.4104886632611929,0.20374301135228226,0.9296101442888337
0.42219166179233253,0.2724978930836354,0.9141092102170489,0.4091053274134836,0.20146513919354678,0.9296101442888337
0.4208819392970357,0.2724978930836354,0.9141092102170489,0.4121079381377109,0.20146513919354678,0.9296101442888337
0.42051094614819406,0.2664386331075228,0.9141092102170489,0.40853493705333127,0.20146513919354678,0.9296101442888337
0.4195092921689049,0.26403204549930276,0.9141092102170489,0.40812029999042976,0.20059640152665026,0.9296101442888337
0.4199262237778448,0.26403204549930276,0.9141092102170489,0.4184918707324218,0.19937781651024772,0.9296101442888337
0.4243092594980621,0.26403204549930276,0.9141092102170489,0.41763442820974694,0.19650227573344672,0.9296101442888337
0.4290824727099088,0.26403204549930276,0.9141092102170489,0.4261461813743393,0.19561360653829338,0.9296101442888337
0.4287326737172244,0.26403204549930276,0.9141092102170489,0.4281245184044705,0.19561360653829338,0.9296101442888337
0.42428795935025077,0.26403204549930276,0.9141092102170489,0.4234045262753819,0.19504968660937808,0.9296101442888337
0.423207613082528,0.26403204549930276,0.9141092102170489,0.41925199667054047,0.19277852601524215,0.9296101442888337
0.42231636746209433,0.26403204549930276,0.9141092102170489,0.42137278704274406,0.19277852601524215,0.9296101442888337
0.41017675509891455,0.26403204549930276,0.9141092102170489,0.42441551919940623,0.19277852601524215,0.9296101442888337
0.413819370969251,0.26403204549930276,0.9141092102170489,0.42516222945197996,0.19277852601524215,0.9296101442888337
0.41345655545327215,0.26403204549930276,0.9141092102170489,0.4234775381282203,0.194406297648534,0.9296101442888337
0.41423088478178827,0.26403204549930276,0.9141092102170489,0.42986855375281774,0.194406297648534,0.9296101442888337
0.41619453586943955,0.26403204549930276,0.9141092102170489,0.42834071540084945,0.194406297648534,0.9296101442888337
0.42130426835304596,0.26403204549930276,0.9141092102170489,0.42336244701124637,0.194406297648534,0.9296101442888337
0.4210989934515254,0.26403204549930276,0.9141092102170489,0.4257826770040902,0.194406297648534,0.9296101442888337
0.4225030363766131,0.26403204549930276,0.9141092102170489,0.4216216779419071,0.194406297648534,0.9296101442888337
0.43207944214767197,0.26747013338613457,0.9141092102170489,0.4139309975416585,0.194406297648534,0.9296101442888337
0.42874564627307415,0.26747013338613457,0.9141092102170489,0.41716065132713176,0.194406297648534,0.9296101442888337
0.43211999270912554,0.26747013338613457,0.9141092102170489,0.4130620293295636,0.194406297648534,0.9296101442888337
0.4304257389123293,0.26747013338613457,0.9141092102170489,0.41256155770374553,0.194406297648534,0.9296101442888337
0.42135234648237146,0.26747013338613457,0.9141092102170489,0.4120826817080566,0.194406297648534,0.9296101442888337
0.41757637579066986,0.26747013338613457,0.9141092102170489,0.40831354849951884,0.194406297648534,0.9296101442888337
0.4213697897967248,0.26747013338613457,0.9141092102170489,0.40251410279473604,0.194406297648534,0.9296101442888337
0.42438688744322184,0.26747013338613457,0.9141092102170489,0.40774597309943617,0.194406297648534,0.9296101442888337
0.44044091730501056,0.26747013338613457,0.9141092102170489,0.4121208106105684,0.194406297648534,0.9296101442888337
0.4440028386258883,0.26747013338613457,0.9141092102170489,0.40673039132681277,0.194406297648534,0.9296101442888337
0.43035683286128684,0.26747013338613457,0.9141092102170489,0.39819494370592173,0.194406297648534,0.9296101442888337
0.42080243098923653,0.26747013338613457,0.9141092102170489,0.3966682393621082,0.194406297648534,0.9296101442888337
0.41811842361286217,0.26747013338613457,0.9141092102170489,0.40541164158037774,0.194406297648534,0.9296101442888337
0.4133194125551513,0.26747013338613457,0.9141092102170489,0.3983009898128263,0.194406297648534,0.9296101442888337
0.4090345106788534,0.26747013338613457,0.9141092102170489,0.39463682200572886,0.194406297648534,0.9296101442888337
0.41153924817155374,0.26747013338613457,0.9141092102170489,0.3970176344991369,0.19205700374518697,0.9296101442888337
0.407248454869176,0.26747013338613457,0.9141092102170489,0.3958828294864717,0.19020164599247538,0.9296101442888337
0.40367641750599526,0.26747013338613457,0.9141092102170489,0.4025758641053261,0.19020164599247538,0.9296101442888337
0.4044519882336386,0.26747013338613457,0.9141092102170489,0.3975460393298861,0.19020164599247538,0.9296101442888337
0.4008725640793323,0.26747013338613457,0.9141092102170489,0.39593629916718037,0.19184702904523274,0.9296101442888337
0.42591158232588355,0.2683835630989299,0.9141092102170489,0.39925153183479467,0.19184702904523274,0.9296101442888337
0.42349924099464314,0.2683835630989299,0.9141092102170489,0.3969251147747299,0.19184702904523274,0.9296101442888337
0.42375411412460834,0.2683835630989299,0.9141092102170489,0.4002770352821425,0.194504969569127,0.9296101442888337
0.418023229441425,0.2683835630989299,0.9141092102170489,0.4000743787301319,0.1952386963427259,0.9296101442888337
0.40291576591720923,0.2683835630989299,0.9141092102170489,0.39754594056899284,0.1952386963427259,0.9296101442888337
0.40510902382199604,0.2683835630989299,0.9141092102170489,0.395275417191348,0.1952386963427259,0.9296101442888337
0.40099895809441877,0.2683835630989299,0.9141092102170489,0.38918134536617793,0.1929069472588219,0.9296101442888337
0.3918378710324679,0.2683835630989299,0.9141092102170489,0.38665145105715665,0.1929069472588219,0.9296101442888337
0.3852362148745433,0.2611755089878901,0.9141092102170489,0.3910394730797964,0.1929069472588219,0.9296101442888337
0.3981057383318055,0.2611755089878901,0.9141092102170489,0.3976337893044919,0.1929069472588219,0.9296101442888337
0.3910197969325736,0.2559054071373809,0.9141092102170489,0.4065603580292337,0.1929069472588219,0.9296101442888337
0.38422075634775654,0.2559054071373809,0.9141092102170489,0.40958203654397696,0.1929069472588219,0.9296101442888337
0.3857458689431106,0.2559054071373809,0.9141092102170489,0.4084461856034292,0.1929069472588219,0.9296101442888337
0.3910273156573128,0.2559054071373809,0.9141092102170489,0.40237823869203,0.1929069472588219,0.9296101442888337
0.39404012278026057,0.24464288502701326,0.9141092102170489,0.39824749198902054,0.1929069472588219,0.9296101442888337
0.3963458930074154,0.24464288502701326,0.9141092102170489,0.3997997230546164,0.1929069472588219,0.9296101442888337
0.4036338075077987,0.24464288502701326,0.9141092102170489,0.40173871465305067,0.1929069472588219,0.9296101442888337
0.4025984874216965,0.24464288502701326,0.9141092102170489,0.40375801760864255,0.1929069472588219,0.9296101442888337
0.4035413366051555,0.24464288502701326,0.9141092102170489,0.4095431848896689,0.1929069472588219,0.9296101442888337
0.4124980287826875,0.24464288502701326,0.9141092102170489,0.4134087154541853,0.1897442967744975,0.9296101442888337
0.4185853525389955,0.24464288502701326,0.9141092102170489,0.42124987609149755,0.1921945255064594,0.9296101442888337
0.4250003329544869,0.24464288502701326,0.9141092102170489,0.4243674892772708,0.1921945255064594,0.9296101442888337
0.4183415817874332,0.24464288502701326,0.9141092102170489,0.41929839366857113,0.1921945255064594,0.9296101442888337
0.41458319492397844,0.24232277408364092,0.9141092102170489,0.42006612188650155,0.1921945255064594,0.9296101442888337
0.40712687508693424,0.24269434526775854,0.9141092102170489,0.428122664649635,0.1883428689908131,0.9296101442888337
0.40354521908703384,0.24269434526775854,0.9141092102170489,0.42604465065251496,0.1883428689908131,0.9296101442888337
0.401179396047246,0.24269434526775854,0.9141092102170489,0.42533278818500725,0.1883428689908131,0.9296101442888337
0.4040300226015134,0.24269434526775854,0.9141092102170489,0.4313596166930492,0.1883428689908131,0.9296101442888337
0.3985047249060734,0.24269434526775854,0.9141092102170489,0.4339442562750442,0.1883428689908131,0.9296101442888337
0.39518229567727836,0.24269434526775854,0.9141092102170489,0.43814397608696637,0.1883428689908131,0.9296101442888337
0.3939111285131032,0.23338930076115857,0.9141092102170489,0.43146913105902696,0.18733401240731806,0.9296101442888337
0.3924731489483892,0.23338930076115857,0.9141092102170489,0.42854902124389416,0.18733401240731806,0.9296101442888337
0.3826415920409552,0.23338930076115857,0.9141092102170489,0.42570183733467404,0.18733401240731806,0.9296101442888337
0.38222292200938973,0.23338930076115857,0.9141092102170489,0.4257976400246495,0.18574463990763668,0.9296101442888337
0.3936893854017715,0.23338930076115857,0.9141092102170489,0.426379530110051,0.18574463990763668,0.9296101442888337
0.38964523671666734,0.23338930076115857,0.9141092102170489,0.43652275875228463,0.18574463990763668,0.9296101442888337
0.39515823282894824,0.23338930076115857,0.9141092102170489,0.43704656224220845,0.18574463990763668,0.9296101442888337
0.393916750607534,0.23338930076115857,0.9141092102170489,0.4411588535330639,0.18574463990763668,0.9296101442888337
0.4009143084099044,0.23338930076115857,0.9141092102170489,0.44521090447721307,0.18574463990763668,0.9296101442888337
0.3986882605701277,0.23338930076115857,0.9141092102170489,0.44369983946478864,0.18574463990763668,0.9296101442888337
0.40609961567464264,0.23338930076115857,0.9141092102170489,0.448237356249488,0.18574463990763668,0.9296101442888337
0.40456570187457674,0.23110537961371244,0.9141092102170489,0.45310582603882865,0.18574463990763668,0.9296101442888337
0.40949073756852405,0.23110537961371244,0.9141092102170489,0.4505853287138559,0.18574463990763668,0.9296101442888337
0.40650539280443615,0.23110537961371244,0.9141092102170489,0.45842578394035416,0.18574463990763668,0.9296101442888337
0.4120514283839175,0.23110537961371244,0.9141092102170489,0.45835972976085815,0.18574463990763668,0.9296101442888337
0.41303336748039327,0.23110537961371244,0.9141092102170489,0.4548438171986063,0.18574463990763668,0.9296101442888337
0.40913948032020325,0.2332249050203985,0.9141092102170489,0.4566060527341072,0.18574463990763668,0.9296101442888337
0.4072470724214195,0.2332249050203985,0.9141092102170489,0.4492138235376945,0.18574463990763668,0.9296101442888337
0.40615507462179645,0.22329286665600911,0.9141092102170489,0.4533617089280865,0.18574463990763668,0.9296101442888337
0.407387037307411,0.22329286665600911,0.9141092102170489,0.45577803996910243,0.186898229397392,0.9296101442888337
0.4111341455011498,0.22329286665600911,0.9141092102170489,0.4512022780631641,0.188849981350429,0.9296101442888337
0.41274372042553,0.22329286665600911,0.9141092102170489,0.45432508180465897,0.188849981350429,0.9296101442888337
0.40761743999549277,0.22329286665600911,0.9141092102170489,0.46101602233280864,0.188849981350429,0.9296101442888337
0.3982344322163646,0.22519268931221245,0.9141092102170489,0.45889764693510504,0.188849981350429,0.9296101442888337
0.4008388149109195,0.22519268931221245,0.9141092102170489,0.4608387883884542,0.188849981350429,0.9296101442888337
0.40179031945785026,0.22519268931221245,0.9141092102170489,0.466115633669527,0.188849981350429,0.9296101442888337
0.3980416879499769,0.22519268931221245,0.9141092102170489,0.4593418634606108,0.188849981350429,0.9296101442888337
0.3948586562473675,0.22519268931221245,0.9141092102170489,0.46730269341299696,0.188849981350429,0.9296101442888337
0.3995356614420099,0.22519268931221245,0.9141092102170489,0.4723884802000035,0.188849981350429,0.9296101442888337
0.40334556508587605,0.22519268931221245,0.9141092102170489,0.47859709119142757,0.188849981350429,0.9296101442888337
0.4119249753980595,0.22519268931221245,0.9141092102170489,0.4789061663967052,0.188849981350429,0.9296101442888337
0.40978325381662684,0.22519268931221245,0.9141092102170489,0.4794963901051433,0.18565245030817515,0.9296101442888337
0.41168908094683765,0.22875616010868194,0.9141092102170489,0.4784323524085432,0.18565245030817515,0.9296101442888337
0.4077498742887018,0.22875616010868194,0.9141092102170489,0.4737426265007422,0.18565245030817515,0.9296101442888337
0.4049090972879257,0.22875616010868194,0.9141092102170489,0.4727855656757007,0.18378620427462597,0.9296101442888337
0.41273086209223075,0.23015283322424626,0.9141092102170489,0.4756146912558912,0.18378620427462597,0.9296101442888337
0.4122209054476367,0.23015283322424626,0.9141092102170489,0.4738722035001096,0.18378620427462597,0.9296101442888337
0.4130922228160587,0.23015283322424626,0.9141092102170489,0.4789065052278767,0.18378620427462597,0.9296101442888337
0.4121517742031023,0.23015283322424626,0.9141092102170489,0.4783562810613924,0.18378620427462597,0.9296101442888337
0.4091843546074316,0.23015283322424626,0.9141092102170489,0.47809484725130674,0.18378620427462597,0.9296101442888337
0.40848195775085205,0.23015283322424626,0.9141092102170489,0.48321460271107103,0.18378620427462597,0.9296101442888337
0.4031962083014336,0.23015283322424626,0.9141092102170489,0.481166198399412,0.1810952952715392,0.9296101442888337
0.39547065770136625,0.23015283322424626,0.9141092102170489,0.47553318763059377,0.1810952952715392,0.9296101442888337
0.39085294084728023,0.23156417787887734,0.9141092102170489,0.4681923092411121,0.1810952952715392,0.9296101442888337
0.39781186974593663,0.23156417787887734,0.9141092102170489,0.4712734705143637,0.1810952952715392,0.9296101442888337
0.40042518017409684,0.23156417787887734,0.9141092102170489,0.4760163483286582,0.1810952952715392,0.9296101442888337
0.40620586783175433,0.22705250758056103,0.9141092102170489,0.4713740315807578,0.1810952952715392,0.9296101442888337
0.3957908249406828,0.22705250758056103,0.9141092102170489,0.47596666657434406,0.1810952952715392,0.9296101442888337
0.3914484923741664,0.22705250758056103,0.9141092102170489,0.4773184833377354,0.1810952952715392,0.9296101442888337
0.3897815618025656,0.22705250758056103,0.9141092102170489,0.472630001370618,0.1810952952715392,0.9296101442888337
0.3872065431046334,0.2341218889862924,0.9141092102170489,0.4745984817866658,0.1810952952715392,0.9296101442888337
0.3901783658821078,0.2341218889862924,0.9141092102170489,0.4768382392498648,0.1810952952715392,0.9296101442888337
0.3823360460087069,0.2341218889862924,0.9141092102170489,0.4779687320919781,0.1810952952715392,0.9296101442888337
0.39051719479739977,0.2341218889862924,0.9141092102170489,0.4739849143596463,0.1754464377494388,0.9296101442888337
0.3978910492900322,0.2341218889862924,0.9141092102170489,0.47025291254986556,0.17506547820789334,0.9296101442888337
0.39777416169600077,0.2341218889862924,0.9141092102170489,0.47835022162998053,0.17506547820789334,0.9296101442888337
0.3964966459268133,0.22749931637598872,0.9141092102170489,0.478905454883454,0.16945453607375513,0.9296101442888337
0.4012011612384327,0.22749931637598872,0.9141092102170489,0.485226511116387,0.1720943166461859,0.9296101442888337
0.40632885942568636,0.22749931637598872,0.9141092102170489,0.4873320774048249,0.1720943166461859,0.9296101442888337
0.39993053596027395,0.22749931637598872,0.9141092102170489,0.48856825975625673,0.17044518925442398,0.9296101442888337
0.3971130760031265,0.22749931637598872,0.9141092102170489,0.4927234964580918,0.17044518925442398,0.9296101442888337
0.40666518775045296,0.2304146340309112,0.9141092102170489,0.48945887251131937,0.17044518925442398,0.9296101442888337
0.4081622403774318,0.2304146340309112,0.9141092102170489,0.48995418135086793,0.17044518925442398,0.9296101442888337
0.4091160503288726,0.2304146340309112,0.9141092102170489,0.4873949526843219,0.1688797366691463,0.9296101442888337
0.4055482906748537,0.2304146340309112,0.9141092102170489,0.4854560647301361,0.1688797366691463,0.9296101442888337
0.40266663379431245,0.23625303133008851,0.9141092102170489,0.4838272968139843,0.1688797366691463,0.9296101442888337
0.4041179954387725,0.23625303133008851,0.9141092102170489,0.48287011576805594,0.1688797366691463,0.9296101442888337
0.4031003305139694,0.23672889537977745,0.9141092102170489,0.4846599126284748,0.1688797366691463,0.9296101442888337
0.4082353264548401,0.23672889537977745,0.9141092102170489,0.4799851147074268,0.1688797366691463,0.9296101442888337
0.4010920415305054,0.23672889537977745,0.9141092102170489,0.4807075754032358,0.1688797366691463,0.9296101442888337
0.4045524181135558,0.23672889537977745,0.9141092102170489,0.4777121375985946,0.1688797366691463,0.9296101442888337
0.40548898144504436,0.23672889537977745,0.9141092102170489,0.4739323415346038,0.1688797366691463,0.9296101442888337
0.3976605133615881,0.23672889537977745,0.9141092102170489,0.4724615856795096,0.16940344132323526,0.9296101442888337
0.3933667367011655,0.23672889537977745,0.9141092102170489,0.46873616154936293,0.16940344132323526,0.9296101442888337
0.39820725866607615,0.23672889537977745,0.9141092102170489,0.4691796300976059,0.16940344132323526,0.9296101442888337
0.3951234055288466,0.23672889537977745,0.9141092102170489,0.46945641916018177,0.16940344132323526,0.9296101442888337
0.3973694260802933,0.23672889537977745,0.9141092102170489,0.4718660901471734,0.16940344132323526,0.9296101442888337
0.39235965435604925,0.23672889537977745,0.9150743628305111,0.46356359079590975,0.16940344132323526,0.9296101442888337
0.3850427521426709,0.23672889537977745,0.9150743628305111,0.46877487534094847,0.16940344132323526,0.9296101442888337
0.38873542752919654,0.23672889537977745,0.9150743628305111,0.46808576867636426,0.16940344132323526,0.9296101442888337
0.3852508518116792,0.23672889537977745,0.9150743628305111,0.4634928830517473,0.16940344132323526,0.9296101442888337
0.3941712037997053,0.23672889537977745,0.9150743628305111,0.4671511941615702,0.16940344132323526,0.9296101442888337
0.3902114375284853,0.24149579653637082,0.9150743628305111,0.46496089626619236,0.16977582928975146,0.9296101442888337
0.39307381215821463,0.2444112229436253,0.9150743628305111,0.46611695935017394,0.16977582928975146,0.9296101442888337
0.398008420961615,0.2444112229436253,0.9150743628305111,0.4634274252072722,0.16774416956385219,0.9296101442888337
0.40377768141677745,0.2444112229436253,0.9150743628305111,0.4652737181963569,0.16774416956385219,0.9296101442888337
0.4063829177293289,0.2444112229436253,0.9150743628305111,0.4712112261939873,0.17289994317194146,0.9296101442888337
0.40564920092446405,0.2455513352512892,0.9150743628305111,0.4734686644828119,0.17289994317194146,0.9296101442888337
0.41677795253475036,0.2455513352512892,0.9150743628305111,0.48084848145559445,0.17289994317194146,0.9296101442888337
0.42089000879510247,0.2455513352512892,0.9150743628305111,0.48225042302508486,0.17289994317194146,0.9296101442888337
0.4251514566315518,0.2455513352512892,0.9150743628305111,0.4829440285976766,0.17289994317194146,0.9296101442888337
0.41844508021324556,0.2455513352512892,0.9150743628305111,0.4758229993448988,0.17289994317194146,0.9296101442888337
0.42709545656616327,0.2455513352512892,0.9150743628305111,0.4735011782862669,0.18060518072369308,0.9319672768185878
0.42191411189502576,0.2554576253446787,0.9150743628305111,0.4704479358274718,0.18060518072369308,0.9319672768185878
0.42391569217916564,0.2554576253446787,0.9150743628305111,0.4701234381534368,0.18060518072369308,0.9319672768185878
0.41954522579220827,0.2554576253446787,0.9150743628305111,0.4703930637205283,0.18060518072369308,0.9319672768185878
0.4195889557699247,0.2554576253446787,0.9150743628305111,0.47209718905542286,0.18060518072369308,0.9319672768185878
0.4166566580703263,0.25355754855816093,0.9150743628305111,0.4663568565204668,0.18060518072369308,0.9319672768185878
0.41926941417003505,0.25355754855816093,0.9150743628305111,0.4676278253196742,0.18060518072369308,0.9319672768185878
0.41552279261711705,0.25355754855816093,0.9150743628305111,0.4625168010567865,0.18167869274389797,0.9319672768185878
0.4106406353090639,0.25355754855816093,0.9150743628305111,0.47023221716832786,0.18167869274389797,0.9319672768185878
0.4116926864441927,0.25355754855816093,0.9150743628305111,0.4701102997300604,0.18167869274389797,0.9319672768185878
0.4121500776985616,0.25355754855816093,0.9150743628305111,0.47469822532787304,0.18167869274389797,0.9319672768185878
0.4172241667577639,0.25355754855816093,0.9150743628305111,0.47076075056862815,0.18167869274389797,0.9319672768185878
0.42283832153838513,0.25355754855816093,0.9150743628305111,0.46490875548321126,0.18167869274389797,0.9319672768185878
0.4177457977085924,0.25355754855816093,0.9150743628305111,0.4624126455568563,0.18167869274389797,0.9319672768185878
0.4199998948869036,0.25355754855816093,0.9150743628305111,0.46990803350598775,0.18167869274389797,0.9319672768185878
0.4224325924604545,0.25355754855816093,0.9150743628305111,0.4678280019196288,0.18612761034268183,0.9319672768185878
0.4194342469505467,0.25355754855816093,0.9150743628305111,0.47294340825126474,0.18612761034268183,0.9319672768185878
0.4066987126447103,0.25355754855816093,0.9150743628305111,0.4786658669802356,0.18546094631020543,0.9319672768185878
0.409100466384616,0.25355754855816093,0.9150743628305111,0.47492234852656756,0.18617199260363343,0.9319672768185878
0.4012884405285444,0.25355754855816093,0.9150743628305111,0.47379585067070135,0.18617199260363343,0.9319672768185878
0.40953977473418646,0.2521759856201171,0.9150743628305111,0.48113647187030917,0.1881310427744069,0.9319672768185878
0.41061564536980066,0.2521759856201171,0.9150743628305111,0.48390461837417975,0.1881310427744069,0.9319672768185878
0.40989871151404966,0.2521759856201171,0.9150743628305111,0.4814130852297074,0.1881310427744069,0.9319672768185878
0.4044593948142841,0.24533452494722235,0.9150743628305111,0.4835826911448817,0.1881310427744069,0.9319672768185878
0.4019509682085206,0.24533452494722235,0.9150743628305111,0.4739424626546945,0.1881310427744069,0.9319672768185878
0.40334839105327713,0.24533452494722235,0.9150743628305111,0.4685551620569973,0.1881310427744069,0.9319672768185878
0.4052957031001247,0.24533452494722235,0.9150743628305111,0.4680108622804112,0.1881310427744069,0.9319672768185878
0.40787584898302354,0.24533452494722235,0.9150743628305111,0.4607993087154594,0.18719178079212442,0.9319672768185878
0.41106233823832694,0.24533452494722235,0.9150743628305111,0.46489262668245207,0.18996513717483585,0.9319672768185878
0.4097427245077748,0.24533452494722235,0.9150743628305111,0.45905679213422185,0.18996513717483585,0.9319672768185878
0.40712146273409866,0.24533452494722235,0.9150743628305111,0.4576863012870942,0.18996513717483585,0.9319672768185878
0.3826137131991179,0.24533452494722235,0.9150743628305111,0.4512190139583256,0.18996513717483585,0.9319672768185878
0.3742953665361667,0.24533452494722235,0.9150743628305111,0.4445959382938103,0.1967508055480784,0.9338338198697693
0.377629032924696,0.24533452494722235,0.9150743628305111,0.4468282600984261,0.1967508055480784,0.9338338198697693
0.3733919960049619,0.24533452494722235,0.9150743628305111,0.44962167120861646,0.1967508055480784,0.9338338198697693
0.3730752691292415,0.2446017159824055,0.9150743628305111,0.4526900042567969,0.1967508055480784,0.9338338198697693
0.36014429654872515,0.24113007540808049,0.9150743628305111,0.44647005399218176,0.1967508055480784,0.9338338198697693
0.3541410739875355,0.24113007540808049,0.9150743628305111,0.44420845650256824,0.1967508055480784,0.9338338198697693
0.3539874381357591,0.23973131171968776,0.9150743628305111,0.4437516022595591,0.1967508055480784,0.9338338198697693
0.35218548153459556,0.23973131171968776,0.9150743628305111,0.445733378921053,0.1967508055480784,0.9338338198697693
0.339004168185132,0.23973131171968776,0.9150743628305111,0.44052693819462835,0.1967508055480784,0.9338338198697693
0.3448786224910539,0.23973131171968776,0.9150743628305111,0.4388459082976758,0.19709766560896477,0.9338338198697693
0.3509596183613669,0.23973131171968776,0.9150743628305111,0.4428670045623806,0.18521026720801714,0.9338338198697693
0.3523623919063278,0.23973131171968776,0.9150743628305111,0.44237519990806096,0.18521026720801714,0.9338338198697693
0.34562054529283415,0.23973131171968776,0.9150743628305111,0.4396334527571806,0.18521026720801714,0.9338338198697693
0.3386721209291823,0.23973131171968776,0.9150743628305111,0.43761254955732326,0.18707093757211463,0.9338338198697693
0.33599527645516214,0.2306038527948402,0.9150743628305111,0.44058407311694453,0.18707093757211463,0.9338338198697693
0.3335329300114555,0.2306038527948402,0.9150743628305111,0.437410398838568,0.18707093757211463,0.9338338198697693
0.34088812591874845,0.2306038527948402,0.9150743628305111,0.4304714876591966,0.19085916055247992,0.9338338198697693
0.3377368976278283,0.2306038527948402,0.9150743628305111,0.42921928508549734,0.19085916055247992,0.9338338198697693
0.34422758136677745,0.2306038527948402,0.9150743628305111,0.42503864004268677,0.189777255292783,0.9338338198697693
0.340510796451716,0.2306038527948402,0.9150743628305111,0.42178164054637096,0.189777255292783,0.9338338198697693
0.3415225357378629,0.2306038527948402,0.9150743628305111,0.4231105653804659,0.189777255292783,0.9338338198697693
0.33919418220369796,0.2306038527948402,0.9150743628305111,0.4313702078288742,0.189777255292783,0.9338338198697693
0.34140994460454926,0.2306038527948402,0.9150743628305111,0.43108264059231466,0.189777255292783,0.9338338198697693
0.3416069773107065,0.23164245043853404,0.9150743628305111,0.4260720280650799,0.189777255292783,0.9338338198697693
0.33728238031915386,0.23164245043853404,0.9150743628305111,0.4219741651068799,0.18479786309982432,0.9338338198697693
0.3415607298346433,0.23164245043853404,0.9150743628305111,0.41868888761020623,0.18479786309982432,0.9338338198697693
0.34764956187514545,0.23164245043853404,0.9150743628305111,0.4146655619088688,0.18479786309982432,0.9338338198697693
0.340827935747499,0.23164245043853404,0.9150743628305111,0.4134075835786177,0.18479786309982432,0.9338338198697693
0.3281518213572146,0.23164245043853404,0.9150743628305111,0.4195942292433216,0.18479786309982432,0.9338338198697693
0.3298976828173951,0.23164245043853404,0.9150743628305111,0.41314941529387267,0.18479786309982432,0.9338338198697693
0.3283178675076996,0.23164245043853404,0.9150743628305111,0.41580644123713684,0.17971427682781527,0.9338338198697693
0.3342962511312188,0.22982660490297593,0.9150743628305111,0.42001429495479736,0.18172666857256226,0.9338338198697693
0.32820106186659104,0.22982660490297593,0.9150743628305111,0.41799043729826985,0.18172666857256226,0.9338338198697693
0.32409172393180413,0.22982660490297593,0.9150743628305111,0.4173084545954473,0.1795582777372904,0.9338338198697693
0.32868594952890406,0.22982660490297593,0.9150743628305111,0.4226386371987025,0.1795582777372904,0.9338338198697693
0.3250700841815854,0.22982660490297593,0.9150743628305111,0.4278419695636792,0.18184121706014025,0.9338338198697693
0.32086967143270045,0.22982660490297593,0.9150743628305111,0.4258849489491728,0.18184121706014025,0.9338338198697693
0.32676829296897725,0.2234868150938926,0.9150743628305111,0.4254450288639046,0.18184121706014025,0.9338338198697693
0.32591895494840806,0.2217069529013568,0.9150743628305111,0.42721164554421587,0.18042399743714896,0.9338338198697693
0.32830372448646583,0.2180757977160277,0.9150743628305111,0.42554074596101193,0.18042399743714896,0.9338338198697693
0.33157152704684567,0.2180757977160277,0.9150743628305111,0.4339587205337817,0.18042399743714896,0.9338338198697693
0.3310031675578426,0.2180757977160277,0.9150743628305111,0.4326618003778966,0.18042399743714896,0.9338338198697693
0.33635212100552575,0.2180757977160277,0.9150743628305111,0.4357181807586362,0.18042399743714896,0.9338338198697693
0.34213183917127454,0.2180757977160277,0.9150743628305111,0.4316835884604191,0.18042399743714896,0.9338338198697693
0.33391756691468866,0.2180757977160277,0.9150743628305111,0.4279572520280582,0.18042399743714896,0.9338338198697693
0.3326858821098604,0.2186968820857814,0.9150743628305111,0.4285486278976807,0.18042399743714896,0.9338338198697693
0.34171630016877674,0.2186968820857814,0.9150743628305111,0.43524232664241197,0.18042399743714896,0.9338338198697693
0.3427319209669706,0.2186968820857814,0.9150743628305111,0.43380153067750726,0.18042399743714896,0.9338338198697693
0.33825743244918244,0.2186968820857814,0.9150743628305111,0.4333479551259834,0.18042399743714896,0.9338338198697693
0.33764998890880576,0.2186968820857814,0.9150743628305111,0.4353047553868449,0.1778923767047051,0.9338338198697693
0.33749137515135114,0.2186968820857814,0.9150743628305111,0.43786386372813646,0.1778923767047051,0.9338338198697693
0.3377706140645076,0.2186968820857814,0.9150743628305111,0.43784393522097675,0.1778923767047051,0.9338338198697693
0.3341579801824963,0.2186968820857814,0.9150743628305111,0.4469670631180574,0.1778923767047051,0.9338338198697693
0.3355486372727746,0.22241884206161425,0.9150743628305111,0.44548836787668405,0.1778923767047051,0.9338338198697693
0.3330684011564247,0.22241884206161425,0.9150743628305111,0.4426794619712117,0.1830273941415399,0.9338338198697693
0.33657578348111894,0.22241884206161425,0.9150743628305111,0.4431504485311286,0.1830273941415399,0.9338338198697693
0.33645319246915795,0.22348101995657163,0.9150743628305111,0.4453963179877946,0.1830273941415399,0.9338338198697693
0.33222124164477795,0.22348101995657163,0.9150743628305111,0.4521212504546552,0.18697685911101625,0.9338338198697693
0.3299198853181729,0.22348101995657163,0.9150743628305111,0.45162806126983535,0.18697685911101625,0.9338338198697693
0.3332107213971431,0.22348101995657163,0.9150743628305111,0.45953985325193986,0.18697685911101625,0.9338338198697693
0.33065128936368954,0.22348101995657163,0.9150743628305111,0.4644541621825227,0.18697685911101625,0.9338338198697693
0.3288562870206814,0.22348101995657163,0.9150743628305111,0.4607626368170774,0.18697685911101625,0.9338338198697693
0.3246797202869998,0.22348101995657163,0.9150743628305111,0.45774838413655067,0.18697685911101625,0.9338338198697693
0.3208770637779903,0.22348101995657163,0.9150743628305111,0.4552299812027824,0.18697685911101625,0.9338338198697693
0.3217316993192242,0.22348101995657163,0.9150743628305111,0.4547616972094143,0.18589133269830665,0.9338338198697693
0.32480405668314466,0.22348101995657163,0.9150743628305111,0.4548649707921326,0.19071173203474925,0.9338338198697693
0.32062844909610877,0.22348101995657163,0.9150743628305111,0.4557170059008627,0.1959457244253853,0.9338338198697693
0.32606617620066314,0.22348101995657163,0.9150743628305111,0.44903437323542655,0.1959457244253853,0.9338338198697693
0.3233215728685199,0.22348101995657163,0.9150743628305111,0.44682234544133265,0.1939753814062389,0.9338338198697693
0.31781068040873495,0.22348101995657163,0.9150743628305111,0.44439870964954603,0.18943407416370864,0.9338338198697693
0.31565674406427685,0.22348101995657163,0.9150743628305111,0.4423492745270842,0.18850613967157573,0.9338338198697693
0.31296467936326294,0.22348101995657163,0.9150743628305111,0.44022805395709647,0.18850613967157573,0.9338338198697693
