Y_t1,Y_t2,Y_t3,ID
0.9098254927853939,0.9409590661280742,0.9116949677332504,1
0.9098254927853939,0.9409590661280742,0.9116949677332504,2
0.9098254927853939,0.9409590661280742,0.9116949677332504,3
0.9098254927853939,0.9409590661280742,0.9116949677332504,4
0.9098254927853939,0.9409590661280742,0.9116949677332504,5
0.9098254927853939,0.9409590661280742,0.9116949677332504,6
0.9098254927853939,0.9409590661280742,0.9116949677332504,7
0.9098254927853939,0.9409590661280742,0.9116949677332504,8
0.9098254927853939,0.9409590661280742,0.9116949677332504,9
0.9098254927853939,0.9409590661280742,0.9116949677332504,10
0.9098254927853939,0.9409590661280742,0.9116949677332504,11
0.9098254927853939,0.9409590661280742,0.9116949677332504,12
0.9098254927853939,0.9409590661280742,0.9116949677332504,13
0.9098254927853939,0.9409590661280742,0.9116949677332504,14
0.9098254927853939,0.9409590661280742,0.9116949677332504,15
0.9098254927853939,0.9409590661280742,0.9116949677332504,16
0.9098254927853939,0.9409590661280742,0.9116949677332504,17
0.9098254927853939,0.9409590661280742,0.9116949677332504,18
0.9098254927853939,0.9409590661280742,0.9116949677332504,19
0.9098254927853939,0.9409590661280742,0.9116949677332504,20
0.9098254927853939,0.9409590661280742,0.9116949677332504,21
0.9098254927853939,0.9409590661280742,0.9116949677332504,22
0.9098254927853939,0.9409590661280742,0.9116949677332504,23
0.9098254927853939,0.9409590661280742,0.9116949677332504,24
0.9098254927853939,0.9409590661280742,0.9116949677332504,25
0.9098254927853939,0.9409590661280742,0.9116949677332504,26
0.9098254927853939,0.9409590661280742,0.9116949677332504,27
0.9098254927853939,0.9409590661280742,0.9116949677332504,28
0.9098254927853939,0.9409590661280742,0.9116949677332504,29
0.9098254927853939,0.9409590661280742,0.9116949677332504,30
0.9098254927853939,0.9409590661280742,0.9116949677332504,31
0.9098254927853939,0.9409590661280742,0.9116949677332504,32
0.9098254927853939,0.9409590661280742,0.9116949677332504,33
0.9098254927853939,0.9409590661280742,0.9116949677332504,34
0.9098254927853939,0.9409590661280742,0.9116949677332504,35
0.9098254927853939,0.9409590661280742,0.9116949677332504,36
0.9098254927853939,0.9409590661280742,0.9116949677332504,37
0.9098254927853939,0.9409590661280742,0.9116949677332504,38
0.9098254927853939,0.9409590661280742,0.9116949677332504,39
0.9098254927853939,0.9409590661280742,0.9116949677332504,40
0.9098254927853939,0.9409590661280742,0.9116949677332504,41
0.9098254927853939,0.9409590661280742,0.9116949677332504,42
0.9098254927853939,0.9409590661280742,0.9116949677332504,43
0.9098254927853939,0.9409590661280742,0.9116949677332504,44
0.9098254927853939,0.9409590661280742,0.9116949677332504,45
0.9098254927853939,0.9409590661280742,0.9116949677332504,46
0.9098254927853939,0.9409590661280742,0.9116949677332504,47
0.9098254927853939,0.9409590661280742,0.9116949677332504,48
0.9098254927853939,0.9409590661280742,0.9116949677332504,49
0.9098254927853939,0.9409590661280742,0.9116949677332504,50
0.9098254927853939,0.9409590661280742,0.9116949677332504,51
0.9098254927853939,0.9409590661280742,0.9116949677332504,52
0.9098254927853939,0.9409590661280742,0.9116949677332504,53
0.9098254927853939,0.9409590661280742,0.9116949677332504,54
0.9098254927853939,0.9409590661280742,0.9116949677332504,55
0.9098254927853939,0.9409590661280742,0.9116949677332504,56
0.9098254927853939,0.9409590661280742,0.9116949677332504,57
0.9098254927853939,0.9409590661280742,0.9116949677332504,58
0.9098254927853939,0.9409590661280742,0.9116949677332504,59
0.9098254927853939,0.9409590661280742,0.9116949677332504,60
0.9098254927853939,0.9409590661280742,0.9116949677332504,61
0.9098254927853939,0.9409590661280742,0.9116949677332504,62
0.9098254927853939,0.9409590661280742,0.9116949677332504,63
0.9098254927853939,0.9409590661280742,0.9116949677332504,64
0.9098254927853939,0.9409590661280742,0.9116949677332504,65
0.9098254927853939,0.9409590661280742,0.9116949677332504,66
0.9098254927853939,0.9409590661280742,0.9116949677332504,67
0.9098254927853939,0.9409590661280742,0.9116949677332504,68
0.9098254927853939,0.9409590661280742,0.9116949677332504,69
0.9098254927853939,0.9409590661280742,0.9116949677332504,70
0.9098254927853939,0.9409590661280742,0.9116949677332504,71
0.9098254927853939,0.9409590661280742,0.9116949677332504,72
0.9098254927853939,0.9409590661280742,0.9116949677332504,73
0.9098254927853939,0.9409590661280742,0.9116949677332504,74
0.9098254927853939,0.9409590661280742,0.9116949677332504,75
0.9098254927853939,0.9409590661280742,0.9116949677332504,76
0.9098254927853939,0.9409590661280742,0.9116949677332504,77
0.9098254927853939,0.9409590661280742,0.9116949677332504,78
0.9098254927853939,0.9409590661280742,0.9116949677332504,79
0.9098254927853939,0.9409590661280742,0.9116949677332504,80
0.9098254927853939,0.9409590661280742,0.9116949677332504,81
0.9098254927853939,0.9409590661280742,0.9116949677332504,82
0.9098254927853939,0.9409590661280742,0.9116949677332504,83
0.9098254927853939,0.9409590661280742,0.9116949677332504,84
0.9098254927853939,0.9409590661280742,0.9116949677332504,85
0.9098254927853939,0.9409590661280742,0.9116949677332504,86
0.9098254927853939,0.9409590661280742,0.9116949677332504,87
0.9098254927853939,0.9409590661280742,0.9116949677332504,88
0.9098254927853939,0.9409590661280742,0.9116949677332504,89
0.9098254927853939,0.9409590661280742,0.9116949677332504,90
0.9098254927853939,0.9409590661280742,0.9116949677332504,91
0.9098254927853939,0.9409590661280742,0.9116949677332504,92
0.9098254927853939,0.9409590661280742,0.9116949677332504,93
0.9098254927853939,0.9409590661280742,0.9116949677332504,94
0.9098254927853939,0.9409590661280742,0.9116949677332504,95
0.9098254927853939,0.9409590661280742,0.9116949677332504,96
0.9098254927853939,0.9409590661280742,0.9116949677332504,97
0.9098254927853939,0.9409590661280742,0.9116949677332504,98
0.9098254927853939,0.9409590661280742,0.9116949677332504,99
0.9098254927853939,0.9409590661280742,0.9116949677332504,100
0.9098254927853939,0.9409590661280742,0.9116949677332504,101
0.9098254927853939,0.9409590661280742,0.9116949677332504,102
0.9098254927853939,0.9409590661280742,0.9116949677332504,103
0.9098254927853939,0.9409590661280742,0.9116949677332504,104
0.9098254927853939,0.9409590661280742,0.9116949677332504,105
0.9098254927853939,0.9409590661280742,0.9116949677332504,106
0.9098254927853939,0.9409590661280742,0.9116949677332504,107
0.9098254927853939,0.9409590661280742,0.9116949677332504,108
0.9098254927853939,0.9409590661280742,0.9116949677332504,109
0.9098254927853939,0.9409590661280742,0.9116949677332504,110
0.9098254927853939,0.9409590661280742,0.9116949677332504,111
0.9098254927853939,0.9409590661280742,0.9116949677332504,112
0.9098254927853939,0.9409590661280742,0.9116949677332504,113
0.9098254927853939,0.9409590661280742,0.9116949677332504,114
0.9098254927853939,0.9409590661280742,0.9116949677332504,115
0.9098254927853939,0.9409590661280742,0.9116949677332504,116
0.9098254927853939,0.9409590661280742,0.9116949677332504,117
0.9098254927853939,0.9409590661280742,0.9116949677332504,118
0.9098254927853939,0.9409590661280742,0.9116949677332504,119
0.9098254927853939,0.9409590661280742,0.9116949677332504,120
0.9098254927853939,0.9409590661280742,0.9116949677332504,121
0.9098254927853939,0.9409590661280742,0.9116949677332504,122
0.9098254927853939,0.9409590661280742,0.9116949677332504,123
0.9098254927853939,0.9409590661280742,0.9116949677332504,124
0.9098254927853939,0.9409590661280742,0.9116949677332504,125
0.9098254927853939,0.9409590661280742,0.9116949677332504,126
0.9098254927853939,0.9409590661280742,0.9116949677332504,127
0.9098254927853939,0.9409590661280742,0.9116949677332504,128
0.9098254927853939,0.9409590661280742,0.9116949677332504,129
0.9098254927853939,0.9409590661280742,0.9116949677332504,130
0.9098254927853939,0.9409590661280742,0.9116949677332504,131
0.9098254927853939,0.9409590661280742,0.9116949677332504,132
0.9098254927853939,0.9409590661280742,0.9116949677332504,133
0.9098254927853939,0.9409590661280742,0.9116949677332504,134
0.9098254927853939,0.9409590661280742,0.9116949677332504,135
0.9098254927853939,0.9409590661280742,0.9116949677332504,136
0.9098254927853939,0.9409590661280742,0.9116949677332504,137
0.9098254927853939,0.9409590661280742,0.9116949677332504,138
0.9098254927853939,0.9409590661280742,0.9116949677332504,139
0.9098254927853939,0.9409590661280742,0.9116949677332504,140
0.9098254927853939,0.9409590661280742,0.9116949677332504,141
0.9098254927853939,0.9409590661280742,0.9116949677332504,142
0.9098254927853939,0.9409590661280742,0.9116949677332504,143
0.9098254927853939,0.9409590661280742,0.9116949677332504,144
0.9098254927853939,0.9409590661280742,0.9116949677332504,145
0.9098254927853939,0.9409590661280742,0.9116949677332504,146
0.9098254927853939,0.9409590661280742,0.9116949677332504,147
0.9098254927853939,0.9409590661280742,0.9116949677332504,148
0.9098254927853939,0.9409590661280742,0.9116949677332504,149
0.9098254927853939,0.9409590661280742,0.9116949677332504,150
0.9098254927853939,0.9409590661280742,0.9116949677332504,151
0.9098254927853939,0.9409590661280742,0.9116949677332504,152
0.9098254927853939,0.9409590661280742,0.9116949677332504,153
0.9098254927853939,0.9409590661280742,0.9116949677332504,154
0.9098254927853939,0.9409590661280742,0.9116949677332504,155
0.9098254927853939,0.9409590661280742,0.9116949677332504,156
0.9098254927853939,0.9409590661280742,0.9116949677332504,157
0.9098254927853939,0.9409590661280742,0.9116949677332504,158
0.9098254927853939,0.9409590661280742,0.9116949677332504,159
0.9098254927853939,0.9409590661280742,0.9116949677332504,160
0.9098254927853939,0.9409590661280742,0.9116949677332504,161
0.9098254927853939,0.9409590661280742,0.9116949677332504,162
0.9098254927853939,0.9409590661280742,0.9116949677332504,163
0.9098254927853939,0.9409590661280742,0.9116949677332504,164
0.9098254927853939,0.9409590661280742,0.9116949677332504,165
0.9098254927853939,0.9409590661280742,0.9116949677332504,166
0.9098254927853939,0.9409590661280742,0.9116949677332504,167
0.9098254927853939,0.9409590661280742,0.9116949677332504,168
0.9098254927853939,0.9409590661280742,0.9116949677332504,169
0.9098254927853939,0.9409590661280742,0.9116949677332504,170
0.9098254927853939,0.9409590661280742,0.9116949677332504,171
0.9098254927853939,0.9409590661280742,0.9116949677332504,172
0.9098254927853939,0.9409590661280742,0.9116949677332504,173
0.9098254927853939,0.9409590661280742,0.9116949677332504,174
0.9098254927853939,0.9409590661280742,0.9116949677332504,175
0.9098254927853939,0.9409590661280742,0.9116949677332504,176
0.9098254927853939,0.9409590661280742,0.9116949677332504,177
0.9098254927853939,0.9409590661280742,0.9116949677332504,178
0.9098254927853939,0.9409590661280742,0.9116949677332504,179
0.9098254927853939,0.9409590661280742,0.9116949677332504,180
0.9098254927853939,0.9409590661280742,0.9116949677332504,181
0.9098254927853939,0.9409590661280742,0.9116949677332504,182
0.9098254927853939,0.9409590661280742,0.9116949677332504,183
0.9098254927853939,0.9409590661280742,0.9116949677332504,184
0.9098254927853939,0.9409590661280742,0.9116949677332504,185
0.9098254927853939,0.9409590661280742,0.9116949677332504,186
0.9098254927853939,0.9409590661280742,0.9116949677332504,187
0.9098254927853939,0.9409590661280742,0.9116949677332504,188
0.9098254927853939,0.9409590661280742,0.9116949677332504,189
0.9098254927853939,0.9409590661280742,0.9116949677332504,190
0.9098254927853939,0.9409590661280742,0.9116949677332504,191
0.9098254927853939,0.9409590661280742,0.9116949677332504,192
0.9098254927853939,0.9409590661280742,0.9116949677332504,193
0.9098254927853939,0.9409590661280742,0.9116949677332504,194
0.9098254927853939,0.9409590661280742,0.9116949677332504,195
0.9098254927853939,0.9409590661280742,0.9116949677332504,196
0.9098254927853939,0.9409590661280742,0.9116949677332504,197
0.9098254927853939,0.9409590661280742,0.9116949677332504,198
0.9098254927853939,0.9409590661280742,0.9116949677332504,199
0.9098254927853939,0.9409590661280742,0.9116949677332504,200
0.9098254927853939,0.9409590661280742,0.9116949677332504,201
0.9098254927853939,0.9409590661280742,0.9116949677332504,202
0.9098254927853939,0.9409590661280742,0.9116949677332504,203
0.9098254927853939,0.9409590661280742,0.9116949677332504,204
0.9098254927853939,0.9409590661280742,0.9116949677332504,205
0.9098254927853939,0.9409590661280742,0.9116949677332504,206
0.9098254927853939,0.9409590661280742,0.9116949677332504,207
0.9098254927853939,0.9409590661280742,0.9116949677332504,208
0.9098254927853939,0.9409590661280742,0.9116949677332504,209
0.9098254927853939,0.9409590661280742,0.9116949677332504,210
0.9098254927853939,0.9409590661280742,0.9116949677332504,211
0.9098254927853939,0.9409590661280742,0.9116949677332504,212
0.9098254927853939,0.9409590661280742,0.9116949677332504,213
0.9098254927853939,0.9409590661280742,0.9116949677332504,214
0.9098254927853939,0.9409590661280742,0.9116949677332504,215
0.9098254927853939,0.9409590661280742,0.9116949677332504,216
0.9098254927853939,0.9409590661280742,0.9116949677332504,217
0.9098254927853939,0.9409590661280742,0.9116949677332504,218
0.9098254927853939,0.9409590661280742,0.9116949677332504,219
0.9098254927853939,0.9409590661280742,0.9116949677332504,220
0.9098254927853939,0.9409590661280742,0.9116949677332504,221
0.9098254927853939,0.9409590661280742,0.9116949677332504,222
0.9098254927853939,0.9409590661280742,0.9116949677332504,223
0.9098254927853939,0.9409590661280742,0.9116949677332504,224
0.9098254927853939,0.9409590661280742,0.9116949677332504,225
0.9098254927853939,0.9409590661280742,0.9116949677332504,226
0.9098254927853939,0.9409590661280742,0.9116949677332504,227
0.9098254927853939,0.9409590661280742,0.9116949677332504,228
0.9098254927853939,0.9409590661280742,0.9116949677332504,229
0.9098254927853939,0.9409590661280742,0.9116949677332504,230
0.9098254927853939,0.9409590661280742,0.9116949677332504,231
0.9098254927853939,0.9409590661280742,0.9116949677332504,232
0.9098254927853939,0.9409590661280742,0.9116949677332504,233
0.9098254927853939,0.9409590661280742,0.9116949677332504,234
0.9098254927853939,0.9409590661280742,0.9116949677332504,235
0.9098254927853939,0.9409590661280742,0.9116949677332504,236
0.9098254927853939,0.9409590661280742,0.9116949677332504,237
0.9098254927853939,0.9409590661280742,0.9116949677332504,238
0.9098254927853939,0.9409590661280742,0.9116949677332504,239
0.9098254927853939,0.9409590661280742,0.9116949677332504,240
0.9098254927853939,0.9409590661280742,0.9116949677332504,241
0.9098254927853939,0.9409590661280742,0.9116949677332504,242
0.9098254927853939,0.9409590661280742,0.9116949677332504,243
0.9098254927853939,0.9409590661280742,0.9116949677332504,244
0.9098254927853939,0.9409590661280742,0.9116949677332504,245
0.9098254927853939,0.9409590661280742,0.9116949677332504,246
0.9098254927853939,0.9409590661280742,0.9116949677332504,247
0.9098254927853939,0.9409590661280742,0.9116949677332504,248
0.9098254927853939,0.9409590661280742,0.9116949677332504,249
0.9098254927853939,0.9409590661280742,0.9116949677332504,250
0.9098254927853939,0.9409590661280742,0.9116949677332504,251
0.9098254927853939,0.9409590661280742,0.9116949677332504,252
0.9098254927853939,0.9409590661280742,0.9116949677332504,253
0.9098254927853939,0.9409590661280742,0.9116949677332504,254
0.9098254927853939,0.9409590661280742,0.9116949677332504,255
0.9098254927853939,0.9409590661280742,0.9116949677332504,256
0.9098254927853939,0.9409590661280742,0.9116949677332504,257
0.9098254927853939,0.9409590661280742,0.9116949677332504,258
0.9098254927853939,0.9409590661280742,0.9116949677332504,259
0.9098254927853939,0.9409590661280742,0.9116949677332504,260
0.9098254927853939,0.9409590661280742,0.9116949677332504,261
0.9098254927853939,0.9409590661280742,0.9116949677332504,262
0.9098254927853939,0.9409590661280742,0.9116949677332504,263
0.9098254927853939,0.9409590661280742,0.9116949677332504,264
0.9098254927853939,0.9409590661280742,0.9116949677332504,265
0.9098254927853939,0.9409590661280742,0.9116949677332504,266
0.9098254927853939,0.9409590661280742,0.9116949677332504,267
0.9098254927853939,0.9409590661280742,0.9116949677332504,268
0.9098254927853939,0.9409590661280742,0.9116949677332504,269
0.9098254927853939,0.9409590661280742,0.9116949677332504,270
0.9098254927853939,0.9409590661280742,0.9116949677332504,271
0.9098254927853939,0.9409590661280742,0.9116949677332504,272
0.9098254927853939,0.9409590661280742,0.9116949677332504,273
0.9098254927853939,0.9409590661280742,0.9116949677332504,274
0.9098254927853939,0.9409590661280742,0.9116949677332504,275
0.9098254927853939,0.9409590661280742,0.9116949677332504,276
0.9098254927853939,0.9409590661280742,0.9116949677332504,277
0.9098254927853939,0.9409590661280742,0.9116949677332504,278
0.9098254927853939,0.9409590661280742,0.9116949677332504,279
0.9098254927853939,0.9409590661280742,0.9116949677332504,280
0.9098254927853939,0.9409590661280742,0.9116949677332504,281
0.9098254927853939,0.9409590661280742,0.9116949677332504,282
0.9098254927853939,0.9409590661280742,0.9116949677332504,283
0.9098254927853939,0.9409590661280742,0.9116949677332504,284
0.9098254927853939,0.9409590661280742,0.9116949677332504,285
0.9098254927853939,0.9409590661280742,0.9116949677332504,286
0.9098254927853939,0.9409590661280742,0.9116949677332504,287
0.9098254927853939,0.9409590661280742,0.9116949677332504,288
0.9098254927853939,0.9409590661280742,0.9116949677332504,289
0.9098254927853939,0.9409590661280742,0.9116949677332504,290
0.9098254927853939,0.9409590661280742,0.9116949677332504,291
0.9098254927853939,0.9409590661280742,0.9116949677332504,292
0.9098254927853939,0.9409590661280742,0.9116949677332504,293
0.9098254927853939,0.9409590661280742,0.9116949677332504,294
0.9098254927853939,0.9409590661280742,0.9116949677332504,295
0.9098254927853939,0.9409590661280742,0.9116949677332504,296
0.9098254927853939,0.9409590661280742,0.9116949677332504,297
0.9098254927853939,0.9409590661280742,0.9116949677332504,298
0.9098254927853939,0.9409590661280742,0.9116949677332504,299
0.9098254927853939,0.9409590661280742,0.9116949677332504,300
0.9098254927853939,0.9409590661280742,0.9116949677332504,301
0.9098254927853939,0.9409590661280742,0.9116949677332504,302
0.9098254927853939,0.9409590661280742,0.9116949677332504,303
0.9098254927853939,0.9409590661280742,0.9116949677332504,304
0.9098254927853939,0.9409590661280742,0.9116949677332504,305
0.9098254927853939,0.9409590661280742,0.9116949677332504,306
0.9098254927853939,0.9409590661280742,0.9116949677332504,307
0.9098254927853939,0.9409590661280742,0.9116949677332504,308
0.9098254927853939,0.9409590661280742,0.9116949677332504,309
0.9098254927853939,0.9409590661280742,0.9116949677332504,310
0.9098254927853939,0.9409590661280742,0.9116949677332504,311
0.9098254927853939,0.9409590661280742,0.9116949677332504,312
0.9098254927853939,0.9409590661280742,0.9116949677332504,313
0.9098254927853939,0.9409590661280742,0.9116949677332504,314
0.9098254927853939,0.9409590661280742,0.9116949677332504,315
0.9098254927853939,0.9409590661280742,0.9116949677332504,316
0.9098254927853939,0.9409590661280742,0.9116949677332504,317
0.9098254927853939,0.9409590661280742,0.9116949677332504,318
0.9098254927853939,0.9409590661280742,0.9116949677332504,319
0.9098254927853939,0.9409590661280742,0.9116949677332504,320
0.9098254927853939,0.9409590661280742,0.9116949677332504,321
0.9098254927853939,0.9409590661280742,0.9116949677332504,322
0.9098254927853939,0.9409590661280742,0.9116949677332504,323
0.9098254927853939,0.9409590661280742,0.9116949677332504,324
0.9098254927853939,0.9409590661280742,0.9116949677332504,325
0.9098254927853939,0.9409590661280742,0.9116949677332504,326
0.9098254927853939,0.9409590661280742,0.9116949677332504,327
0.9098254927853939,0.9409590661280742,0.9116949677332504,328
0.9098254927853939,0.9409590661280742,0.9116949677332504,329
0.9098254927853939,0.9409590661280742,0.9116949677332504,330
0.9098254927853939,0.9409590661280742,0.9116949677332504,331
0.9098254927853939,0.9409590661280742,0.9116949677332504,332
0.9098254927853939,0.9409590661280742,0.9116949677332504,333
0.9098254927853939,0.9409590661280742,0.9116949677332504,334
0.9098254927853939,0.9409590661280742,0.9116949677332504,335
0.9098254927853939,0.9409590661280742,0.9116949677332504,336
0.9098254927853939,0.9409590661280742,0.9116949677332504,337
0.9098254927853939,0.9409590661280742,0.9116949677332504,338
0.9098254927853939,0.9409590661280742,0.9116949677332504,339
0.9098254927853939,0.9409590661280742,0.9116949677332504,340
0.9098254927853939,0.9409590661280742,0.9116949677332504,341
0.9098254927853939,0.9409590661280742,0.9116949677332504,342
0.9098254927853939,0.9409590661280742,0.9116949677332504,343
0.9098254927853939,0.9409590661280742,0.9116949677332504,344
0.9098254927853939,0.9409590661280742,0.9116949677332504,345
0.9098254927853939,0.9409590661280742,0.9116949677332504,346
0.9098254927853939,0.9409590661280742,0.9116949677332504,347
0.9098254927853939,0.9409590661280742,0.9116949677332504,348
0.9098254927853939,0.9409590661280742,0.9116949677332504,349
0.9098254927853939,0.9409590661280742,0.9116949677332504,350
0.9098254927853939,0.9409590661280742,0.9116949677332504,351
0.9098254927853939,0.9409590661280742,0.9116949677332504,352
0.9098254927853939,0.9409590661280742,0.9116949677332504,353
0.9098254927853939,0.9409590661280742,0.9116949677332504,354
0.9098254927853939,0.9409590661280742,0.9116949677332504,355
0.9098254927853939,0.9409590661280742,0.9116949677332504,356
0.9098254927853939,0.9409590661280742,0.9116949677332504,357
0.9098254927853939,0.9409590661280742,0.9116949677332504,358
0.9098254927853939,0.9409590661280742,0.9116949677332504,359
0.9098254927853939,0.9409590661280742,0.9116949677332504,360
0.9098254927853939,0.9409590661280742,0.9116949677332504,361
0.9098254927853939,0.9409590661280742,0.9116949677332504,362
0.9098254927853939,0.9409590661280742,0.9116949677332504,363
0.9098254927853939,0.9409590661280742,0.9116949677332504,364
0.9098254927853939,0.9409590661280742,0.9116949677332504,365
0.9098254927853939,0.9409590661280742,0.9116949677332504,366
0.9098254927853939,0.9409590661280742,0.9116949677332504,367
0.9098254927853939,0.9409590661280742,0.9116949677332504,368
0.9098254927853939,0.9409590661280742,0.9116949677332504,369
0.9098254927853939,0.9409590661280742,0.9116949677332504,370
0.9098254927853939,0.9409590661280742,0.9116949677332504,371
0.9098254927853939,0.9409590661280742,0.9116949677332504,372
0.9098254927853939,0.9409590661280742,0.9116949677332504,373
0.9098254927853939,0.9409590661280742,0.9116949677332504,374
0.9098254927853939,0.9409590661280742,0.9116949677332504,375
0.9098254927853939,0.9409590661280742,0.9116949677332504,376
0.9098254927853939,0.9409590661280742,0.9116949677332504,377
0.9098254927853939,0.9409590661280742,0.9116949677332504,378
0.9098254927853939,0.9409590661280742,0.9116949677332504,379
0.9098254927853939,0.9409590661280742,0.9116949677332504,380
0.9098254927853939,0.9409590661280742,0.9116949677332504,381
0.9098254927853939,0.9409590661280742,0.9116949677332504,382
0.9098254927853939,0.9409590661280742,0.9116949677332504,383
0.9098254927853939,0.9409590661280742,0.9116949677332504,384
0.9098254927853939,0.9409590661280742,0.9116949677332504,385
0.9098254927853939,0.9409590661280742,0.9116949677332504,386
0.9098254927853939,0.9409590661280742,0.9116949677332504,387
0.9098254927853939,0.9409590661280742,0.9116949677332504,388
0.9098254927853939,0.9409590661280742,0.9116949677332504,389
0.9098254927853939,0.9409590661280742,0.9116949677332504,390
0.9098254927853939,0.9409590661280742,0.9116949677332504,391
0.9098254927853939,0.9409590661280742,0.9116949677332504,392
0.9098254927853939,0.9409590661280742,0.9116949677332504,393
0.9098254927853939,0.9409590661280742,0.9116949677332504,394
0.9098254927853939,0.9409590661280742,0.9116949677332504,395
0.9098254927853939,0.9409590661280742,0.9116949677332504,396
0.9098254927853939,0.9409590661280742,0.9116949677332504,397
0.9098254927853939,0.9409590661280742,0.9116949677332504,398
0.9098254927853939,0.9409590661280742,0.9116949677332504,399
0.9098254927853939,0.9409590661280742,0.9116949677332504,400
0.9098254927853939,0.9409590661280742,0.9116949677332504,401
0.9098254927853939,0.9409590661280742,0.9116949677332504,402
0.9098254927853939,0.9409590661280742,0.9116949677332504,403
0.9098254927853939,0.9409590661280742,0.9116949677332504,404
0.9098254927853939,0.9409590661280742,0.9116949677332504,405
0.9098254927853939,0.9409590661280742,0.9116949677332504,406
0.9098254927853939,0.9409590661280742,0.9116949677332504,407
0.9098254927853939,0.9409590661280742,0.9116949677332504,408
0.9098254927853939,0.9409590661280742,0.9116949677332504,409
0.9098254927853939,0.9409590661280742,0.9116949677332504,410
0.9098254927853939,0.9409590661280742,0.9116949677332504,411
0.9098254927853939,0.9409590661280742,0.9116949677332504,412
0.9098254927853939,0.9409590661280742,0.9116949677332504,413
0.9098254927853939,0.9409590661280742,0.9116949677332504,414
0.9098254927853939,0.9409590661280742,0.9116949677332504,415
0.9098254927853939,0.9409590661280742,0.9116949677332504,416
0.9098254927853939,0.9409590661280742,0.9116949677332504,417
0.9098254927853939,0.9409590661280742,0.9116949677332504,418
0.9098254927853939,0.9409590661280742,0.9116949677332504,419
0.9098254927853939,0.9409590661280742,0.9116949677332504,420
0.9098254927853939,0.9409590661280742,0.9116949677332504,421
0.9098254927853939,0.9409590661280742,0.9116949677332504,422
0.9098254927853939,0.9409590661280742,0.9116949677332504,423
0.9098254927853939,0.9409590661280742,0.9116949677332504,424
0.9098254927853939,0.9409590661280742,0.9116949677332504,425
0.9098254927853939,0.9409590661280742,0.9116949677332504,426
0.9098254927853939,0.9409590661280742,0.9116949677332504,427
0.9098254927853939,0.9409590661280742,0.9116949677332504,428
0.9098254927853939,0.9409590661280742,0.9116949677332504,429
0.9098254927853939,0.9409590661280742,0.9116949677332504,430
0.9098254927853939,0.9409590661280742,0.9116949677332504,431
0.9098254927853939,0.9409590661280742,0.9116949677332504,432
0.9098254927853939,0.9409590661280742,0.9116949677332504,433
0.9098254927853939,0.9409590661280742,0.9116949677332504,434
0.9098254927853939,0.9409590661280742,0.9116949677332504,435
0.9098254927853939,0.9409590661280742,0.9116949677332504,436
0.9098254927853939,0.9409590661280742,0.9116949677332504,437
0.9098254927853939,0.9409590661280742,0.9116949677332504,438
0.9098254927853939,0.9409590661280742,0.9116949677332504,439
0.9098254927853939,0.9409590661280742,0.9116949677332504,440
0.9098254927853939,0.9409590661280742,0.9116949677332504,441
0.9098254927853939,0.9409590661280742,0.9116949677332504,442
0.9098254927853939,0.9409590661280742,0.9116949677332504,443
0.9098254927853939,0.9409590661280742,0.9116949677332504,444
0.9098254927853939,0.9409590661280742,0.9116949677332504,445
0.9098254927853939,0.9409590661280742,0.9116949677332504,446
0.9098254927853939,0.9409590661280742,0.9116949677332504,447
0.9098254927853939,0.9409590661280742,0.9116949677332504,448
0.9098254927853939,0.9409590661280742,0.9116949677332504,449
0.9098254927853939,0.9409590661280742,0.9116949677332504,450
0.9098254927853939,0.9409590661280742,0.9116949677332504,451
0.9098254927853939,0.9409590661280742,0.9116949677332504,452
0.9098254927853939,0.9409590661280742,0.9116949677332504,453
0.9098254927853939,0.9409590661280742,0.9116949677332504,454
0.9098254927853939,0.9409590661280742,0.9116949677332504,455
0.9098254927853939,0.9409590661280742,0.9116949677332504,456
0.9098254927853939,0.9409590661280742,0.9116949677332504,457
0.9098254927853939,0.9409590661280742,0.9116949677332504,458
0.9098254927853939,0.9409590661280742,0.9116949677332504,459
0.9098254927853939,0.9409590661280742,0.9116949677332504,460
0.9098254927853939,0.9409590661280742,0.9116949677332504,461
0.9098254927853939,0.9409590661280742,0.9116949677332504,462
0.9098254927853939,0.9409590661280742,0.9116949677332504,463
0.9098254927853939,0.9409590661280742,0.9116949677332504,464
0.9098254927853939,0.9409590661280742,0.9116949677332504,465
0.9098254927853939,0.9409590661280742,0.9116949677332504,466
0.9098254927853939,0.9409590661280742,0.9116949677332504,467
0.9098254927853939,0.9409590661280742,0.9116949677332504,468
0.9098254927853939,0.9409590661280742,0.9116949677332504,469
0.9098254927853939,0.9409590661280742,0.9116949677332504,470
0.9098254927853939,0.9409590661280742,0.9116949677332504,471
0.9098254927853939,0.9409590661280742,0.9116949677332504,472
0.9098254927853939,0.9409590661280742,0.9116949677332504,473
0.9098254927853939,0.9409590661280742,0.9116949677332504,474
0.9098254927853939,0.9409590661280742,0.9116949677332504,475
0.9098254927853939,0.9409590661280742,0.9116949677332504,476
0.9098254927853939,0.9409590661280742,0.9116949677332504,477
0.9098254927853939,0.9409590661280742,0.9116949677332504,478
0.9098254927853939,0.9409590661280742,0.9116949677332504,479
0.9098254927853939,0.9409590661280742,0.9116949677332504,480
0.9098254927853939,0.9409590661280742,0.9116949677332504,481
0.9098254927853939,0.9409590661280742,0.9116949677332504,482
0.9098254927853939,0.9409590661280742,0.9116949677332504,483
0.9098254927853939,0.9409590661280742,0.9116949677332504,484
0.9098254927853939,0.9409590661280742,0.9116949677332504,485
0.9098254927853939,0.9409590661280742,0.9116949677332504,486
0.9098254927853939,0.9409590661280742,0.9116949677332504,487
0.9098254927853939,0.9409590661280742,0.9116949677332504,488
0.9098254927853939,0.9409590661280742,0.9116949677332504,489
0.9098254927853939,0.9409590661280742,0.9116949677332504,490
0.9098254927853939,0.9409590661280742,0.9116949677332504,491
0.9098254927853939,0.9409590661280742,0.9116949677332504,492
0.9098254927853939,0.9409590661280742,0.9116949677332504,493
0.9098254927853939,0.9409590661280742,0.9116949677332504,494
0.9098254927853939,0.9409590661280742,0.9116949677332504,495
0.9098254927853939,0.9409590661280742,0.9116949677332504,496
0.9098254927853939,0.9409590661280742,0.9116949677332504,497
0.9098254927853939,0.9409590661280742,0.9116949677332504,498
0.9098254927853939,0.9409590661280742,0.9116949677332504,499
0.9098254927853939,0.9409590661280742,0.9116949677332504,500
0.9098254927853939,0.9409590661280742,0.9116949677332504,501
0.9098254927853939,0.9409590661280742,0.9116949677332504,502
0.9098254927853939,0.9409590661280742,0.9116949677332504,503
0.9098254927853939,0.9409590661280742,0.9116949677332504,504
0.9098254927853939,0.9409590661280742,0.9116949677332504,505
0.9098254927853939,0.9409590661280742,0.9116949677332504,506
0.9098254927853939,0.9409590661280742,0.9116949677332504,507
0.9098254927853939,0.9409590661280742,0.9116949677332504,508
0.9098254927853939,0.9409590661280742,0.9116949677332504,509
0.9098254927853939,0.9409590661280742,0.9116949677332504,510
0.9098254927853939,0.9409590661280742,0.9116949677332504,511
0.9098254927853939,0.9409590661280742,0.9116949677332504,512
0.9098254927853939,0.9409590661280742,0.9116949677332504,513
0.9098254927853939,0.9409590661280742,0.9116949677332504,514
0.9098254927853939,0.9409590661280742,0.9116949677332504,515
0.9098254927853939,0.9409590661280742,0.9116949677332504,516
0.9098254927853939,0.9409590661280742,0.9116949677332504,517
0.9098254927853939,0.9409590661280742,0.9116949677332504,518
0.9098254927853939,0.9409590661280742,0.9116949677332504,519
0.9098254927853939,0.9409590661280742,0.9116949677332504,520
0.9098254927853939,0.9409590661280742,0.9116949677332504,521
0.9098254927853939,0.9409590661280742,0.9116949677332504,522
0.9098254927853939,0.9409590661280742,0.9116949677332504,523
0.9098254927853939,0.9409590661280742,0.9116949677332504,524
0.9098254927853939,0.9409590661280742,0.9116949677332504,525
0.9098254927853939,0.9409590661280742,0.9116949677332504,526
0.9098254927853939,0.9409590661280742,0.9116949677332504,527
0.9098254927853939,0.9409590661280742,0.9116949677332504,528
0.9098254927853939,0.9409590661280742,0.9116949677332504,529
0.9098254927853939,0.9409590661280742,0.9116949677332504,530
0.9098254927853939,0.9409590661280742,0.9116949677332504,531
0.9098254927853939,0.9409590661280742,0.9116949677332504,532
0.9098254927853939,0.9409590661280742,0.9116949677332504,533
0.9098254927853939,0.9409590661280742,0.9116949677332504,534
0.9098254927853939,0.9409590661280742,0.9116949677332504,535
0.9098254927853939,0.9409590661280742,0.9116949677332504,536
0.9098254927853939,0.9409590661280742,0.9116949677332504,537
0.9098254927853939,0.9409590661280742,0.9116949677332504,538
0.9098254927853939,0.9409590661280742,0.9116949677332504,539
0.9098254927853939,0.9409590661280742,0.9116949677332504,540
0.9098254927853939,0.9409590661280742,0.9116949677332504,541
0.9098254927853939,0.9409590661280742,0.9116949677332504,542
0.9098254927853939,0.9409590661280742,0.9116949677332504,543
0.9098254927853939,0.9409590661280742,0.9116949677332504,544
0.9098254927853939,0.9409590661280742,0.9116949677332504,545
0.9098254927853939,0.9409590661280742,0.9116949677332504,546
0.9098254927853939,0.9409590661280742,0.9116949677332504,547
0.9098254927853939,0.9409590661280742,0.9116949677332504,548
0.9098254927853939,0.9409590661280742,0.9116949677332504,549
0.9098254927853939,0.9409590661280742,0.9116949677332504,550
0.9098254927853939,0.9409590661280742,0.9116949677332504,551
0.9098254927853939,0.9409590661280742,0.9116949677332504,552
0.9098254927853939,0.9409590661280742,0.9116949677332504,553
0.9098254927853939,0.9409590661280742,0.9116949677332504,554
0.9098254927853939,0.9409590661280742,0.9116949677332504,555
0.9098254927853939,0.9409590661280742,0.9116949677332504,556
0.9098254927853939,0.9409590661280742,0.9116949677332504,557
0.9098254927853939,0.9409590661280742,0.9116949677332504,558
0.9098254927853939,0.9409590661280742,0.9116949677332504,559
0.9098254927853939,0.9409590661280742,0.9116949677332504,560
0.9098254927853939,0.9409590661280742,0.9116949677332504,561
0.9098254927853939,0.9409590661280742,0.9116949677332504,562
0.9098254927853939,0.9409590661280742,0.9116949677332504,563
0.9098254927853939,0.9409590661280742,0.9116949677332504,564
0.9098254927853939,0.9409590661280742,0.9116949677332504,565
0.9098254927853939,0.9409590661280742,0.9116949677332504,566
0.9098254927853939,0.9409590661280742,0.9116949677332504,567
0.9098254927853939,0.9409590661280742,0.9116949677332504,568
0.9098254927853939,0.9409590661280742,0.9116949677332504,569
0.9098254927853939,0.9409590661280742,0.9116949677332504,570
0.9098254927853939,0.9409590661280742,0.9116949677332504,571
0.9098254927853939,0.9409590661280742,0.9116949677332504,572
0.9098254927853939,0.9409590661280742,0.9116949677332504,573
0.9098254927853939,0.9409590661280742,0.9116949677332504,574
0.9098254927853939,0.9409590661280742,0.9116949677332504,575
0.9098254927853939,0.9409590661280742,0.9116949677332504,576
0.9098254927853939,0.9409590661280742,0.9116949677332504,577
0.9098254927853939,0.9409590661280742,0.9116949677332504,578
0.9098254927853939,0.9409590661280742,0.9116949677332504,579
0.9098254927853939,0.9409590661280742,0.9116949677332504,580
0.9098254927853939,0.9409590661280742,0.9116949677332504,581
0.9098254927853939,0.9409590661280742,0.9116949677332504,582
0.9098254927853939,0.9409590661280742,0.9116949677332504,583
0.9098254927853939,0.9409590661280742,0.9116949677332504,584
0.9098254927853939,0.9409590661280742,0.9116949677332504,585
0.9098254927853939,0.9409590661280742,0.9116949677332504,586
0.9098254927853939,0.9409590661280742,0.9116949677332504,587
0.9098254927853939,0.9409590661280742,0.9116949677332504,588
0.9098254927853939,0.9409590661280742,0.9116949677332504,589
0.9098254927853939,0.9409590661280742,0.9116949677332504,590
0.9098254927853939,0.9409590661280742,0.9116949677332504,591
0.9098254927853939,0.9409590661280742,0.9116949677332504,592
0.9098254927853939,0.9409590661280742,0.9116949677332504,593
0.9098254927853939,0.9409590661280742,0.9116949677332504,594
0.9098254927853939,0.9409590661280742,0.9116949677332504,595
0.9098254927853939,0.9409590661280742,0.9116949677332504,596
0.9098254927853939,0.9409590661280742,0.9116949677332504,597
0.9098254927853939,0.9409590661280742,0.9116949677332504,598
0.9098254927853939,0.9409590661280742,0.9116949677332504,599
0.9098254927853939,0.9409590661280742,0.9116949677332504,600
0.9098254927853939,0.9409590661280742,0.9116949677332504,601
0.9098254927853939,0.9409590661280742,0.9116949677332504,602
0.9098254927853939,0.9409590661280742,0.9116949677332504,603
0.9098254927853939,0.9409590661280742,0.9116949677332504,604
0.9098254927853939,0.9409590661280742,0.9116949677332504,605
0.9098254927853939,0.9409590661280742,0.9116949677332504,606
0.9098254927853939,0.9409590661280742,0.9116949677332504,607
0.9098254927853939,0.9409590661280742,0.9116949677332504,608
0.9098254927853939,0.9409590661280742,0.9116949677332504,609
0.9098254927853939,0.9409590661280742,0.9116949677332504,610
0.9098254927853939,0.9409590661280742,0.9116949677332504,611
0.9098254927853939,0.9409590661280742,0.9116949677332504,612
0.9098254927853939,0.9409590661280742,0.9116949677332504,613
0.9098254927853939,0.9409590661280742,0.9116949677332504,614
0.9098254927853939,0.9409590661280742,0.9116949677332504,615
0.9098254927853939,0.9409590661280742,0.9116949677332504,616
0.9098254927853939,0.9409590661280742,0.9116949677332504,617
0.9098254927853939,0.9409590661280742,0.9116949677332504,618
0.9098254927853939,0.9409590661280742,0.9116949677332504,619
0.9098254927853939,0.9409590661280742,0.9116949677332504,620
0.9098254927853939,0.9409590661280742,0.9116949677332504,621
0.9098254927853939,0.9409590661280742,0.9116949677332504,622
0.9098254927853939,0.9409590661280742,0.9116949677332504,623
0.9098254927853939,0.9409590661280742,0.9116949677332504,624
0.9098254927853939,0.9409590661280742,0.9116949677332504,625
0.9098254927853939,0.9409590661280742,0.9116949677332504,626
0.9098254927853939,0.9409590661280742,0.9116949677332504,627
0.9098254927853939,0.9409590661280742,0.9116949677332504,628
0.9098254927853939,0.9409590661280742,0.9116949677332504,629
0.9098254927853939,0.9409590661280742,0.9116949677332504,630
0.9098254927853939,0.9409590661280742,0.9116949677332504,631
0.9098254927853939,0.9409590661280742,0.9116949677332504,632
0.9098254927853939,0.9409590661280742,0.9116949677332504,633
0.9098254927853939,0.9409590661280742,0.9116949677332504,634
0.9098254927853939,0.9409590661280742,0.9116949677332504,635
0.9098254927853939,0.9409590661280742,0.9116949677332504,636
0.9098254927853939,0.9409590661280742,0.9116949677332504,637
0.9098254927853939,0.9409590661280742,0.9116949677332504,638
0.9098254927853939,0.9409590661280742,0.9116949677332504,639
0.9098254927853939,0.9409590661280742,0.9116949677332504,640
0.9098254927853939,0.9409590661280742,0.9116949677332504,641
0.9098254927853939,0.9409590661280742,0.9116949677332504,642
0.9098254927853939,0.9409590661280742,0.9116949677332504,643
0.9098254927853939,0.9409590661280742,0.9116949677332504,644
0.9098254927853939,0.9409590661280742,0.9116949677332504,645
0.9098254927853939,0.9409590661280742,0.9116949677332504,646
0.9098254927853939,0.9409590661280742,0.9116949677332504,647
0.9098254927853939,0.9409590661280742,0.9116949677332504,648
0.9098254927853939,0.9409590661280742,0.9116949677332504,649
0.9098254927853939,0.9409590661280742,0.9116949677332504,650
0.9098254927853939,0.9409590661280742,0.9116949677332504,651
0.9098254927853939,0.9409590661280742,0.9116949677332504,652
0.9098254927853939,0.9409590661280742,0.9116949677332504,653
0.9098254927853939,0.9409590661280742,0.9116949677332504,654
0.9098254927853939,0.9409590661280742,0.9116949677332504,655
0.9098254927853939,0.9409590661280742,0.9116949677332504,656
0.9098254927853939,0.9409590661280742,0.9116949677332504,657
0.9098254927853939,0.9409590661280742,0.9116949677332504,658
0.9098254927853939,0.9409590661280742,0.9116949677332504,659
0.9098254927853939,0.9409590661280742,0.9116949677332504,660
0.9098254927853939,0.9409590661280742,0.9116949677332504,661
0.9098254927853939,0.9409590661280742,0.9116949677332504,662
0.9098254927853939,0.9409590661280742,0.9116949677332504,663
0.9098254927853939,0.9409590661280742,0.9116949677332504,664
0.9098254927853939,0.9409590661280742,0.9116949677332504,665
0.9098254927853939,0.9409590661280742,0.9116949677332504,666
0.9098254927853939,0.9409590661280742,0.9116949677332504,667
0.9098254927853939,0.9409590661280742,0.9116949677332504,668
0.9098254927853939,0.9409590661280742,0.9116949677332504,669
0.9098254927853939,0.9409590661280742,0.9116949677332504,670
0.9098254927853939,0.9409590661280742,0.9116949677332504,671
0.9098254927853939,0.9409590661280742,0.9116949677332504,672
0.9098254927853939,0.9409590661280742,0.9116949677332504,673
0.9098254927853939,0.9409590661280742,0.9116949677332504,674
0.9098254927853939,0.9409590661280742,0.9116949677332504,675
0.9098254927853939,0.9409590661280742,0.9116949677332504,676
0.9098254927853939,0.9409590661280742,0.9116949677332504,677
0.9098254927853939,0.9409590661280742,0.9116949677332504,678
0.9098254927853939,0.9409590661280742,0.9116949677332504,679
0.9098254927853939,0.9409590661280742,0.9116949677332504,680
0.9098254927853939,0.9409590661280742,0.9116949677332504,681
0.9098254927853939,0.9409590661280742,0.9116949677332504,682
0.9098254927853939,0.9409590661280742,0.9116949677332504,683
0.9098254927853939,0.9409590661280742,0.9116949677332504,684
0.9098254927853939,0.9409590661280742,0.9116949677332504,685
0.9098254927853939,0.9409590661280742,0.9116949677332504,686
0.9098254927853939,0.9409590661280742,0.9116949677332504,687
0.9098254927853939,0.9409590661280742,0.9116949677332504,688
0.9098254927853939,0.9409590661280742,0.9116949677332504,689
0.9098254927853939,0.9409590661280742,0.9116949677332504,690
0.9098254927853939,0.9409590661280742,0.9116949677332504,691
0.9098254927853939,0.9409590661280742,0.9116949677332504,692
0.9098254927853939,0.9409590661280742,0.9116949677332504,693
0.9098254927853939,0.9409590661280742,0.9116949677332504,694
0.9098254927853939,0.9409590661280742,0.9116949677332504,695
0.9098254927853939,0.9409590661280742,0.9116949677332504,696
0.9098254927853939,0.9409590661280742,0.9116949677332504,697
0.9098254927853939,0.9409590661280742,0.9116949677332504,698
0.9098254927853939,0.9409590661280742,0.9116949677332504,699
0.9098254927853939,0.9409590661280742,0.9116949677332504,700
0.9098254927853939,0.9409590661280742,0.9116949677332504,701
0.9098254927853939,0.9409590661280742,0.9116949677332504,702
0.9098254927853939,0.9409590661280742,0.9116949677332504,703
0.9098254927853939,0.9409590661280742,0.9116949677332504,704
0.9098254927853939,0.9409590661280742,0.9116949677332504,705
0.9098254927853939,0.9409590661280742,0.9116949677332504,706
0.9098254927853939,0.9409590661280742,0.9116949677332504,707
0.9098254927853939,0.9409590661280742,0.9116949677332504,708
0.9098254927853939,0.9409590661280742,0.9116949677332504,709
0.9098254927853939,0.9409590661280742,0.9116949677332504,710
0.9098254927853939,0.9409590661280742,0.9116949677332504,711
0.9098254927853939,0.9409590661280742,0.9116949677332504,712
0.9098254927853939,0.9409590661280742,0.9116949677332504,713
0.9098254927853939,0.9409590661280742,0.9116949677332504,714
0.9098254927853939,0.9409590661280742,0.9116949677332504,715
0.9098254927853939,0.9409590661280742,0.9116949677332504,716
0.9098254927853939,0.9409590661280742,0.9116949677332504,717
0.9098254927853939,0.9409590661280742,0.9116949677332504,718
0.9098254927853939,0.9409590661280742,0.9116949677332504,719
0.9098254927853939,0.9409590661280742,0.9116949677332504,720
0.9098254927853939,0.9409590661280742,0.9116949677332504,721
0.9098254927853939,0.9409590661280742,0.9116949677332504,722
0.9098254927853939,0.9409590661280742,0.9116949677332504,723
0.9098254927853939,0.9409590661280742,0.9116949677332504,724
0.9098254927853939,0.9409590661280742,0.9116949677332504,725
0.9098254927853939,0.9409590661280742,0.9116949677332504,726
0.9098254927853939,0.9409590661280742,0.9116949677332504,727
0.9098254927853939,0.9409590661280742,0.9116949677332504,728
0.9098254927853939,0.9409590661280742,0.9116949677332504,729
0.9098254927853939,0.9409590661280742,0.9116949677332504,730
0.9098254927853939,0.9409590661280742,0.9116949677332504,731
0.9098254927853939,0.9409590661280742,0.9116949677332504,732
0.9098254927853939,0.9409590661280742,0.9116949677332504,733
0.9098254927853939,0.9409590661280742,0.9116949677332504,734
0.9098254927853939,0.9409590661280742,0.9116949677332504,735
0.9098254927853939,0.9409590661280742,0.9116949677332504,736
0.9098254927853939,0.9409590661280742,0.9116949677332504,737
0.9098254927853939,0.9409590661280742,0.9116949677332504,738
0.9098254927853939,0.9409590661280742,0.9116949677332504,739
0.9098254927853939,0.9409590661280742,0.9116949677332504,740
0.9098254927853939,0.9409590661280742,0.9116949677332504,741
0.9098254927853939,0.9409590661280742,0.9116949677332504,742
0.9098254927853939,0.9409590661280742,0.9116949677332504,743
0.9098254927853939,0.9409590661280742,0.9116949677332504,744
0.9098254927853939,0.9409590661280742,0.9116949677332504,745
0.9098254927853939,0.9409590661280742,0.9116949677332504,746
0.9098254927853939,0.9409590661280742,0.9116949677332504,747
0.9098254927853939,0.9409590661280742,0.9116949677332504,748
0.9098254927853939,0.9409590661280742,0.9116949677332504,749
0.9098254927853939,0.9409590661280742,0.9116949677332504,750
0.9098254927853939,0.9409590661280742,0.9116949677332504,751
0.9098254927853939,0.9409590661280742,0.9116949677332504,752
0.9098254927853939,0.9409590661280742,0.9116949677332504,753
0.9098254927853939,0.9409590661280742,0.9116949677332504,754
0.9098254927853939,0.9409590661280742,0.9116949677332504,755
0.9098254927853939,0.9409590661280742,0.9116949677332504,756
0.9098254927853939,0.9409590661280742,0.9116949677332504,757
0.9098254927853939,0.9409590661280742,0.9116949677332504,758
0.9098254927853939,0.9409590661280742,0.9116949677332504,759
0.9098254927853939,0.9409590661280742,0.9116949677332504,760
0.9098254927853939,0.9409590661280742,0.9116949677332504,761
0.9098254927853939,0.9409590661280742,0.9116949677332504,762
0.9098254927853939,0.9409590661280742,0.9116949677332504,763
0.9098254927853939,0.9409590661280742,0.9116949677332504,764
0.9098254927853939,0.9409590661280742,0.9116949677332504,765
0.9098254927853939,0.9409590661280742,0.9116949677332504,766
0.9098254927853939,0.9409590661280742,0.9116949677332504,767
0.9098254927853939,0.9409590661280742,0.9116949677332504,768
0.9098254927853939,0.9409590661280742,0.9116949677332504,769
0.9098254927853939,0.9409590661280742,0.9116949677332504,770
0.9098254927853939,0.9409590661280742,0.9116949677332504,771
0.9098254927853939,0.9409590661280742,0.9116949677332504,772
0.9098254927853939,0.9409590661280742,0.9116949677332504,773
0.9098254927853939,0.9409590661280742,0.9116949677332504,774
0.9098254927853939,0.9409590661280742,0.9116949677332504,775
0.9098254927853939,0.9409590661280742,0.9116949677332504,776
0.9098254927853939,0.9409590661280742,0.9116949677332504,777
0.9098254927853939,0.9409590661280742,0.9116949677332504,778
0.9098254927853939,0.9409590661280742,0.9116949677332504,779
0.9098254927853939,0.9409590661280742,0.9116949677332504,780
0.9098254927853939,0.9409590661280742,0.9116949677332504,781
0.9098254927853939,0.9409590661280742,0.9116949677332504,782
0.9098254927853939,0.9409590661280742,0.9116949677332504,783
0.9098254927853939,0.9409590661280742,0.9116949677332504,784
0.9098254927853939,0.9409590661280742,0.9116949677332504,785
0.9098254927853939,0.9409590661280742,0.9116949677332504,786
0.9098254927853939,0.9409590661280742,0.9116949677332504,787
0.9098254927853939,0.9409590661280742,0.9116949677332504,788
0.9098254927853939,0.9409590661280742,0.9116949677332504,789
0.9098254927853939,0.9409590661280742,0.9116949677332504,790
0.9098254927853939,0.9409590661280742,0.9116949677332504,791
0.9098254927853939,0.9409590661280742,0.9116949677332504,792
0.9098254927853939,0.9409590661280742,0.9116949677332504,793
0.9098254927853939,0.9409590661280742,0.9116949677332504,794
0.9098254927853939,0.9409590661280742,0.9116949677332504,795
0.9098254927853939,0.9409590661280742,0.9116949677332504,796
0.9098254927853939,0.9409590661280742,0.9116949677332504,797
0.9098254927853939,0.9409590661280742,0.9116949677332504,798
0.9098254927853939,0.9409590661280742,0.9116949677332504,799
0.9098254927853939,0.9409590661280742,0.9116949677332504,800
0.9098254927853939,0.9409590661280742,0.9116949677332504,801
0.9098254927853939,0.9409590661280742,0.9116949677332504,802
0.9098254927853939,0.9409590661280742,0.9116949677332504,803
0.9098254927853939,0.9409590661280742,0.9116949677332504,804
0.9098254927853939,0.9409590661280742,0.9116949677332504,805
0.9098254927853939,0.9409590661280742,0.9116949677332504,806
0.9098254927853939,0.9409590661280742,0.9116949677332504,807
0.9098254927853939,0.9409590661280742,0.9116949677332504,808
0.9098254927853939,0.9409590661280742,0.9116949677332504,809
0.9098254927853939,0.9409590661280742,0.9116949677332504,810
0.9098254927853939,0.9409590661280742,0.9116949677332504,811
0.9098254927853939,0.9409590661280742,0.9116949677332504,812
0.9098254927853939,0.9409590661280742,0.9116949677332504,813
0.9098254927853939,0.9409590661280742,0.9116949677332504,814
0.9098254927853939,0.9409590661280742,0.9116949677332504,815
0.9098254927853939,0.9409590661280742,0.9116949677332504,816
0.9098254927853939,0.9409590661280742,0.9116949677332504,817
0.9098254927853939,0.9409590661280742,0.9116949677332504,818
0.9098254927853939,0.9409590661280742,0.9116949677332504,819
0.9098254927853939,0.9409590661280742,0.9116949677332504,820
0.9098254927853939,0.9409590661280742,0.9116949677332504,821
0.9098254927853939,0.9409590661280742,0.9116949677332504,822
0.9098254927853939,0.9409590661280742,0.9116949677332504,823
0.9098254927853939,0.9409590661280742,0.9116949677332504,824
0.9098254927853939,0.9409590661280742,0.9116949677332504,825
0.9098254927853939,0.9409590661280742,0.9116949677332504,826
0.9098254927853939,0.9409590661280742,0.9116949677332504,827
0.9098254927853939,0.9409590661280742,0.9116949677332504,828
0.9098254927853939,0.9409590661280742,0.9116949677332504,829
0.9098254927853939,0.9409590661280742,0.9116949677332504,830
0.9098254927853939,0.9409590661280742,0.9116949677332504,831
0.9098254927853939,0.9409590661280742,0.9116949677332504,832
0.9098254927853939,0.9409590661280742,0.9116949677332504,833
0.9098254927853939,0.9409590661280742,0.9116949677332504,834
0.9098254927853939,0.9409590661280742,0.9116949677332504,835
0.9098254927853939,0.9409590661280742,0.9116949677332504,836
0.9098254927853939,0.9409590661280742,0.9116949677332504,837
0.9098254927853939,0.9409590661280742,0.9116949677332504,838
0.9098254927853939,0.9409590661280742,0.9116949677332504,839
0.9098254927853939,0.9409590661280742,0.9116949677332504,840
0.9098254927853939,0.9409590661280742,0.9116949677332504,841
0.9098254927853939,0.9409590661280742,0.9116949677332504,842
0.9098254927853939,0.9409590661280742,0.9116949677332504,843
0.9098254927853939,0.9409590661280742,0.9116949677332504,844
0.9098254927853939,0.9409590661280742,0.9116949677332504,845
0.9098254927853939,0.9409590661280742,0.9116949677332504,846
0.9098254927853939,0.9409590661280742,0.9116949677332504,847
0.9098254927853939,0.9409590661280742,0.9116949677332504,848
0.9098254927853939,0.9409590661280742,0.9116949677332504,849
0.9098254927853939,0.9409590661280742,0.9116949677332504,850
0.9098254927853939,0.9409590661280742,0.9116949677332504,851
0.9098254927853939,0.9409590661280742,0.9116949677332504,852
0.9098254927853939,0.9409590661280742,0.9116949677332504,853
0.9098254927853939,0.9409590661280742,0.9116949677332504,854
0.9098254927853939,0.9409590661280742,0.9116949677332504,855
0.9098254927853939,0.9409590661280742,0.9116949677332504,856
0.9098254927853939,0.9409590661280742,0.9116949677332504,857
0.9098254927853939,0.9409590661280742,0.9116949677332504,858
0.9098254927853939,0.9409590661280742,0.9116949677332504,859
0.9098254927853939,0.9409590661280742,0.9116949677332504,860
0.9098254927853939,0.9409590661280742,0.9116949677332504,861
0.9098254927853939,0.9409590661280742,0.9116949677332504,862
0.9098254927853939,0.9409590661280742,0.9116949677332504,863
0.9098254927853939,0.9409590661280742,0.9116949677332504,864
0.9098254927853939,0.9409590661280742,0.9116949677332504,865
0.9098254927853939,0.9409590661280742,0.9116949677332504,866
0.9098254927853939,0.9409590661280742,0.9116949677332504,867
0.9098254927853939,0.9409590661280742,0.9116949677332504,868
0.9098254927853939,0.9409590661280742,0.9116949677332504,869
0.9098254927853939,0.9409590661280742,0.9116949677332504,870
0.9098254927853939,0.9409590661280742,0.9116949677332504,871
0.9098254927853939,0.9409590661280742,0.9116949677332504,872
0.9098254927853939,0.9409590661280742,0.9116949677332504,873
0.9098254927853939,0.9409590661280742,0.9116949677332504,874
0.9098254927853939,0.9409590661280742,0.9116949677332504,875
0.9098254927853939,0.9409590661280742,0.9116949677332504,876
0.9098254927853939,0.9409590661280742,0.9116949677332504,877
0.9098254927853939,0.9409590661280742,0.9116949677332504,878
0.9098254927853939,0.9409590661280742,0.9116949677332504,879
0.9098254927853939,0.9409590661280742,0.9116949677332504,880
0.9098254927853939,0.9409590661280742,0.9116949677332504,881
0.9098254927853939,0.9409590661280742,0.9116949677332504,882
0.9098254927853939,0.9409590661280742,0.9116949677332504,883
0.9098254927853939,0.9409590661280742,0.9116949677332504,884
0.9098254927853939,0.9409590661280742,0.9116949677332504,885
0.9098254927853939,0.9409590661280742,0.9116949677332504,886
0.9098254927853939,0.9409590661280742,0.9116949677332504,887
0.9098254927853939,0.9409590661280742,0.9116949677332504,888
0.9098254927853939,0.9409590661280742,0.9116949677332504,889
0.9098254927853939,0.9409590661280742,0.9116949677332504,890
0.9098254927853939,0.9409590661280742,0.9116949677332504,891
0.9098254927853939,0.9409590661280742,0.9116949677332504,892
0.9098254927853939,0.9409590661280742,0.9116949677332504,893
0.9098254927853939,0.9409590661280742,0.9116949677332504,894
0.9098254927853939,0.9409590661280742,0.9116949677332504,895
0.9098254927853939,0.9409590661280742,0.9116949677332504,896
0.9098254927853939,0.9409590661280742,0.9116949677332504,897
0.9098254927853939,0.9409590661280742,0.9116949677332504,898
0.9098254927853939,0.9409590661280742,0.9116949677332504,899
0.9098254927853939,0.9409590661280742,0.9116949677332504,900
0.9098254927853939,0.9409590661280742,0.9116949677332504,901
0.9098254927853939,0.9409590661280742,0.9116949677332504,902
0.9098254927853939,0.9409590661280742,0.9116949677332504,903
0.9098254927853939,0.9409590661280742,0.9116949677332504,904
0.9098254927853939,0.9409590661280742,0.9116949677332504,905
0.9098254927853939,0.9409590661280742,0.9116949677332504,906
0.9098254927853939,0.9409590661280742,0.9116949677332504,907
0.9098254927853939,0.9409590661280742,0.9116949677332504,908
0.9098254927853939,0.9409590661280742,0.9116949677332504,909
0.9098254927853939,0.9409590661280742,0.9116949677332504,910
0.9098254927853939,0.9409590661280742,0.9116949677332504,911
0.9098254927853939,0.9409590661280742,0.9116949677332504,912
0.9098254927853939,0.9409590661280742,0.9116949677332504,913
0.9098254927853939,0.9409590661280742,0.9116949677332504,914
0.9098254927853939,0.9409590661280742,0.9116949677332504,915
0.9098254927853939,0.9409590661280742,0.9116949677332504,916
0.9098254927853939,0.9409590661280742,0.9116949677332504,917
0.9098254927853939,0.9409590661280742,0.9116949677332504,918
0.9098254927853939,0.9409590661280742,0.9116949677332504,919
0.9098254927853939,0.9409590661280742,0.9116949677332504,920
0.9098254927853939,0.9409590661280742,0.9116949677332504,921
0.9098254927853939,0.9409590661280742,0.9116949677332504,922
0.9098254927853939,0.9409590661280742,0.9116949677332504,923
0.9098254927853939,0.9409590661280742,0.9116949677332504,924
0.9098254927853939,0.9409590661280742,0.9116949677332504,925
0.9098254927853939,0.9409590661280742,0.9116949677332504,926
0.9098254927853939,0.9409590661280742,0.9116949677332504,927
0.9098254927853939,0.9409590661280742,0.9116949677332504,928
0.9098254927853939,0.9409590661280742,0.9116949677332504,929
0.9098254927853939,0.9409590661280742,0.9116949677332504,930
0.9098254927853939,0.9409590661280742,0.9116949677332504,931
0.9098254927853939,0.9409590661280742,0.9116949677332504,932
0.9098254927853939,0.9409590661280742,0.9116949677332504,933
0.9098254927853939,0.9409590661280742,0.9116949677332504,934
0.9098254927853939,0.9409590661280742,0.9116949677332504,935
0.9098254927853939,0.9409590661280742,0.9116949677332504,936
0.9098254927853939,0.9409590661280742,0.9116949677332504,937
0.9098254927853939,0.9409590661280742,0.9116949677332504,938
0.9098254927853939,0.9409590661280742,0.9116949677332504,939
0.9098254927853939,0.9409590661280742,0.9116949677332504,940
0.9098254927853939,0.9409590661280742,0.9116949677332504,941
0.9098254927853939,0.9409590661280742,0.9116949677332504,942
0.9098254927853939,0.9409590661280742,0.9116949677332504,943
0.9098254927853939,0.9409590661280742,0.9116949677332504,944
0.9098254927853939,0.9409590661280742,0.9116949677332504,945
0.9098254927853939,0.9409590661280742,0.9116949677332504,946
0.9098254927853939,0.9409590661280742,0.9116949677332504,947
0.9098254927853939,0.9409590661280742,0.9116949677332504,948
0.9098254927853939,0.9409590661280742,0.9116949677332504,949
0.9098254927853939,0.9409590661280742,0.9116949677332504,950
0.9098254927853939,0.9409590661280742,0.9116949677332504,951
0.9098254927853939,0.9409590661280742,0.9116949677332504,952
0.9098254927853939,0.9409590661280742,0.9116949677332504,953
0.9098254927853939,0.9409590661280742,0.9116949677332504,954
0.9098254927853939,0.9409590661280742,0.9116949677332504,955
0.9098254927853939,0.9409590661280742,0.9116949677332504,956
0.9098254927853939,0.9409590661280742,0.9116949677332504,957
0.9098254927853939,0.9409590661280742,0.9116949677332504,958
0.9098254927853939,0.9409590661280742,0.9116949677332504,959
0.9098254927853939,0.9409590661280742,0.9116949677332504,960
0.9098254927853939,0.9409590661280742,0.9116949677332504,961
0.9098254927853939,0.9409590661280742,0.9116949677332504,962
0.9098254927853939,0.9409590661280742,0.9116949677332504,963
0.9098254927853939,0.9409590661280742,0.9116949677332504,964
0.9098254927853939,0.9409590661280742,0.9116949677332504,965
0.9098254927853939,0.9409590661280742,0.9116949677332504,966
0.9098254927853939,0.9409590661280742,0.9116949677332504,967
0.9098254927853939,0.9409590661280742,0.9116949677332504,968
0.9098254927853939,0.9409590661280742,0.9116949677332504,969
0.9098254927853939,0.9409590661280742,0.9116949677332504,970
0.9098254927853939,0.9409590661280742,0.9116949677332504,971
0.9098254927853939,0.9409590661280742,0.9116949677332504,972
0.9098254927853939,0.9409590661280742,0.9116949677332504,973
0.9098254927853939,0.9409590661280742,0.9116949677332504,974
0.9098254927853939,0.9409590661280742,0.9116949677332504,975
0.9098254927853939,0.9409590661280742,0.9116949677332504,976
0.9098254927853939,0.9409590661280742,0.9116949677332504,977
0.9098254927853939,0.9409590661280742,0.9116949677332504,978
0.9098254927853939,0.9409590661280742,0.9116949677332504,979
0.9098254927853939,0.9409590661280742,0.9116949677332504,980
0.9098254927853939,0.9409590661280742,0.9116949677332504,981
0.9098254927853939,0.9409590661280742,0.9116949677332504,982
0.9098254927853939,0.9409590661280742,0.9116949677332504,983
0.9098254927853939,0.9409590661280742,0.9116949677332504,984
0.9098254927853939,0.9409590661280742,0.9116949677332504,985
0.9098254927853939,0.9409590661280742,0.9116949677332504,986
0.9098254927853939,0.9409590661280742,0.9116949677332504,987
0.9098254927853939,0.9409590661280742,0.9116949677332504,988
0.9098254927853939,0.9409590661280742,0.9116949677332504,989
0.9098254927853939,0.9409590661280742,0.9116949677332504,990
0.9098254927853939,0.9409590661280742,0.9116949677332504,991
0.9098254927853939,0.9409590661280742,0.9116949677332504,992
0.9098254927853939,0.9409590661280742,0.9116949677332504,993
0.9098254927853939,0.9409590661280742,0.9116949677332504,994
0.9098254927853939,0.9409590661280742,0.9116949677332504,995
0.9098254927853939,0.9409590661280742,0.9116949677332504,996
0.9098254927853939,0.9409590661280742,0.9116949677332504,997
0.9098254927853939,0.9409590661280742,0.9116949677332504,998
0.9098254927853939,0.9409590661280742,0.9116949677332504,999
0.9098254927853939,0.9409590661280742,0.9116949677332504,1000
0.9098254927853939,0.9409590661280742,0.9116949677332504,1001
0.9098254927853939,0.9409590661280742,0.9116949677332504,1002
0.9098254927853939,0.9409590661280742,0.9116949677332504,1003
0.9098254927853939,0.9409590661280742,0.9116949677332504,1004
0.9098254927853939,0.9409590661280742,0.9116949677332504,1005
0.9098254927853939,0.9409590661280742,0.9116949677332504,1006
0.9098254927853939,0.9409590661280742,0.9116949677332504,1007
0.9098254927853939,0.9409590661280742,0.9116949677332504,1008
0.9098254927853939,0.9409590661280742,0.9116949677332504,1009
0.9098254927853939,0.9409590661280742,0.9116949677332504,1010
0.9098254927853939,0.9409590661280742,0.9116949677332504,1011
0.9098254927853939,0.9409590661280742,0.9116949677332504,1012
0.9098254927853939,0.9409590661280742,0.9116949677332504,1013
0.9098254927853939,0.9409590661280742,0.9116949677332504,1014
0.9098254927853939,0.9409590661280742,0.9116949677332504,1015
0.9098254927853939,0.9409590661280742,0.9116949677332504,1016
0.9098254927853939,0.9409590661280742,0.9116949677332504,1017
0.9098254927853939,0.9409590661280742,0.9116949677332504,1018
0.9098254927853939,0.9409590661280742,0.9116949677332504,1019
0.9098254927853939,0.9409590661280742,0.9116949677332504,1020
0.9098254927853939,0.9409590661280742,0.9116949677332504,1021
0.9098254927853939,0.9409590661280742,0.9116949677332504,1022
0.9098254927853939,0.9409590661280742,0.9116949677332504,1023
0.9098254927853939,0.9409590661280742,0.9116949677332504,1024
0.9098254927853939,0.9409590661280742,0.9116949677332504,1025
0.9098254927853939,0.9409590661280742,0.9116949677332504,1026
0.9098254927853939,0.9409590661280742,0.9116949677332504,1027
0.9098254927853939,0.9409590661280742,0.9116949677332504,1028
0.9098254927853939,0.9409590661280742,0.9116949677332504,1029
0.9098254927853939,0.9409590661280742,0.9116949677332504,1030
0.9098254927853939,0.9409590661280742,0.9116949677332504,1031
0.9098254927853939,0.9409590661280742,0.9116949677332504,1032
0.9098254927853939,0.9409590661280742,0.9116949677332504,1033
0.9098254927853939,0.9409590661280742,0.9116949677332504,1034
0.9098254927853939,0.9409590661280742,0.9116949677332504,1035
0.9098254927853939,0.9409590661280742,0.9116949677332504,1036
0.9098254927853939,0.9409590661280742,0.9116949677332504,1037
0.9098254927853939,0.9409590661280742,0.9116949677332504,1038
0.9098254927853939,0.9409590661280742,0.9116949677332504,1039
0.9098254927853939,0.9409590661280742,0.9116949677332504,1040
0.9098254927853939,0.9409590661280742,0.9116949677332504,1041
0.9098254927853939,0.9409590661280742,0.9116949677332504,1042
0.9098254927853939,0.9409590661280742,0.9116949677332504,1043
0.9098254927853939,0.9409590661280742,0.9116949677332504,1044
0.9098254927853939,0.9409590661280742,0.9116949677332504,1045
0.9098254927853939,0.9409590661280742,0.9116949677332504,1046
0.9098254927853939,0.9409590661280742,0.9116949677332504,1047
0.9098254927853939,0.9409590661280742,0.9116949677332504,1048
0.9098254927853939,0.9409590661280742,0.9116949677332504,1049
0.9098254927853939,0.9409590661280742,0.9116949677332504,1050
0.9098254927853939,0.9409590661280742,0.9116949677332504,1051
0.9098254927853939,0.9409590661280742,0.9116949677332504,1052
0.9098254927853939,0.9409590661280742,0.9116949677332504,1053
0.9098254927853939,0.9409590661280742,0.9116949677332504,1054
0.9098254927853939,0.9409590661280742,0.9116949677332504,1055
0.9098254927853939,0.9409590661280742,0.9116949677332504,1056
0.9098254927853939,0.9409590661280742,0.9116949677332504,1057
0.9098254927853939,0.9409590661280742,0.9116949677332504,1058
0.9098254927853939,0.9409590661280742,0.9116949677332504,1059
0.9098254927853939,0.9409590661280742,0.9116949677332504,1060
0.9098254927853939,0.9409590661280742,0.9116949677332504,1061
0.9098254927853939,0.9409590661280742,0.9116949677332504,1062
0.9098254927853939,0.9409590661280742,0.9116949677332504,1063
0.9098254927853939,0.9409590661280742,0.9116949677332504,1064
0.9098254927853939,0.9409590661280742,0.9116949677332504,1065
0.9098254927853939,0.9409590661280742,0.9116949677332504,1066
0.9098254927853939,0.9409590661280742,0.9116949677332504,1067
0.9098254927853939,0.9409590661280742,0.9116949677332504,1068
0.9098254927853939,0.9409590661280742,0.9116949677332504,1069
0.9098254927853939,0.9409590661280742,0.9116949677332504,1070
0.9098254927853939,0.9409590661280742,0.9116949677332504,1071
0.9098254927853939,0.9409590661280742,0.9116949677332504,1072
0.9098254927853939,0.9409590661280742,0.9116949677332504,1073
0.9098254927853939,0.9409590661280742,0.9116949677332504,1074
0.9098254927853939,0.9409590661280742,0.9116949677332504,1075
0.9098254927853939,0.9409590661280742,0.9116949677332504,1076
0.9098254927853939,0.9409590661280742,0.9116949677332504,1077
0.9098254927853939,0.9409590661280742,0.9116949677332504,1078
0.9098254927853939,0.9409590661280742,0.9116949677332504,1079
0.9098254927853939,0.9409590661280742,0.9116949677332504,1080
0.9098254927853939,0.9409590661280742,0.9116949677332504,1081
0.9098254927853939,0.9409590661280742,0.9116949677332504,1082
0.9098254927853939,0.9409590661280742,0.9116949677332504,1083
0.9098254927853939,0.9409590661280742,0.9116949677332504,1084
0.9098254927853939,0.9409590661280742,0.9116949677332504,1085
0.9098254927853939,0.9409590661280742,0.9116949677332504,1086
0.9098254927853939,0.9409590661280742,0.9116949677332504,1087
0.9098254927853939,0.9409590661280742,0.9116949677332504,1088
0.9098254927853939,0.9409590661280742,0.9116949677332504,1089
0.9098254927853939,0.9409590661280742,0.9116949677332504,1090
0.9098254927853939,0.9409590661280742,0.9116949677332504,1091
0.9098254927853939,0.9409590661280742,0.9116949677332504,1092
0.9098254927853939,0.9409590661280742,0.9116949677332504,1093
0.9098254927853939,0.9409590661280742,0.9116949677332504,1094
0.9098254927853939,0.9409590661280742,0.9116949677332504,1095
0.9098254927853939,0.9409590661280742,0.9116949677332504,1096
0.9098254927853939,0.9409590661280742,0.9116949677332504,1097
0.9098254927853939,0.9409590661280742,0.9116949677332504,1098
0.9098254927853939,0.9409590661280742,0.9116949677332504,1099
0.9098254927853939,0.9409590661280742,0.9116949677332504,1100
0.9098254927853939,0.9409590661280742,0.9116949677332504,1101
0.9098254927853939,0.9409590661280742,0.9116949677332504,1102
0.9098254927853939,0.9409590661280742,0.9116949677332504,1103
0.9098254927853939,0.9409590661280742,0.9116949677332504,1104
0.9098254927853939,0.9409590661280742,0.9116949677332504,1105
0.9098254927853939,0.9409590661280742,0.9116949677332504,1106
0.9098254927853939,0.9409590661280742,0.9116949677332504,1107
0.9098254927853939,0.9409590661280742,0.9116949677332504,1108
0.9098254927853939,0.9409590661280742,0.9116949677332504,1109
0.9098254927853939,0.9409590661280742,0.9116949677332504,1110
0.9098254927853939,0.9409590661280742,0.9116949677332504,1111
0.9098254927853939,0.9409590661280742,0.9116949677332504,1112
0.9098254927853939,0.9409590661280742,0.9116949677332504,1113
0.9098254927853939,0.9409590661280742,0.9116949677332504,1114
0.9098254927853939,0.9409590661280742,0.9116949677332504,1115
0.9098254927853939,0.9409590661280742,0.9116949677332504,1116
0.9098254927853939,0.9409590661280742,0.9116949677332504,1117
0.9098254927853939,0.9409590661280742,0.9116949677332504,1118
0.9098254927853939,0.9409590661280742,0.9116949677332504,1119
0.9098254927853939,0.9409590661280742,0.9116949677332504,1120
0.9098254927853939,0.9409590661280742,0.9116949677332504,1121
0.9098254927853939,0.9409590661280742,0.9116949677332504,1122
0.9098254927853939,0.9409590661280742,0.9116949677332504,1123
0.9098254927853939,0.9409590661280742,0.9116949677332504,1124
0.9098254927853939,0.9409590661280742,0.9116949677332504,1125
0.9098254927853939,0.9409590661280742,0.9116949677332504,1126
0.9098254927853939,0.9409590661280742,0.9116949677332504,1127
0.9098254927853939,0.9409590661280742,0.9116949677332504,1128
0.9098254927853939,0.9409590661280742,0.9116949677332504,1129
0.9098254927853939,0.9409590661280742,0.9116949677332504,1130
0.9098254927853939,0.9409590661280742,0.9116949677332504,1131
0.9098254927853939,0.9409590661280742,0.9116949677332504,1132
0.9098254927853939,0.9409590661280742,0.9116949677332504,1133
0.9098254927853939,0.9409590661280742,0.9116949677332504,1134
0.9098254927853939,0.9409590661280742,0.9116949677332504,1135
0.9098254927853939,0.9409590661280742,0.9116949677332504,1136
0.9098254927853939,0.9409590661280742,0.9116949677332504,1137
0.9098254927853939,0.9409590661280742,0.9116949677332504,1138
0.9098254927853939,0.9409590661280742,0.9116949677332504,1139
0.9098254927853939,0.9409590661280742,0.9116949677332504,1140
0.9098254927853939,0.9409590661280742,0.9116949677332504,1141
0.9098254927853939,0.9409590661280742,0.9116949677332504,1142
0.9098254927853939,0.9409590661280742,0.9116949677332504,1143
0.9098254927853939,0.9409590661280742,0.9116949677332504,1144
0.9098254927853939,0.9409590661280742,0.9116949677332504,1145
0.9098254927853939,0.9409590661280742,0.9116949677332504,1146
0.9098254927853939,0.9409590661280742,0.9116949677332504,1147
0.9098254927853939,0.9409590661280742,0.9116949677332504,1148
0.9098254927853939,0.9409590661280742,0.9116949677332504,1149
0.9098254927853939,0.9409590661280742,0.9116949677332504,1150
0.9098254927853939,0.9409590661280742,0.9116949677332504,1151
0.9098254927853939,0.9409590661280742,0.9116949677332504,1152
0.9098254927853939,0.9409590661280742,0.9116949677332504,1153
0.9098254927853939,0.9409590661280742,0.9116949677332504,1154
0.9098254927853939,0.9409590661280742,0.9116949677332504,1155
0.9098254927853939,0.9409590661280742,0.9116949677332504,1156
0.9098254927853939,0.9409590661280742,0.9116949677332504,1157
0.9098254927853939,0.9409590661280742,0.9116949677332504,1158
0.9098254927853939,0.9409590661280742,0.9116949677332504,1159
0.9098254927853939,0.9409590661280742,0.9116949677332504,1160
0.9098254927853939,0.9409590661280742,0.9116949677332504,1161
0.9098254927853939,0.9409590661280742,0.9116949677332504,1162
0.9098254927853939,0.9409590661280742,0.9116949677332504,1163
0.9098254927853939,0.9409590661280742,0.9116949677332504,1164
0.9098254927853939,0.9409590661280742,0.9116949677332504,1165
0.9098254927853939,0.9409590661280742,0.9116949677332504,1166
0.9098254927853939,0.9409590661280742,0.9116949677332504,1167
0.9098254927853939,0.9409590661280742,0.9116949677332504,1168
0.9098254927853939,0.9409590661280742,0.9116949677332504,1169
0.9098254927853939,0.9409590661280742,0.9116949677332504,1170
0.9098254927853939,0.9409590661280742,0.9116949677332504,1171
0.9098254927853939,0.9409590661280742,0.9116949677332504,1172
0.9098254927853939,0.9409590661280742,0.9116949677332504,1173
0.9098254927853939,0.9409590661280742,0.9116949677332504,1174
0.9098254927853939,0.9409590661280742,0.9116949677332504,1175
0.9098254927853939,0.9409590661280742,0.9116949677332504,1176
0.9098254927853939,0.9409590661280742,0.9116949677332504,1177
0.9098254927853939,0.9409590661280742,0.9116949677332504,1178
0.9098254927853939,0.9409590661280742,0.9116949677332504,1179
0.9098254927853939,0.9409590661280742,0.9116949677332504,1180
0.9098254927853939,0.9409590661280742,0.9116949677332504,1181
0.9098254927853939,0.9409590661280742,0.9116949677332504,1182
0.9098254927853939,0.9409590661280742,0.9116949677332504,1183
0.9098254927853939,0.9409590661280742,0.9116949677332504,1184
0.9098254927853939,0.9409590661280742,0.9116949677332504,1185
0.9098254927853939,0.9409590661280742,0.9116949677332504,1186
0.9098254927853939,0.9409590661280742,0.9116949677332504,1187
0.9098254927853939,0.9409590661280742,0.9116949677332504,1188
0.9098254927853939,0.9409590661280742,0.9116949677332504,1189
0.9098254927853939,0.9409590661280742,0.9116949677332504,1190
0.9098254927853939,0.9409590661280742,0.9116949677332504,1191
0.9098254927853939,0.9409590661280742,0.9116949677332504,1192
0.9098254927853939,0.9409590661280742,0.9116949677332504,1193
0.9098254927853939,0.9409590661280742,0.9116949677332504,1194
0.9098254927853939,0.9409590661280742,0.9116949677332504,1195
0.9098254927853939,0.9409590661280742,0.9116949677332504,1196
0.9098254927853939,0.9409590661280742,0.9116949677332504,1197
0.9098254927853939,0.9409590661280742,0.9116949677332504,1198
0.9098254927853939,0.9409590661280742,0.9116949677332504,1199
0.9098254927853939,0.9409590661280742,0.9116949677332504,1200
