ID,Y_t1,Y_t2,Y_t3
1,-0.8112932975046072,-1.0844116906831611,-1.0935354423185717
2,0.8316838892916534,4.1059150378560965,3.7726316579679366
3,0.6411869980637535,0.6350455769468679,3.00699487767392
4,1.3101196508458,2.0456872645169524,-0.20073797900136636
5,0.3227778606581831,1.4319968595288095,1.3576512704167607
6,0.4926677505051098,-1.153221026182348,-2.256887926955828
7,-1.904039328891524,-1.0949000118167562,-0.073699372975639
8,1.6079685230717815,1.7713363391912331,4.431629373549621
9,0.7700938824672419,0.3694399429622672,-0.2087936869417497
10,0.2022205992074521,-2.0960815951502485,-2.9662338434748623
11,-0.1533314528892163,-2.052981738733732,-0.7618520282504968
12,-2.084058810136252,1.4727480179875707,2.965568493196137
13,2.19711816794415,0.3399788707318585,-1.3155475218317132
14,-0.2845361943835141,-0.5595432550611987,-1.9978710481675486
15,-0.8320826980567029,1.5497272614670483,3.2924842513350607
16,-0.0043900197074459,-1.3119160720617022,2.784969668357259
17,2.7306801303114447,-2.540964065422568,1.2418876332992452
18,3.612593170914392,2.0530380623597724,-2.7172894422225062
19,2.458059316611475,2.8440998950695917,2.609212887069501
20,0.0072717350419675,1.2858400088762736,-3.767821059028854
21,3.636838661564006,0.4291346728188088,-1.7178888894557582
22,2.3615975497078967,-0.28074211214586686,-1.513028997736067
23,0.0452931961779635,-0.1025392517661332,0.8186307108843427
24,2.24100039011856,0.32940288815751895,0.8253301883271068
25,-2.5986638617868665,-0.2752663919455052,0.2240369795814609
26,0.2493323136565201,-0.4330684619510393,-2.5387057063017027
27,1.4014182538607178,0.7407154092019557,0.9724378711685391
28,-1.6229696023403126,2.1631267921874926,-1.1028337087126907
29,0.6627082185146873,4.721440688549853,-5.576421491429814
30,-1.8225704308276545,-2.3014746575708536,-2.6947013352106457
31,-0.2823911038595582,-0.1377002103868114,-0.7645079360145932
32,-4.431364490226771,-4.838215244392945,-2.532204721589007
33,-0.3471712360416876,-2.0717047102663964,-2.3447951315335875
34,-1.3904824678599002,-0.7432047387864313,0.006293959386201
35,3.481096516777292,-0.6688571511349477,2.441901856895578
36,-1.0584119914372303,6.469580015501742,4.891581636691455
37,0.7707952663317348,-0.6180191095499054,-2.0203490543034857
38,1.0844484362217162,1.221324276795691,-3.9151300951099985
39,-0.9892519843200738,-0.7072759905392991,0.2677278628645111
40,1.0836167702175084,-0.4388968060100725,0.1012815798507333
41,-0.7177573615906838,1.291121433954406,4.873628917248547
42,-1.0609088413424568,-0.4283237468569525,0.2478768894534839
43,-1.7658584477175854,0.4806557909701546,2.181039483676438
44,-0.4220171497936871,0.9652154540167976,-0.03209722543934246
45,-1.3947366905573917,-0.2431199850652126,1.794457197709099
46,0.9543723351357674,0.7386019129739964,3.8438585556199305
47,4.4956129669949885,1.190223150243228,3.4668145625542697
48,-0.5411504978116799,1.500491180488244,-2.127227923406062
49,1.5077546967622188,4.717760899190385,1.413660129619593
50,1.7631055648928489,4.142279448974797,0.380605028716319
51,1.9590938079760345,0.7303578148411503,1.5736829813170103
52,1.9717955061890096,1.126940493105797,2.599290538019844
53,2.356681359210997,-2.6739431932804187,0.3071310008417834
54,-2.5753456497268843,-1.9740938222151272,0.4437421460839859
55,0.991310423426808,-0.5477401347374625,-1.295814819733137
56,0.9901279230551316,-0.633360483028389,8.697597104839758
57,1.8485118891290124,1.0251346370289105,4.487982106141327
58,2.109928277609752,3.3162634912455022,2.3627611172590592
59,3.479078808476114,1.5281792621913732,3.438976707910105
60,1.398164431820361,-0.6071557183566028,0.1539499610572827
61,-0.9659803963868634,0.3259775009484954,-0.3857649711687935
62,0.4649479155738966,-0.3972813133946088,-1.2849107547397915
63,1.4078309058717473,0.9628811915776114,-2.585913320024132
64,-2.1658503516204584,-2.364252781894731,3.6102732462639784
65,-0.0172954616075946,1.8252288499919715,2.619612677020337
66,0.0936616174101891,2.2986411389950256,-2.8186412962954415
67,2.5802893879962383,3.4827545421955555,-0.7375557572029727
68,0.5038767637264729,-3.7965613121225013,0.7948629779592847
69,0.32302524609751,-1.4265262579342757,-0.9828350903284736
70,2.961639234689092,2.116839052087508,0.842734557059156
71,1.5060380142333838,0.9028836445487278,2.410466351840446
72,-2.083931371298795,2.6338344178608417,2.6202260680878684
73,0.6322986382274001,2.478798771531509,-0.48563713799255565
74,-0.8433277475513019,0.2548114826167933,0.8326033725424551
75,-2.034936166789294,-1.098223035847967,0.1993279965177962
76,1.9553425770280557,1.4440046256826873,2.67321882364356
77,-0.3987687572156813,2.7168757966170336,3.9393318403176467
78,-1.639288360603081,0.2581686993657293,0.0816830888752223
79,0.474130827243178,-0.8187365954726988,0.7711272633724188
80,-2.1831191291156857,-2.4268064940860623,-3.0593554422061886
81,5.818379839698599,3.0030669154625524,-2.208790560702825
82,-0.4775661620982933,0.9047786610134724,1.7544313288638451
83,2.659541803138558,1.3807312528315323,3.194570090282225
84,0.7534675113798641,-1.8844409281132053,-4.945580305818107
85,1.055124385768944,-1.121619116789756,-2.3244878427847624
86,-4.809212760096891,1.141763652067605,-4.188807647982145
87,0.358443260461936,0.4062200272068832,-2.138669221528422
88,-0.3399513218070393,-1.328407620845904,0.3291217699955767
89,1.9191075613891215,2.724635803273987,-2.400535860503076
90,0.3007428245631126,-0.4826469841102586,1.7118124414844058
91,0.7952404961637433,3.787921483491463,4.255411515906818
92,-1.179800051052037,-0.245773992092129,-0.4206181600847149
93,-0.8593633542975432,-0.1207051681580924,-0.2327378117935192
94,0.4644889803115724,-0.7651873625402192,1.2665445474433055
95,2.658704656701006,1.0975549519491632,-1.9450210840451108
96,0.2106526719924191,1.8026284101861572,-8.53786113267776
97,0.2228481339792841,0.5335697946623817,-0.6125882056733276
98,-1.0600717948534832,0.9048862688638776,2.4771072580335542
99,-1.0674819742280752,2.8906365981685744,1.6199481602918064
100,2.4446561729549803,0.5199198605878266,-1.4714806448496895
101,1.3606158766785257,1.3126557317502112,-1.006383981831326
102,-0.5326344437368358,0.6909797532837004,-3.4189869773312704
103,2.589995111857073,2.732675012271387,-2.9885791815346323
104,2.9261136684047417,1.8179335115849382,10.504683693725704
105,-0.8828640672196446,-2.6550766774029215,-1.2129349258121356
106,-0.1008216706666619,-2.066487458793845,-0.7417811360711524
107,-0.1846733913824197,0.7061544200408947,0.3317347920252039
108,0.1896515764403745,-1.1669340602952916,-2.5884346120958717
109,2.8230191374347835,-7.921360429310278,1.0602658273468153
110,-2.757040853121674,-2.356599543509573,-1.2673575017357273
111,0.2788651640375389,-0.5850963934113026,-0.2024405589196092
112,2.014607511451524,3.4954589207971267,-5.163457220520344
113,0.2338265571866143,-1.4191287508344161,3.3073124666635896
114,1.2204622892761383,0.16778679471872826,2.5413398662947295
115,0.3388703901669332,2.270561042553373,0.3416786480074623
116,1.4961842453402832,2.368588681129191,1.9344765482055588
117,-1.0323855250155305,-0.7811181383973478,1.071354286256289
118,-1.5336507040768728,1.5363419623094394,-3.7714348129817123
119,2.576891150543332,0.4707322348097782,0.6565374580439514
120,-0.7459741093520452,-1.1206536632443327,-3.264462452378463
121,-1.1128211175474052,1.1379080886493569,6.054023388553992
122,-0.1411908180627645,0.2361057783818033,-0.4227439422480128
123,1.9858104378474373,2.1556488493625627,1.6073285034413323
124,-0.5036464226437871,1.4237501972667428,1.516432575698173
125,1.9389970399397176,0.9229197827400109,5.53097652761519
126,2.386430613058486,-0.8616326028300528,2.561661214566455
127,0.9736488774522748,3.707857384919196,-2.194476169262072
128,4.158094671070671,2.516500323676111,1.4105891455441886
129,1.011641553788578,2.8328847770859285,1.1900905182107362
130,0.7766647609414679,0.4697426251513821,2.312763310773746
131,0.9808061267513676,0.5413003921490267,2.4915119334251066
132,0.0139761720394036,0.3189609296140784,0.0073313939983024
133,1.4727666842567104,2.278641921018203,-1.2145244096897811
134,-0.0027698639640607,-0.1186517537063807,0.7910768789790108
135,1.2457166830557087,-1.4966481509454532,2.0125695556969685
136,0.9381635735404116,0.9039155220883225,-3.260352431931922
137,-0.0804696997822138,0.5429894526224505,-4.409332855326167
138,2.9566536011881985,0.35900231341512195,-3.552386330185904
139,2.9664376768683467,0.09914895760079423,-1.5515979864215828
140,0.5172286521862584,0.5042416648397782,3.36361523377354
141,-0.2593143690861398,4.468984997693788,-1.3861824470865978
142,0.16868327349094,2.3622722094835744,-1.0649037380246218
143,1.8048631005889384,4.3243228107312754,-0.10975437606133742
144,-0.7327516134239542,1.598351936655061,0.2254440111836104
145,0.2174792034019247,1.2238199715677607,1.4181495941878142
146,-0.3025435096753683,-1.1335017165710572,-1.0573565944568246
147,-0.4416422319827235,1.9632488263555097,-1.3819120078287366
148,1.128886551084615,1.5369609042429129,2.680814267364529
149,0.4517555154961299,-0.4231331064436732,-0.20751226290777997
150,1.4878163467217718,-0.29726428642134284,-2.3893558456487343
151,0.4890693193451685,1.3236499896555833,2.412101494732747
152,1.3551774660310114,1.8645574324329048,-1.6972819729768365
153,1.2392546465952456,-1.1703227860807006,-2.299545231607019
154,-1.0745900959652852,-2.4862592929222527,2.2420934819847798
155,0.0792594738284554,-0.1839067260969563,0.1127950761375117
156,1.3156253564081233,-1.5830150893830588,-1.1473643715087567
157,0.7372324550973437,-1.5663684290108124,0.7482693524021677
158,-1.1813539022459332,-1.759823019493365,-1.4019046572647564
159,1.1130799142980914,1.8966191922653648,-0.9282905869543387
160,1.5705920753522202,-2.8361697013550424,-0.9448769607017001
161,2.329612382889038,-4.070293723738056,-1.7144415151317658
162,2.227646337056709,-3.1952166123979633,2.474191253001387
163,-0.2613456082235061,2.2896996557566958,-1.5668592073939869
164,3.340621263363948,0.4698714022226922,-1.3079289117521387
165,3.22726453259082,0.7813615817242602,-1.494192076182416
166,-1.043008020008747,-0.6436763231898873,-0.1515629073279503
167,2.4123516649418506,-8.330518640147274,-1.103113951958891
168,-2.203643271277865,-2.1395448668192474,-1.6031217590257405
169,0.4811332912479451,-2.2893728401037805,0.1145628270042811
170,2.687397379923397,0.976664394066214,-3.0320506736470465
171,-0.4718912163886614,0.8403669826818856,1.1245441410587576
172,-1.8784963946136932,1.746973711157627,-2.787182238791804
173,-0.3403570542954541,-4.187777732955128,-7.87524442594136
174,1.0570260993491374,0.8268266779020533,-0.0426880963950351
175,1.3392123041685753,0.9767570586506032,-0.1839221429826549
176,4.711214163032214,-0.5878370042954231,1.8449361185096096
177,-0.6555852941034925,1.6513157114969312,-6.1471338957281745
178,1.382087215469674,0.5911719548017431,-1.6718710167903525
179,-0.4043218265361576,-1.2419035414139281,0.44205557372257387
180,0.4187809583826384,1.5687588777775765,-0.5293122357623733
181,-1.264787808674055,-0.2344457868776324,1.469246407485456
182,1.3631927397788874,-1.6622197718782994,-0.6592389859193387
183,0.0612422263274414,2.434250016919038,0.6906112058990287
184,-1.355442068661488,-0.8972869879299149,-0.9106249792689975
185,-0.186939624554547,4.076269633486122,1.9525950471017264
186,-4.075105951773804,-2.4224470869174826,-4.419185806524288
187,0.9985543020199834,1.3466261446086891,2.955446300419461
188,0.5684300681663603,-3.0784482924706684,0.1232569212092791
189,0.9011892174069877,7.08281204787514,1.717725053579366
190,0.9542861891086312,-0.5917314415237369,-0.02767000740006098
191,0.9565149201526932,0.8053764867459765,0.8686895156846607
192,-0.3950437952258316,1.5197373287023377,4.198562598970324
193,1.1678531656928592,1.9353013019602217,3.220841984937088
194,-1.8048049021546937,-0.4682113672370752,0.0355019384983609
195,1.59500084225058,-0.25636554318750904,-3.1615254882310104
196,-2.706837082897275,-0.6229598807328404,1.7915738351306683
197,-1.557222694386023,1.3134585229305404,0.46883467041099824
198,1.10377019999446,-1.7305681200069074,-0.03811510396560602
199,1.244210749581985,4.817029703973387,-1.4015060479926786
200,-0.0280798524484404,-0.9753426973934156,1.1883972174454693
201,2.4695061393938507,-1.3000126549185667,-1.8509220977548564
202,-0.4159388967492891,-0.092334396640844,0.21397033601135784
203,3.936313667786607,-0.7360975009789478,2.3193052893655484
204,-0.2253270918649303,0.8759832808372485,3.0752894768390315
205,0.7281920812001291,-0.327668330385365,-0.19170946398006028
206,-0.3374996559626075,0.2546969452142123,0.6753839905749257
207,-0.0240152254801083,1.834499764178432,-1.6395323518834386
208,-1.187202609434562,0.4200636145735972,-2.348198141531184
209,-0.1842904378110339,5.859637249764116,1.663635719416088
210,1.0876194997481547,-0.5021527856299884,0.2874057939331466
211,1.8309719880226585,0.8524254688988068,2.4089081715117504
212,1.226583376530807,3.7089178910752025,3.575034904758907
213,-0.6919245886796915,0.29710153443883225,7.132613309149021
214,-0.1314267884101686,-3.352246682353613,-0.09974312962327869
215,1.6019865374546258,5.032574386714913,-4.825781871291246
216,1.434633183498773,2.4610489698793883,0.4471417467007253
217,1.1275330888446775,4.341053374143531,0.22360080199512844
218,-0.5841262894657151,-1.8369436549794669,-0.744075758153933
219,-1.0979822763791938,-0.0530180603849175,1.6810581013760535
220,0.913530917647244,3.2119546059400577,-1.4452117096748676
221,-2.3873618475114826,-0.4525208331822696,-0.7357412441595305
222,-0.3598260707882608,-0.4988667369317579,0.2861001187249794
223,0.4952554834402111,0.9997308693728734,-2.399592610916292
224,-1.0960894282054714,-2.0381174429379763,-2.8872507966026086
225,2.112259040144674,-1.072694863880895,2.6936550984894905
226,-2.3944340975854264,-1.0557423384378977,-0.0208617572274674
227,-0.2055169684496589,2.462825271349145,-1.4236126563131883
228,0.2404245527659942,-2.128004284670191,1.9890395772600686
229,0.8055617000448114,-4.089707060656787,0.9028627175582067
230,0.8492405240492795,2.565775757290683,0.8247661007513226
231,-0.2493249194860741,-0.7741672937216812,-1.5081100685107705
232,3.104096851124719,-1.1815108344918102,-1.0192692887298316
233,0.6181150479406783,3.0527128442928806,2.4727399673493338
234,-1.158212970372062,0.5300420155248082,1.911263711419271
235,1.874996369342872,2.7432923901417214,3.558063518183666
236,0.0717387041959085,3.067384600950584,2.211003462988736
237,0.4643501989145357,4.818292303610702,2.0218431491211506
238,3.399910894966768,0.39287334438930654,2.0647935178207937
239,0.4950662996406795,-0.9071500147853852,-0.21689802505469813
240,1.5910873741018383,-4.3324646244279785,-0.010999276295712734
241,0.5008859504984935,-2.455776718692944,-0.7189470597190382
242,-0.4504332811797789,-0.2771259360053768,1.0861381792657696
243,1.7275314425061867,0.3421893382309997,-1.6542560351936246
244,1.2842867704220668,1.1603736136211549,-1.6796509875401426
245,0.8443892097282384,-1.6485580197920404,2.439860932949663
246,2.0705108901985136,0.9563377578593232,1.382369168160264
247,2.7426934704267527,2.306804936019824,0.1436102807836206
248,-3.647326514553008,-1.122457420372076,-1.204926978652949
249,-0.5546598238048295,-2.587298897563069,-2.3677085506648994
250,2.366390855806777,6.794326029963043,3.7000249143640227
251,0.7459561953354636,4.82130285071621,2.106953107464953
252,2.441114257114922,-0.3487888938805286,-0.8215280830481135
253,-0.6001421424979588,0.8046358463636718,-0.6621097605217923
254,-0.6150317702522098,-2.620889171642461,-2.4823461019739037
255,-0.2893063346055549,2.2998603361231207,-1.0517575552856124
256,-1.3632675587812353,-0.920041971683754,0.0830385143653635
257,1.035737085314007,-4.387838328882789,-4.073832542433022
258,1.9341495139758569,-0.6124722212225133,0.00928739234822975
259,-0.225760584640929,-0.429272980689253,-0.9799820332243985
260,2.893942434025568,-0.31635027361868695,5.138350431510582
261,1.611658223824468,-1.437465410805281,1.3917196767252618
262,1.3500793424280644,5.009277365632424,4.202845944080554
263,-1.2004648109166942,3.5842933802746235,3.774632626389111
264,-1.4840614538667207,-0.9388150150701228,-0.6258329067527112
265,2.0572126469781318,-2.088548010644475,-0.6528073606239834
266,0.6811357880972202,0.5400455092393903,-6.896906927832722
267,-1.1746078474676651,1.6865999001009715,0.0154658493284502
268,0.8918087037931767,2.149326824189657,2.5855849718233905
269,0.7451385249456229,1.2114578470402004,-0.659821307948024
270,3.6886730423500698,2.7307955592321567,1.9873740606210075
271,-1.2098254039877905,1.474361747423931,-0.6634119946814446
272,-0.5324233433710923,0.054902931123523,1.129666247941106
273,1.4353970300805066,-0.7117182335071073,0.846327953714935
274,-0.297000203804025,-0.1450342214765517,0.039791951046523
275,-0.8531953208861105,-2.4434118060091645,-2.3289936930631483
276,1.5421327871384702,1.1603575529397445,-2.0426044502202676
277,0.8378818317993952,5.617219291588734,-2.768034596180142
278,-1.8204250586613424,-1.4175796935433262,-2.337749770404794
279,-1.252291233905468,1.3050534843546795,2.022143512274708
280,-1.0805315362469197,1.8333562197853648,3.766199946106284
281,-2.842997353478704,-1.1839419922523369,-0.8777475214936904
282,-1.0798316664753251,0.5111943481347,-0.0871500123071649
283,-0.6233735145776949,-0.6507296230169015,0.5850096944224936
284,-1.4494239161930973,-0.6266774430151235,2.07270880130102
285,-1.3792904546950555,0.459076392868496,-2.1588105224123195
286,-2.633352487126955,-2.59450439233622,4.90163428286948
287,1.2007490970619632,1.135746695936661,-0.5315014017993933
288,1.7040459504765166,1.7612946890815897,-2.550147751942557
289,0.1830152914654683,2.0794468476926946,-0.027527562176378417
290,1.38127114972494,-7.254076021354307,-1.255092512439409
291,-1.060495961255305,-1.049721313686078,3.1969988220967016
292,1.3759802077088834,-2.1283900506192985,-0.6241758284078478
293,3.2457578027509038,3.498092207427546,4.482228918578698
294,-1.3285352563755473,-0.4284196652660992,0.614976808435985
295,-0.3392576434250416,-1.8086622938517047,6.991896635768644
296,2.1229714970744284,-0.33480674126932053,2.27261553869587
297,2.9802967225832298,9.808089667754249,-5.812806354253184
298,-0.9539196993185156,1.2570837746608283,1.7442116998758745
299,-0.0242199989985146,-0.0070920406730081,0.10598064252942277
300,-1.5455940949701832,2.441697017333204,7.250157346556426
301,-0.3715671420583704,1.919154955764924,4.278020281714596
302,-1.6460285454865826,0.8083435672048755,1.7309824416115984
303,-1.032342962737832,-1.3235732275165726,0.156207112551436
304,0.7527155391307063,0.2363962682036207,-1.3045331769732038
305,2.6392029404768254,1.3808559919470156,6.113723260741651
306,1.1868559726693595,3.3332803390999763,-0.9096153883020934
307,-2.233384775649374,-0.3074362358005342,-0.4912848054456489
308,3.2571451557004547,-3.0363502134390536,-1.7561165539085117
309,0.4608305648067886,0.0086834278774866,2.093138474139835
310,-1.1516903980092987,-0.2927718598402022,-1.4721527519503457
311,0.8432223666940533,-4.360125802849966,2.6656874864872218
312,2.481884223210568,0.2129148562135623,0.8324261890795918
313,-0.3983139242231202,-0.43480499587882526,-2.9843915232795943
314,0.1172211485960599,-0.6106645299553457,-0.7556742329296209
315,1.130129884388033,3.813993297507733,2.4737525488582923
316,0.935464813574978,-2.3160127833241964,2.176705425318314
317,0.4624958858923216,2.4691790126859456,5.502506722693862
318,-0.7397045406313901,2.489555959886195,-0.5397595851811301
319,-0.2615953988806632,2.49457157049919,8.633792159599999
320,-1.7571331939453572,1.945248860484771,-2.674731087459584
321,1.0180535262357713,0.7919168025224073,4.307152858382857
322,0.4663957358155508,1.7243865766340274,1.2456006521456089
323,-0.8655636382709387,2.03742520969124,3.052659213571756
324,2.103749892897095,-1.826478800505164,-3.5914915219974364
325,-1.2677515453118882,-0.7988556808218468,0.9846153340818772
326,-0.368215331976079,0.3049109998248456,-3.7192522503325955
327,-0.794704332618684,-1.0473464149003748,0.220754326786121
328,1.5309234628752946,1.2485911821974054,-0.33330686813633825
329,-0.4784382018119128,-1.6581913245586408,-1.5469674200238375
330,1.3409214943253729,1.0131069311910503,-2.3991829536903015
331,1.6657445003150408,-1.6153108514409293,4.083511177753997
332,1.0888623245538769,-4.8014876689079555,-0.9653464833354654
333,0.748030409680165,-0.0352945775065082,3.426319067107988
334,-0.2101875726727066,1.3595505924243252,1.2751499025449213
335,-0.1532866702809602,2.903431735928891,5.0854487085728675
336,1.135015420097837,1.529161015747308,-0.1992151332820673
337,1.838342200707648,-0.6076260461116183,-0.9061153050179884
338,0.4477404968355397,2.369098828109964,-3.1822846383883476
339,2.257536952909495,-0.7965244118094095,-0.5405856875360417
340,-2.334910754123559,0.4475315877411185,-0.4259302504432264
341,-0.5545262169650516,-1.4682228802211053,-0.021735960371358054
342,-1.5668885640777248,0.6508225762192426,-0.060103502978948
343,1.982367706270029,1.6036948047998072,2.2583831294309364
344,-1.0402950411082204,0.1511723668120824,-0.0163251503892325
345,-1.9432844322476648,-3.4922192249465613,-3.934263437937481
346,0.3037659155618179,2.7180476450143667,4.143447334208862
347,0.2907885698476494,1.2489702590577632,-3.0744134010563275
348,1.1554122552938573,1.7350152133879506,2.723385697197384
349,-1.4973706455087548,0.6823206895414182,-0.6920345168600637
350,2.9393425955252104,3.234648433747874,2.4689939674293555
351,1.2165914627222083,2.267079530900078,-3.438218570685822
352,-0.4375517662560423,0.4732201517419283,-2.1240374282915537
353,-1.4541534100034594,0.0211891403513144,-0.4875084193485186
354,-1.1880336066854915,2.3678577240920786,-5.205484698004861
355,-3.5659932261760154,-0.3004305622597933,1.411319648610334
356,0.8492788096443875,0.0566657719741515,1.0537726223933936
357,0.3850687800152553,-0.1041396194107879,2.1113025296744294
358,3.635156702597492,-0.12583542474795195,2.3825095922866826
359,-1.0464435268108985,-1.3668772949156638,-5.2391020203725045
360,-0.1174621000710942,-0.8848025475650174,-3.22534822231735
361,-0.4920187600040286,0.1269839615745313,-1.1401957544986798
362,1.982071560767656,0.5182828733206607,1.2885034414904497
363,-0.8260747494301031,-0.1026066424864131,2.9340365357270004
364,2.68139916773655,1.2593241248903664,0.16307525216058694
365,0.1591708153258452,0.8441689174950646,-1.6052482026864634
366,0.1220445591142925,1.590504441036196,1.7327185260474527
367,2.152987387420421,2.964991820623975,1.4712490760206334
368,1.593776847030696,-0.3680777389588606,1.4843909034786502
369,-2.0336892427844275,-0.7419469177637537,0.8207841937486695
370,0.7271358716638937,-0.2801080251376858,0.8931006637719578
371,-1.6056836163783057,1.5229488998215364,0.0381500077187422
372,0.7746539233861496,1.0408608707629905,-0.049189105928563404
373,3.189696415588505,-1.1564384496387667,1.7572305750250323
374,0.8172381930711827,3.411033057619722,4.711950112887877
375,-1.4327866983295128,-0.0066552535552402,-3.177781586155973
376,0.902186883337426,1.561387047016396,0.5350228961678982
377,0.4797313257556288,1.5178384466882724,-1.409438329774789
378,2.031624158933723,4.10924271966175,-5.688807905230222
379,0.6977362655710632,3.9666834533733337,-2.002764225020625
380,1.2952326778120151,-1.4508733209840323,-0.0316961523779397
381,1.8080804858699275,0.837412680908053,4.826467446745703
382,-0.5763163832104641,0.2720887370959515,3.181775803550301
383,0.2652527002900975,1.205298010197932,-1.902564176295543
384,-1.971296351136592,0.5784414547175224,0.0440043677495656
385,-0.8114332617116078,-0.3457559106315015,-0.3395062455460285
386,-0.677751691894736,0.3630778199677912,-0.5887499199975847
387,-0.8663667498280764,-1.5806992698236229,-1.9993223941429197
388,-0.3617462195268315,2.0113683566800864,4.84990891056142
389,2.774790181891743,0.5127491882435968,2.23093118363696
390,-4.260537547703883,-2.353285810933698,0.7013047972860911
391,0.6816109117294006,4.12809827622917,0.682070255970486
392,2.296428500715667,0.004762857640859153,-2.4246502182741656
393,-0.5252668776136133,0.8488728191642678,1.1362187147354668
394,0.0191748472101894,2.2188136307361477,1.0716320155852919
395,-0.7749392805595213,0.3291371509010176,-1.2889093318354021
396,-0.9817408967436194,-1.5141164752411098,0.3931483953981725
397,0.1221793012235523,5.931226086664381,0.9906562606717179
398,1.120521157971866,-0.8737063300773595,-0.00019249253868203198
399,-0.6892940885652007,-1.247746667629053,4.731181625552881
400,-0.0742652773641407,-0.1528362680299931,-0.2125023346128357
401,1.04219478651134,1.5312559365161307,-1.0579526808227468
402,2.148706482586325,1.0176500789403355,-2.9339997953277575
403,2.1856262940633706,4.282646926370211,-0.5300301301905042
404,-1.882074492871176,0.8297415285787823,-1.4593685656796085
405,0.7294395548228587,3.781887875323365,-5.196800319058724
406,0.7603623698201891,3.992177328322774,-1.3732627767989265
407,0.0402290609662638,-1.9350838081045436,1.4623341119421602
408,0.1611837632412551,-1.2167332940744162,-0.9601090427282748
409,1.1631725515518112,3.000480051021725,0.7525320011967179
410,2.6202623032874808,2.084192807268465,0.11398374109069653
411,2.854266400904809,-2.9435848983906117,0.9400937594413936
412,0.0130222776542013,0.0571669639347842,6.3815823534790805
413,1.5733902815807828,1.2916960630275898,1.8649854412452427
414,3.619462602918485,4.387472015613272,3.41396381901175
415,3.1811706124299324,-5.019250066059087,2.2580188842996347
416,-0.1068107295946498,-3.105453940509792,-0.9666044846027356
417,-0.9548756629985296,-4.408674070716866,4.039515491341767
418,0.4983932659928786,0.9258346666744748,-0.5681500548400691
419,1.0536026310293467,0.9025378639193966,2.0195657913565155
420,-1.1330879420657582,-0.7188969685411291,-3.475579920661823
421,-2.0202891106711665,-4.089152234449399,-2.2225083397073124
422,2.142233166069636,-4.610998081157005,-7.989312489058315
423,-1.2604973913954023,0.9343213295400294,0.2293124900361689
424,-2.0830549535762053,1.6047473709455335,2.2923739260264764
425,1.0472625767280554,-0.5608430808366012,-0.0414344238529615
426,-0.8650794483490312,-0.1743410127696215,-0.7234168380375338
427,0.8728118875545577,0.6062663326539041,-0.15399484301591415
428,2.9906880166181926,-0.22265206178902042,-2.8554185976853255
429,1.0860614377044726,1.544960775976799,-0.8285044962585506
430,-0.0122818970635639,-1.7893023362138567,-0.5597750803188064
431,1.319950740328006,-1.1922963913951865,-1.1380750191049465
432,1.1956726990140578,2.5075810734565405,4.844741138432674
433,0.4482890150413623,1.570209593314049,3.9107788531068817
434,-2.0584665107065057,0.3301838037615027,1.5768509400898882
435,2.6316174650695565,1.5003537886230667,-0.10295868775375139
436,3.7106274757152304,-0.5657408381850919,0.6337672545795479
437,0.0904702390292159,1.3452768083197846,-2.0843830812388013
438,-2.641343701199544,-2.398524692571332,1.0308918841690815
439,0.3702962723462482,-3.925419883479541,-1.4206864236980226
440,1.838335023116329,0.6320983873942962,-0.5988113085135405
441,-0.4889176846396375,-0.8389113436575563,-1.5899658289384426
442,0.4206089355328363,0.1110896567387459,0.2062059908466314
443,-0.8055734092039089,-4.059843647187865,-1.822759435733144
444,0.8522739004680506,-2.566165087375337,1.6958652390179927
445,1.226926991940696,1.664312890865141,-1.3717282654325307
446,0.7132057649332293,-1.646605383043558,-0.8933017261339571
447,-1.271204187304439,-0.3044081916620923,-1.1543638928691955
448,0.6562557836895545,0.30896778399554925,0.68130985479064
449,1.580065697426746,5.462183221071882,-6.724782945388807
450,1.6393745298793017,5.616824947642824,-0.41019259634747796
451,1.608770159763857,0.916170680053943,-1.3674889620775406
452,0.9437177456908898,-0.0051327377244079,1.5070918937724094
453,0.509439195541793,0.9042619120597402,-3.415503903436237
454,0.8637760554555681,-1.6534790849877468,-5.233622566151492
455,2.0086757273667564,2.3995634299006436,-4.2838215457260835
456,1.6843784951627976,0.4399047857686733,1.8390319131385144
457,-0.0059239478150664,1.9454544276771728,-3.799083583550522
458,0.0935086452063247,4.343570523385709,0.14559174254451032
459,0.7116020771126342,-0.2365334409740805,-0.6752982398812294
460,0.4453831911387762,2.514228273538962,-7.074777881892464
461,-0.4646135718527767,-0.9215671561545006,-3.4732646336304493
462,0.2826924586258472,1.411178978072756,0.8873958288885951
463,-2.906924543509339,-3.63957766757786,-1.234172865285903
464,1.3606595373188286,-5.361634700430183,-8.226804158839409
465,1.6963545082952458,-0.8433839461867911,-0.3344220010775602
466,0.8302623779233825,1.1995487334934087,2.6943591031116423
467,2.021502837076344,2.2670738913132062,1.5804196836509083
468,-1.0637963052156398,3.923538729349432,-1.2044633240323943
469,0.6946763525741734,1.6536018767495109,2.576734547030965
470,1.1271100362463962,-0.1442166288190292,6.459528145820963
471,0.612431120832415,-1.313376753830534,-1.423386217914656
472,1.969423534690185,2.6262712099784205,2.266657243569906
473,0.738293984185025,2.6145505410719587,2.3344238542133215
474,1.766156463595109,0.8749362251909047,-2.168270766627395
475,-1.552899999989373,-1.6017006760558836,0.7111685826645089
476,0.6712360958375667,0.7076455027692845,-2.5746962886237763
477,-1.1802253192297765,-1.2897138260757495,-0.881408604498905
478,0.0663824963223125,0.2333966211940086,-1.0756616762399374
479,-4.005759898274611,-0.492635012346891,-2.71011403675079
480,-0.8625501689590533,-0.4531327693876898,-1.1400467749098322
481,-1.9264951920792308,-0.3272527559842187,1.5843937458416095
482,-0.4484430706935943,1.2346742752317807,-0.0410247358263736
483,-3.688758401376404,-2.8919329896165773,-0.3453986734900596
484,1.3195647741711398,-0.30787520754108155,1.7002766769226576
485,2.098753801417752,-1.6509655124682663,1.6983721969533425
486,4.278140419670723,2.9257368725602877,5.48136719468709
487,1.8406922386336837,-1.4246607499995978,0.26141131736679013
488,2.264975752643364,0.2321832834765475,-0.2663184928801485
489,2.113222780214516,2.3063739590310934,-2.470706697809984
490,0.1067601396866636,-0.350564718113487,-2.5673750360364855
491,-1.586757053199599,-5.674189395327316,-0.9602874377438864
492,1.868504982711143,0.5079407037720411,3.979392385302856
493,0.2035541948022308,0.4744943308171763,1.5384580005992496
494,-0.9112251927612328,2.405946170577183,-0.5519252772987375
495,-1.389905601268128,-4.3762353599822585,-6.3357628085970905
496,-0.7462866464431868,1.3324957421410928,0.207461288861352
497,0.5880406999759378,1.2279444495662506,1.670347926313832
498,-1.2632188986042607,2.529239977708551,3.0935484988002613
499,0.970229841321704,-3.3078175147805267,-1.332021602939125
500,1.058227832224169,1.3781437402418948,0.2839514100060267
501,2.0115990840804887,-4.18923994190414,1.5079760128422193
502,0.7952918583206832,1.260917444519569,-0.5000534144398547
503,0.7643979194908137,-0.0523026404830733,-1.3269863320398223
504,0.8091799548552219,0.3003503805667719,2.006174694591861
505,5.188878155323694,1.9920716874036355,-0.12725415798061546
506,0.3981814533872616,-2.587424385735166,1.0609431775131624
507,-2.388688602166053,1.2622110854962392,-0.0591303107816105
508,-0.5164216800732219,-1.5993152030927418,1.1734671333113442
509,-2.130665859067314,-1.9071436414352871,1.42436894924021
510,-0.3082781845436688,-1.5498415849197738,-1.8506804108254185
511,4.838029263701117,1.2467114406889777,-0.7625500731016326
512,0.1631333806988071,2.166205040190842,2.867378772650396
513,2.326778576029057,4.071023058917058,-2.5765749593350873
514,-0.1000977618598523,-0.302813240883893,1.8253373806697664
515,-0.1255601677593621,-1.499154370381363,-5.820978869147949
516,2.893606065065736,4.204160331647416,-1.7537081686820968
517,0.0676658548859724,-0.2865002505810361,1.609201889331678
518,-0.4616090467433629,2.8591442522173267,-1.6277639854685586
519,0.393417766243795,-0.7178573083287797,3.656352377056149
520,-0.5689994716464859,0.3487619084879988,-0.9002168829837552
521,-1.284393137293149,-3.256095050048312,-3.334530219895448
522,-0.7483451611961668,2.1449428666674657,0.009408988430797516
523,-0.7644231300284172,-2.161573376243984,-2.062448420864526
524,0.508030914460904,-1.828118250243411,-4.426739650425555
525,-0.3707909320512817,1.363174197224296,-0.8213132562848287
526,1.4076090626774047,1.3138375656981642,-0.13455863176585137
527,1.214504715220986,2.3437817750659464,-0.7020810180654022
528,-0.3062008500991648,-1.0912197052411854,-1.4809938521562218
529,2.3799218591895106,3.127544674985348,-4.861099360636767
530,2.7670945663116324,-1.2340933653914594,-2.195780810579986
531,1.295320768064984,-3.5406342162666173,4.469663017398573
532,-0.4537305969546119,-2.5219136603977854,-1.0834760986619902
533,1.4829398725577458,-0.170086311096447,-9.654624344058611
534,2.043346535849884,-2.9924408304472503,2.3316493741901763
535,-0.1017733739281538,4.8514116324193495,-1.8081504167353524
536,1.6232867284722627,1.548536363648559,-0.5933646257525983
537,3.355370115457516,10.527180162295558,-8.280049752624512
538,2.089958000238968,-0.11222796055434792,-0.32670627254368645
539,-0.1975059266581125,1.930635786873449,-3.1707786742267166
540,1.9970775825160785,-0.6916903330388138,-0.13296342050808962
541,-0.7191960975120205,0.1489249651296446,1.833677095798076
542,-0.3689951779933028,-2.388444041282248,-2.6834337804903505
543,0.7971039322127741,2.363665324964461,2.9507477098098
544,2.6093146090023898,1.2173759040480352,1.3163082240692916
545,0.0932990376494778,9.03255425985466,0.791574703657965
546,2.337532204933482,1.4199453240460258,-0.013989516302765015
547,-3.172570350071908,0.5243667511199746,0.7292925378905772
548,-2.064681498244739,-1.0542370680854791,0.7462075001269307
549,1.022867455361095,1.8562549272071447,0.2279023573831198
550,2.8837102344508816,-0.933085331350965,3.5965889390646115
551,-0.0164316745825133,1.6832814661393471,-0.7155379183114492
552,0.0564223469528765,1.8225841353618744,-3.847116485410883
553,0.7954996880818339,-0.5272467184051934,-0.7185090312479411
554,-2.599156464038256,-4.724037378989356,-2.32425936799814
555,2.709961878701004,-5.043516113083585,2.2281683897962035
556,-0.4323132024589939,0.7367873237598698,4.249026103957798
557,2.263450785690852,4.930168630255515,1.5159594630219386
558,-0.4476332667659317,-1.703301940344108,-0.3267731499278622
559,3.0747334943297737,-0.05859875334273401,0.6366061236029146
560,-0.0789320216483443,1.6514829123848922,0.31819148437261335
561,-0.4165704593715511,-0.751569409312797,0.328578383779643
562,1.2738349825006257,-4.647678981242937,1.988064634667996
563,2.382751114892504,-0.6452998913823422,-1.5030767421882407
564,0.4088269054060549,2.078579628028783,0.8491677132552862
565,0.9053163880732196,0.39098070448150174,-3.63499486017851
566,2.2384181752145205,0.7672606176553232,1.9122778534302127
567,0.1717732244922059,0.5462109286241066,1.2791357277305486
568,3.5081075087604683,-6.405900318575823,7.092867885787706
569,0.6685280967615728,3.4473808608681766,0.4991129320415809
570,1.705667484076797,2.21716237708672,-1.590553092144232
571,1.039015116931855,-0.8751866539993793,1.7707782362821982
572,-0.9290673215785828,1.2862381052611505,3.3033986872069243
573,4.73831594730686,4.046899248840538,-0.9392639178424276
574,0.6000779704976626,4.139428763993895,-2.633209079369081
575,2.230677479016071,-0.4728115173436507,2.0673028578518626
576,1.5515622203246175,-3.38014221069099,-5.845670674850174
577,1.2324684881701524,-1.006231531859972,-2.298384310576383
578,1.1544560489542648,1.5182509366206558,1.1512080106405307
579,2.082790048882584,-0.5090679109486848,0.3691531429822179
580,0.9774798075302442,5.2232056729132506,1.0610820961184928
581,1.4955283125969414,-2.975586434965228,-4.2703908089850415
582,-0.5307057071300441,-8.466115809281236,1.477947147756898
583,1.5731773034556458,1.6243129508121534,1.3642589957098927
584,2.233933955452913,0.7649120280261894,3.9373884706306077
585,-0.9429853924377832,2.512977257887016,-0.3093830447686976
586,-0.7274003367097315,1.653751093801236,0.6505207743308904
587,0.895761147792589,-1.116234923609293,3.839639646018856
588,-0.6724314699585714,0.5503980419192158,0.5005021660429886
589,1.9516731687779545,-2.5583919870807312,-1.35877539870214
590,4.60375530552964,0.9570820413077259,-3.4875993035213435
591,3.661065130740725,3.3503375771727444,1.583788591647667
592,0.492365796946056,-1.726709756099631,2.8849225472169557
593,1.2866347719554545,-0.8075663389713116,-0.0447263918721621
594,-0.5290098000924628,5.450599764300218,-0.6326666471977916
595,0.05497387536229,2.974059065000122,0.2794101955174765
596,-1.4589198363592892,0.9304085789449408,3.327282631505273
597,1.0600113627676993,0.8509945293359121,0.9134966267440439
598,-3.559717325533959,0.0049966140030182,-0.7787598210771629
599,0.4652988780000757,1.7265270293255135,-2.64005447574518
600,1.027003494862022,3.7344342693654893,2.6477147128291842
601,3.245541312372344,2.425682616337451,-2.4019396918861053
602,-0.6512064478716394,0.180256742259147,3.639843132970627
603,1.8445678651557185,-1.1647222932892753,2.4012785052605112
604,0.7944533593541241,2.492601486074332,3.0654230442626855
605,3.7178825882184032,5.300965794627826,-1.0872555495352534
606,1.946043771200744,2.5601257243118924,2.8063974395760636
607,3.661819109238018,2.1293431611954925,-2.658707463939255
608,-0.7681638660722685,-1.9874977103127491,-4.383714076843669
609,1.4174467563398845,4.17756600602074,2.629143659503286
610,2.352046670662294,1.478704445042945,2.0529464295014206
611,0.9372683689803682,0.06702468970595943,0.3751364942681311
612,3.2784374192407317,-1.1042058161495583,-2.260492605507862
613,1.5500298434424804,2.762124012664517,0.21029458267931167
614,-1.7188296991118477,-3.845335643183428,-0.5511302924064935
615,1.0182504927153642,0.36333715156841756,-3.0431087378955852
616,1.2922515960286018,1.259660138510109,4.358237876172531
617,-0.1845364839199038,-0.10396979997609579,2.5587910080547354
618,3.292850439565324,4.897500642888822,0.2285837309876605
619,0.1350999682168066,-2.7047085095138232,0.5576504546152279
620,1.7700625071353753,0.3912881004808062,-6.5044662432998965
621,4.3495198575467615,0.47095445387206225,0.2586476245177618
622,0.6562020530833695,1.059121916182434,0.8727405664165994
623,0.3532133823547509,2.8787448734880776,-2.0429511863681906
624,-0.5743566782610544,-0.0814387570787778,1.328285089539787
625,-1.3618303933033726,-1.6557510507667803,-3.1752653551688788
626,-0.4199760877502813,1.512599037383574,-2.588572079885118
627,0.5702875495366342,-1.517067046078869,-0.2211065338419452
628,-1.818347838873389,2.1661428954210056,-1.590249453252431
629,-0.8345769793614526,0.2166038766272524,1.4236952501044446
630,1.0141704120530204,-1.4194567838770065,-4.33294025466938
631,-1.1283743986236057,-1.3962198985036651,1.0475470244784653
632,1.57828540910723,-1.9877063057856852,-0.3989626013497279
633,-1.2767244763647172,-4.045159381139479,0.6213727650989043
634,1.752232090310608,-2.880338106474021,3.498017983958985
635,2.563261272378815,2.013806243623496,2.8970676817714685
636,1.391925242414333,7.8645520657459125,0.6939941904856927
637,0.2732484409186844,-0.6067184144942833,0.5330532209548497
638,-1.784257605790444,-3.2954979219754903,-2.271064178620062
639,2.2570513918097137,2.822899560715033,-2.0493496545635033
640,-0.7934010318557347,0.710983236863226,-2.613098174761
641,2.356368747574055,1.0999086203508748,1.1722711991327153
642,-2.438601779620674,-2.0469854540106684,-1.3926461284804568
643,1.3436119433510028,9.814155146347455,2.722317921689344
644,1.1515809083408295,-4.708630624919384,-3.1117617912355975
645,1.8083925506609453,3.30195678925162,-2.5289637615315126
646,-0.9421211263159264,1.9158273166121624,2.779296961525901
647,-0.8063879171115855,-0.2243298657709568,-2.2156431433790247
648,0.3215138280977826,6.3665430153078955,-0.810619657781981
649,0.9823635508570184,-2.1803314774598523,-2.025299400456184
650,2.5425810752693057,0.1549969650477383,1.4329795980755986
651,2.1811375816030543,0.3360810195442818,-1.058678115114721
652,-0.4414760280512762,-1.3939748030769614,-2.867922834554116
653,-0.4099840828973042,0.8368271233285142,3.4613207435382662
654,0.0660565253910847,2.1585553283426706,-3.231594645549537
655,1.952974800944038,-4.413429036273481,2.616294789429297
656,0.4652148892245831,3.0124283063955724,3.8908576121891434
657,0.3551064169509719,1.3022827434979356,-1.066542476487116
658,1.239655024718343,1.6847379555897546,1.066057543759676
659,-1.542217814842471,-2.488189583511841,0.4566585980714648
660,0.2022060674510454,-1.4948879094150782,0.5489965254127083
661,-2.584647232568183,-0.4364700133000319,-1.0509032724946703
662,1.241852843066272,0.3689342835638986,-4.976314136474636
663,2.371902253752928,-0.14282032726284855,-2.8252962838443176
664,-0.5654510581134604,-0.2146266047779013,-0.702529490841727
665,1.5639410615918172,-0.6160416135990764,-0.3915659182800617
666,2.0765874032759504,-6.408494526132968,-0.16276268682924894
667,-0.9007282131830512,5.810233825807596,0.597331361587949
668,1.3347784549049249,-2.4957767832892253,2.68439297731404
669,3.3096924842435675,-6.988241085670739,5.610463194538179
670,2.5898621540479123,-0.5336422964002934,1.1095339865873626
671,-0.3766299030782015,-2.257037324615242,0.2422559568223641
672,-2.2557361370511755,-0.4612029727119606,0.4942441436447709
673,2.5719674863382336,-4.081137620516132,1.3804039937096029
674,0.4746313692891381,0.2034403374505105,-0.2570513449145747
675,0.3495332244807732,-0.0442403665590832,0.6242316667574455
676,0.9544576540627728,5.810811968517415,-2.2091813989452564
677,-3.849507528499138,1.0613294541257563,1.1433666335137311
678,0.4652014511146585,2.666888440468663,3.3107136402295425
679,0.0681098575069842,0.8285130643733112,-2.791482053242656
680,4.247482700461887,4.597323787558261,1.5261724037840545
681,1.523302527415904,3.599626492460465,-2.210774286008638
682,-0.273149511333512,-0.3375821296115791,1.291528155516855
683,-0.0094757250542558,-0.0955948493119663,-2.82976286474421
684,0.3144809129056322,-0.8753512978527385,-0.5231945493182124
685,-1.8286230368052911,-2.468951421249661,2.2678870134791973
686,0.6868011402667662,-1.6356170313543632,0.6103365994891559
687,-1.94414842919368,0.978824165659383,1.8902704353578468
688,2.6270081870077853,4.838269990155939,0.6893973407109899
689,0.9014414504478862,2.0873561783311776,5.304138410940536
690,-0.8939235726154101,1.4863860666026052,-0.16287229711851803
691,-0.7668244962559017,3.0121229026138607,2.0313887797725805
692,-1.614474829113273,1.5714962393720278,1.713228312974071
693,0.8789937441937816,-0.7838784089320547,1.2639236669518588
694,-2.23791913602686,-0.2563555703111941,-0.7487535526608469
695,-0.8831229263679625,-2.2427573079256136,-1.2446189952744326
696,3.863744584736005,2.153238948433705,1.551359059866058
697,1.1794797752094142,2.0597308841677537,-2.7522655352398537
698,1.1004562699523794,4.043337179253813,-2.3291659631686437
699,0.5466681086351434,3.7594772483581735,0.33895849883260154
700,1.740616095448951,2.536891549329819,0.2630834820236849
701,1.7415124156688784,0.5057952746338666,0.8417118521308442
702,-0.0917258872900281,0.0798588435633207,-3.9575078513437054
703,2.248192584452662,1.1569980399961541,7.288841936354405
704,1.766629939791759,2.4525168488587825,6.256876868446913
705,1.0103647874443258,-1.8275290708827914,4.911904914944503
706,0.8313272839866895,3.102908800768131,-1.5480584908064474
707,2.657793231856021,-3.2255594300232233,1.4617994916375323
708,2.2379613875091016,-3.1410647565674084,1.810178750436753
709,1.807296197276739,-1.1173564081390877,2.526952315539014
710,3.4510336745929773,-0.3556364819475308,0.9322254874242819
711,-0.9411258141330698,0.8835710673673863,-3.4819109212497388
712,0.5630211725052657,-0.575618009394604,-0.46969594743329
713,0.1916732662070659,1.8001248161442516,-2.6699928613000363
714,-0.3349996896026354,-1.7008704981847764,3.0543419718465543
715,1.6323981412346735,4.755633062066708,0.43479655701854136
716,-1.2826354664352224,0.6599188995309384,-3.0591070921509744
717,0.0051984138250367,2.39655179478769,1.6373943631425658
718,-0.0711566988017816,0.5436957563748543,0.9168255222742073
719,4.549618299879644,-6.740763951291413,0.9946453484660993
720,1.481073115073558,4.522682436680822,-1.84998072981399
721,2.117818391979976,-10.703369169472584,-1.2348874242428105
722,-0.2942162910207699,-0.8438267327200166,-4.050828856409837
723,1.807105354765944,-0.41575538454484773,-5.793135103484469
724,-0.1623494769388825,-0.5350558547261159,0.8249848052177712
725,-1.7182859647153594,1.7716171247213035,0.9731580453789076
726,3.245297668587672,1.6660144846537008,2.4178180048527356
727,-0.7841945570748986,0.8968370194511163,-0.0003472252301535
728,1.1901177727352776,1.6662108549492138,-1.9722178882063064
729,2.408200484692644,-1.5408164182593125,-2.3169011182375114
730,2.6032186914040185,-4.463865352560814,-5.552712954082706
731,1.3699652122583832,0.6610164708122093,0.33961074865409197
732,3.3504398847843486,5.698121628909958,-2.9082864270300957
733,0.3572749026180155,-0.3707966487263104,0.7040871368161452
734,0.7506933725451289,0.2819297140756202,-1.1392974235368973
735,-2.168947950055609,-3.152930422942234,-5.00905656473615
736,1.592070778129684,1.8253100319755649,-1.7697592642786164
737,-0.9472024375829864,2.705348761583971,1.959858292399653
738,1.6638767922515283,2.4986381659558536,3.0611162487016177
739,0.8050997726475252,2.642910186525304,0.860502378859175
740,0.1319743391486618,0.3500053080740842,-2.2059647157810525
741,0.4508195905653584,0.5547272958101825,3.466736555594816
742,-0.1317335866643973,1.996391977381648,-2.096980559855056
743,2.4269867684550794,-1.1642432418349031,-1.2570159489400217
744,2.283664980650439,1.570897242050855,0.8546652571019389
745,-0.3157538386226004,-1.0368048233203089,-0.9722980311366872
746,-1.0109071874834856,2.069952039916612,3.472840147854604
747,0.3549385531088311,-0.2344058822450409,0.6818729485842169
748,3.2518924547552093,-4.754137496074391,-4.8390090456611095
749,-1.4734921989723535,2.1834553425963903,-4.653621865010157
750,-0.2761954903889929,1.5685454181935738,2.250411189651639
751,2.150262025820297,-1.088725064279307,2.951849033724977
752,0.3029666526410577,1.3623791473805804,-1.0664295696911572
753,1.0626627880954724,-3.936981833474406,1.8881380205659588
754,-0.5146927207298944,-1.4670193079153997,0.799835774259001
755,0.4284861772779262,0.0945693189433823,1.649640299683264
756,0.9864598794090996,0.6116444951847301,0.1858892187055023
757,-0.3015871788787376,3.7113359227581872,1.5524678222103176
758,1.9664589075371135,3.1293657081479402,-1.883906462567292
759,0.1663017623893426,-1.0608342329815923,-3.549708241031328
760,0.5919141111663895,-0.0803364513525268,-1.5245500403254828
761,3.030221283057044,0.9246090924981312,1.3277321034476568
762,-0.4771633102173899,-0.8509763404093611,-0.6300823649976157
763,-1.3475413418089282,-1.324150977527455,-3.7390320922678595
764,-0.7639384481735471,-0.5711267844941291,0.8936831269429941
765,-3.8825918742931473,-2.6694591442985787,4.440169243085673
766,-0.3250505607151466,0.8393508702020159,-0.3205260055210779
767,-1.9802206729554008,-1.940798655592611,-0.145052727417392
768,-0.2413446333313306,1.7628888648575014,-1.356764379443312
769,-0.9859211154638368,-0.8807813195765176,-3.683112571333398
770,-1.0846680884985398,1.029241825878726,2.3395795673345043
771,1.2380630008572304,-0.113369920774243,-0.5292787353873867
772,2.2957224745889206,0.34401249117312005,-0.5300428820081189
773,1.0683536530300803,-0.04576274697597982,-0.23820318201021767
774,-0.8179288551829507,-1.1946195066692078,-1.555136112236
775,-2.577512479059621,-0.6669199232444645,-2.134106260211103
776,1.1124865538505784,5.041176485973986,-1.4589940154318963
777,-1.9634874050530275,-0.0435853051580199,-2.1584419043828382
778,1.5745324421527291,3.6227431195405884,2.1394476405049403
779,1.4865140227760287,2.4600662462523077,-5.3116179451445715
780,-1.024150754546718,-0.4380079104804842,0.7954620131924577
781,0.0905872304691914,0.9201870244366848,2.875703595219526
782,0.4320714516199428,-0.7013204683636057,0.4421358753395152
783,-1.43604159297208,-2.1300453709662643,-1.1882511020780384
784,1.5470230827094076,0.4339085570751017,0.9549245631337756
785,1.7731648811531824,-0.31184247652375685,-0.5724998458379673
786,-2.129455541311449,-0.4400341359643937,0.4464399308146995
787,-0.2805923661577733,-5.120868358405887,-0.4255771308557295
788,0.4983300521971588,-2.0348183187738926,-2.8937808423566294
789,-0.1512620078685606,0.2621175083392431,-0.0687282411780605
790,0.718317855479131,-1.6497579991459952,1.083321955926713
791,-2.94001390399555,-0.9604516029681908,0.3134847157919875
792,-0.2623123609605426,0.4387059261046271,0.7731126041646217
793,1.2665144898629233,-0.6088666118585583,4.26762959387343
794,1.5338950250995105,-1.1277654139569075,-1.6338022982247973
795,0.7632360177567619,0.888179345740012,4.314922423967766
796,-1.7408867609426624,1.7894387661780196,-1.8046350423805997
797,-0.1693945480698491,-0.6921797426551185,0.4939388951699293
798,-3.883581139887853,-0.125719901413698,2.05368194696249
799,-0.644309195364515,-0.5407989743176294,-2.5191614339244888
800,-0.046154753402288,-0.815869077633679,-3.5202765038413317
801,0.1843489242916518,-0.2131311494616712,1.1197364788765505
802,0.991806421794628,2.137688964381685,8.44750323323764
803,-0.1889936076312531,3.3978542357616424,1.2740877350733744
804,2.5352830385345984,0.6906614410401349,-0.6593611792273111
805,-0.364116910794984,-0.8591802670514439,3.832528718879402
806,1.948950191414416,1.5868271533598843,-0.5522657837231689
807,0.9316025968969992,-0.3612423509605984,-0.0788231584989807
808,0.3542301023079013,1.2614252347012735,-2.8574821556864434
809,-0.019660801897806,-3.496522177591962,-0.7339683475249179
810,4.460947674798049,5.3414929409336365,-3.2270222916588853
811,1.244983382204246,6.364598663605167,-0.01948133218125525
812,1.6391405860813937,5.147521590655382,0.8616935193019617
813,-0.8907341881298922,0.1898019545036749,0.8614086432908324
814,2.207515687527005,2.9995924814945427,2.471699609087567
815,0.6388353788585182,1.4268490203417044,0.1860587740822614
816,-0.2179255786271294,-5.769366366132223,3.1823329777241267
817,0.6474730360210404,-0.4113116669180132,-0.445420633789393
818,0.8006909250717473,-0.0922445505570682,1.5444091753887257
819,0.1794513971908001,-0.5736145359801867,-0.817688627064301
820,0.673758553618326,-1.0262660876156997,0.818940025380962
821,2.4941055753933883,0.6700226926058175,8.881204211882288
822,-1.3826011351869212,-1.9270661712598416,-0.0911141675450166
823,-1.5560411876721894,2.68482722635303,-3.806271689227656
824,2.273970302724944,6.0380676384691805,3.6844179007813165
825,0.302416330420663,1.6540345464241692,-1.9091628177240025
826,-1.325912179178508,1.8361986510829147,2.257964733967687
827,-0.9235927709887536,-0.7353637488907376,2.800737334997862
828,3.922136435783923,0.2956436792322781,0.2070483856743801
829,-1.7327334733608188,1.9552983181434496,-2.3709579911417373
830,1.76870173040458,-3.754984341896268,-6.121459435320231
831,1.1463311083719163,-2.3475129984671677,-4.291012734908041
832,3.017402852998523,-1.9716610326172581,0.7885203240953456
833,0.7581061974277088,0.9296387181838328,-2.1724084518363025
834,-0.3882036590525819,-0.9081435558318448,-2.1910803591283576
835,1.6420534337781605,3.6972765557240765,2.9459551907402073
836,1.1849193616109976,-2.2827787260935817,2.4698386848820375
837,2.678547035349788,0.9845596335161556,-1.0561752845982757
838,1.8159201252958488,-6.188777100795209,-1.5021754264887086
839,2.178773204497665,-6.69226114237652,-2.852057767293093
840,1.7130728278880514,0.1971555768611368,2.315294969157049
841,0.4658908700359608,1.0306899840033097,3.3299524166420387
842,1.0503314571884408,0.826666420637993,3.1729037184781577
843,-0.6650153298665626,-3.807848397526705,-1.2857536856108882
844,1.8089637269707477,0.3662708992649642,1.3364239611573843
845,-0.5339506419489987,-0.5614864775320092,-0.10801329258272163
846,0.7481475711465284,-1.139443630443633,2.442835579683559
847,1.1542313561752666,2.8131537878786927,-3.061156842577027
848,1.7292550436380598,-2.231705471920284,0.3456611940729839
849,-0.0998243334233218,1.2333626621161724,0.9408778346873237
850,-0.5907477947079145,-0.0564689850327306,1.458606719922586
851,1.083454372890546,1.5322679802145565,-0.9961706195152521
852,0.8029325175132203,-1.355381932481841,1.5172247127133605
853,-0.432158874715333,-0.095702407532741,-2.514696138609474
854,-1.5844552870815194,2.211160309276545,0.24349095805918897
855,2.6683338351310475,-0.5627304024827549,-6.776042671160161
856,0.7887746224970644,1.2773591125331176,-0.5733128763172228
857,0.0448074652797746,0.22330503964257772,-4.888017728825517
858,1.0822258176021724,2.8606460830816234,-0.6657465382411463
859,-1.3766673129782538,-0.5197896540003872,-0.8487529804551844
860,-0.4419399265856453,0.911760509820235,-0.17778951365898954
861,0.3460314660566193,3.238766063183138,1.5417277497284139
862,-0.007645927910187,-1.0199115180834388,-0.39669381095837
863,1.7807175760794811,-0.6645677199855606,1.0133507587273618
864,0.8736969272390307,1.422970860996102,4.4576952678973605
865,3.4762639073900043,-2.7949193899031757,0.6457141888204733
866,1.175789403518166,0.1756175039008448,0.0470758388386332
867,-0.4679712109669401,-1.4618931479252997,-0.5499923620209896
868,-0.7328837251784738,-0.6554891304087115,5.089538973633224
869,2.384007201736634,1.2734941323490347,-4.888157619673451
870,2.017110969287827,-1.0125245608129858,1.1405407982386586
871,3.219404119063744,4.150091364284439,3.9514648534280465
872,2.2891153401566258,-3.4412544870861685,-4.084052952536776
873,-0.6452224924884906,1.1022101335314634,3.9694126860274555
874,-1.8314578529112244,2.1773951401330653,-0.8323224149139974
875,-1.9134915354828397,-0.5862145001520587,-1.4625888079914136
876,1.8507361481254323,2.2154506353612797,1.8101977953027206
877,0.1126625047396678,0.3032369211219691,-2.804472342824977
878,1.0840022343755265,0.7468902500058351,1.212927177494043
879,0.9269781379067692,-3.126621715774788,1.776593694088744
880,1.7600611584532295,-0.06600972660728166,-2.8556137018634913
881,0.5382938373481131,0.2812540809345514,-0.1112246736207215
882,0.9795937950786948,6.202477123683747,3.0532201783010824
883,-2.368058111614187,-0.1991243185513022,0.701644669727951
884,-2.809965850066842,-1.1495961259919367,1.0117578701169236
885,1.5946310823909524,2.456130319400698,2.5286956629079644
886,-0.2960695469836533,0.0658576141856644,0.7554272890017266
887,3.6992172475559473,4.5300337388224206,-1.817048260236119
888,1.2397467331021086,-0.9903180354959528,-1.6067632513969632
889,-2.8956647379557365,-2.5167709561635307,-1.751764572104051
890,2.02472239199009,0.5248820375399394,1.0272492241787448
891,2.4667756891137187,-3.44622867598615,2.163875061021416
892,-0.0767843577700391,1.000775945739838,4.428349626320415
893,0.6132297730408266,4.397127825201272,-3.75964868887346
894,-0.0543469026228133,1.697962784003598,0.0871477837842
895,-0.1428256914497416,0.4471113749121315,3.049923430386057
896,0.8312703252603343,1.813714259353857,2.2158639354697898
897,-1.012306978901674,-2.360603930492238,2.0762975289174435
898,0.8130170785230327,-0.799894588299527,-2.188783978603545
899,1.2484512939539334,1.230876267531322,3.717749523442733
900,-0.7277102300810191,1.1337686401743927,0.1225689650622436
901,-0.2536563865198726,1.671926253506335,4.51617093610613
902,3.117412998616203,-4.305341142191594,1.4853394618846407
903,0.4549245920529881,1.2182122847681032,-4.124991700169442
904,0.6470541952667787,-0.2473702315070731,-0.3149970477657806
905,0.5434983256050232,-1.1012667327754855,-3.8350170850273435
906,2.016831517991812,-0.04413466957114598,0.9334566162799791
907,0.7415480339405527,-0.5023801994236727,0.6058767486796115
908,-3.707758770419204,-2.605625984902918,-2.677699729312902
909,1.6570311729287337,-0.9095542299260903,-3.33837324789737
910,0.6065248823181352,0.8728257132437829,0.6956054861308218
911,1.4831432469786598,3.0604055132973134,2.1439327978791844
912,1.0399515687126248,-0.8889280964297486,1.37781117383307
913,0.5406830644354184,1.575393247672171,0.01225519616427917
914,-0.8239573002810101,2.9460656938640724,-3.009215036619539
915,1.23433032929528,2.7394436666276385,1.5059658604857327
916,-0.7899699561010587,-0.3146439704240155,-0.04521998157852
917,0.9978553506052612,0.3565340959258991,-0.5502928355697055
918,2.623769844250571,-2.0424688855236393,1.3486072420814204
919,2.3919487064397,1.7731470448517574,-2.763281736952627
920,1.7032126740895337,0.8446331623026951,-0.0828664452065299
921,1.00013521865098,0.9400375134658928,1.1074919182069902
922,-0.2061137433308633,-1.6509656152878924,-0.17224079574901652
923,1.8788446812681976,3.2089688923906823,-2.072914941158054
924,-0.8253849913150736,-0.1512609073193366,1.1832392454318046
925,1.3280502722679786,-2.680366692792539,3.736204841629256
926,0.8089484019331379,-1.0659104293396757,-1.4410436510801519
927,0.7360024728042249,-0.5819426914003258,1.2443643791911203
928,2.7451210620463264,-6.37362063395784,2.9271152727062857
929,-0.3843774489580879,-0.3092900672562171,-1.1781694084653371
930,-0.4116250144915485,1.4597514428721368,-0.2235862052638174
931,-0.2242571908027704,0.4161038251872957,0.9854343406361092
932,0.3726849525214182,4.074532414563635,1.5611671619872274
933,0.2622320091441427,1.2779717669392343,4.629520060920479
934,-0.3443704814054416,-2.1480569500460542,-1.8023302326440769
935,-0.2718040979906858,-0.7532998283430289,2.424062907951417
936,-1.3126595507895806,-0.6403473644314375,-3.5135233599522726
937,0.2261171139411575,-0.2061481135395724,3.521191429684994
938,1.14410476551306,-0.483751857903069,2.561919033120043
939,1.7559809125725852,2.3435895296161875,3.3469435868600805
940,2.0006349169667548,1.9986283188907832,-2.127019538879118
941,-1.7233391660996076,-0.077175185825143,-0.905348520689837
942,-1.5970879778523293,2.4480819549248345,-2.0428803928003068
943,-1.447978255554087,-2.974715888573553,2.228851439136272
944,-1.0787109793813312,-2.047379830501813,-6.012322198506382
945,-0.3845930344298711,-0.2377487745761208,1.578431993691129
946,2.121125636507227,1.6725314656995027,1.2975519181307424
947,1.0224176662154831,2.1271048039257083,1.485895614468268
948,0.5737211660649517,1.744910771865761,5.283976268602289
949,-2.530759480991223,-0.2294659101497244,1.812462465217717
950,3.2485931233648917,1.0676338760750212,-0.6882551292265842
951,1.780865226006863,1.104170005488382,2.2334353054364
952,-0.7670384492996002,-0.6678544390068675,-0.31917981143098384
953,1.0187593898358032,1.2928140380219255,-2.768922571769814
954,2.9971956613414914,-0.45286798891601254,0.9285096672306568
955,1.5642213833340437,-1.0188407703522195,1.5549549229324309
956,-4.173414823560202,3.2067894825024434,1.2579198698657277
957,1.689550439055604,-0.4040502365348473,3.9719370781394403
958,1.8138640437286293,-1.3386846450007872,-5.4188087952974655
959,-0.5402466370558402,2.7237440231501777,-1.0905999878458061
960,-0.0354592152317445,2.551950373364581,0.7933193519288341
961,-2.5562302037691342,-0.8839547017522096,-3.3038372912272207
962,0.7585531306359885,-4.541630615076241,1.5351481801703613
963,0.6318680273905561,0.5659543821817103,-2.0022145686254564
964,1.145745667707723,-4.015210586088411,-2.138179945784155
965,1.13931136700919,6.094471519593786,0.13313247617686624
966,-0.7446981159152601,1.2826180175324298,1.4775352936917383
967,-0.1508266356088338,1.1829131331841956,0.4301729799430211
968,0.7575476143913845,-0.9367751454599414,0.0566322408285131
969,0.208331335182793,2.098975113796981,4.109388832807833
970,0.7920752020749948,-4.208611358432,0.659876075220565
971,2.3696408408322003,1.238440449147837,2.0414078254686414
972,0.7227778632902031,-0.5250804520231522,-1.190997242422326
973,0.6857789586627168,1.8037242896807524,2.672630683236629
974,-0.8824343439107203,-1.2136421745095978,-1.589822702586805
975,-0.8287539483603793,-0.6148550726272137,0.2397871022203329
976,-1.656590642079626,3.017411975226885,-0.48151850699178755
977,0.5588978592833453,-1.675981103710697,-1.777941429663362
978,-0.3397015031760716,0.1985864015238622,1.8927183513901311
979,0.5003569883977874,2.0180481090068043,0.47943727686391946
980,0.6379324859277608,-4.29237158667105,-0.4506329074845363
981,-1.8083245721165373,-0.9865106977013872,-0.9782337652602264
982,-0.1437889843416719,0.7672363724094902,2.505321243529897
983,1.823901391246909,0.38823468271954953,-1.5002727932800939
984,-0.0409556204060648,-0.9131937805971656,0.3490830102167748
985,-0.3815608412199359,-1.7536787930881526,-2.540482528999992
986,-1.768581854748275,-3.178499482097321,-2.003490709735602
987,-1.109051687448293,-1.373665397305328,-1.8426146801456187
988,1.3171358067516348,-1.0349619973010555,-0.38449747443797744
989,0.3583465150241904,-2.0939801727335983,-1.5373916279650277
990,-0.9020168917826948,1.6111285423467885,0.3449201414224943
991,-0.3287934558199665,3.5506696021275364,-0.028265018618653603
992,2.632187661787709,4.736994342288747,-1.3848590951507351
993,-0.7793687260292417,-1.011633380977413,-2.82547592961609
994,-1.4829325365284958,0.5886450957562587,3.2256614864910733
995,-0.4639643233665781,3.5328841410852103,-0.872509521763985
996,-0.0197476147372714,-2.1735464797478703,1.024532707960762
997,0.9942855978196264,-0.3600506916775898,-1.943625474090373
998,0.7689605663323661,-1.9673573343344124,-0.907543798317622
999,1.2762242387817868,0.7770213435821235,2.014459117020754
1000,0.2232167999437927,-5.801700068617858,1.6999916529867694
1001,-0.9601096999688769,0.2142842352218454,0.9738397035320034
1002,-0.1792261614365164,0.048302536647847116,0.2883918348524959
1003,0.4914438037365852,5.708691297778067,4.205559413498049
1004,0.4375750696879931,-1.7737136815891943,-3.558433413406914
1005,1.084455335585442,2.3654108569712973,1.197834083665403
1006,-2.537123619943093,-2.90604135328364,-0.7525637036729543
1007,0.2589345944363054,1.762590492631799,0.43263517962767517
1008,-0.6147568489518409,0.543172295295427,-0.0844458522506395
1009,-2.4252776947855788,1.7844895667484315,0.9281755001389456
1010,-1.7611931704574313,-2.639944986668161,-0.5734310943340966
1011,0.2483233678086129,-1.5446485593565988,1.0150694161289513
1012,3.987130404661624,0.4556093743205432,3.14374373684964
1013,-2.04046261661141,-1.1370422705080394,0.850316797266378
1014,0.9834240837025218,3.629112110830981,1.6710398772043396
1015,0.7347342759566368,-0.9856749037376229,-2.1212967476973477
1016,1.0584842418783995,-1.9327951206202076,-3.433020130646942
1017,1.968734135429256,1.175687510951705,2.265827309158268
1018,0.3747616011240851,-0.1742709997391301,-1.2829548246516937
1019,-0.3864512111964583,-1.5697655052481134,-2.146749167145741
1020,-2.3193129175069265,-0.4200106683584951,1.783668589657672
1021,0.3534462424850447,-2.5645637665244694,-1.8664867441692563
1022,2.5009454915650107,-6.246822742790011,-3.017487976836838
1023,0.2726132677899369,-1.7796742976098117,2.718605722664697
1024,-0.5454116583769736,-2.9893767922012087,-3.201277666594762
1025,0.974625594007604,3.1295678334008916,1.6041627272839576
1026,2.3285702249062865,-1.1632268271988042,6.360213580298143
1027,1.0963682338401686,3.275351948702236,-4.675423283744318
1028,-0.6248863983725536,1.8962932479419785,3.6943452394096985
1029,1.8077042803603625,-0.6252155728315281,-4.502739897162198
1030,-0.5423986144143321,-0.7813717294494517,-0.9199995814991678
1031,1.646638515351411,4.033663646528656,1.329006627368892
1032,1.52167719646539,1.0683789024545032,0.5759706797993889
1033,0.7967704909802008,-1.1918329503585274,-0.4010539795110829
1034,1.593374253237574,1.5211984999954944,-2.464064396213931
1035,1.5661741282570996,-0.9976312506434089,1.6182812438956384
1036,1.7831300782968256,-0.4419074804779828,0.176051812836731
1037,1.8806476960812413,-4.152132075025357,2.860893388445934
1038,0.4334767784009301,3.421705802442074,2.379097033171824
1039,-0.4591760329815046,0.19001325291244475,-5.079909518202822
1040,3.535692959903649,-2.8171843876064386,4.500513095850357
1041,0.6700528779079197,1.591727023604624,1.0415352365439985
1042,-0.3788845624102425,-1.3235812370412583,-1.406763687996432
1043,-0.1079485217106339,-6.47640371227206,1.068864926255781
1044,1.0570574035013245,-1.104752502425457,-1.1392054830796021
1045,-1.3373708159536948,-4.40079313070569,-4.52787840161986
1046,1.3109978631589356,-0.6786565944340205,3.509609502711248
1047,-1.5721780321662653,1.5867703018975656,4.5415170634920115
1048,0.2688994729252973,1.3339322555129798,-1.269398320255401
1049,-0.7493538157840482,0.5714307308635653,-0.2364243532468352
1050,1.0465616677177385,-0.8372693849499604,1.5420562613598656
1051,-0.302040237255591,0.1681609487868824,3.8786257804013498
1052,0.7889484896312514,1.1439933102921618,0.59929576236244
1053,-0.055605631753187,-1.4980023705153482,-1.9227710073623474
1054,1.001205218093518,-2.089119191328569,-0.010081850356235655
1055,2.804493986444053,-0.30811959248095044,-3.1968916366515816
1056,-1.3751067653343436,-2.825269688545428,-4.887760696544408
1057,0.2985327670677773,2.3543563757767987,6.2544228676843865
1058,-1.191529240063073,0.2409178751474145,-2.37317303193974
1059,1.124271144522766,1.7783382553083589,-0.9066105783637404
1060,0.7007900096940276,-0.7365969687954019,-2.7178968393026546
1061,0.472873825037057,0.7487032901752164,-0.3037452489142889
1062,0.1432198519637013,-0.901004209016757,-1.9611479620328895
1063,2.47304345284679,-1.9614685691821918,1.8087831276783608
1064,0.6653835661465163,0.2479858683744697,1.9461892058734724
1065,0.7778880585628785,-1.6104759797314083,0.1846914930554152
1066,2.0514785498809136,2.632841479228623,2.717012973709867
1067,1.0809639864645562,-5.555609396789606,-0.8961680607513717
1068,-0.772648154080439,0.8151441501245503,0.597056808962608
1069,3.1340944443082352,0.21617310703459092,-3.1505068434418466
1070,-0.2549111805028582,1.339124162542597,2.393986082907282
1071,3.11549113170178,0.8075304936303249,-5.230084152340571
1072,-1.0302347412552515,-0.8364985841199069,-3.695165680175722
1073,0.959423249929776,3.7276865316559142,0.8281637768195961
1074,-0.3100694438136393,2.842973170676185,0.18422447430627376
1075,-0.2135662570876395,-0.3186137660515669,1.2670103710130594
1076,-1.6336293034089515,-1.9122120418395037,-2.426057210146756
1077,0.0771633329862586,2.352544733643413,4.003277868926751
1078,0.9830636042355814,1.6662104705971097,-0.4280685675035969
1079,1.034331197126397,0.5028921920082888,0.8072053623455286
1080,2.9635418266972406,5.30663270396904,0.30248230911428065
1081,0.3363863267641733,-0.9863268075798937,-0.6192868951173349
1082,0.1071709486704897,2.2153005458571524,-0.11462559744124157
1083,1.823732884477423,1.7420477560995438,4.119739967657374
1084,0.8816486239857374,0.2550316424487284,1.6925250908280252
1085,-2.720522389086285,-0.7595127950263927,-0.5653091649747188
1086,-0.2229722176253218,0.4747951145826305,-1.005472935638093
1087,0.7519906808254675,-0.5306021861427971,0.003846823382432474
1088,-0.7025426508981796,-0.4684669529959189,-2.426313153598351
1089,1.8266027461996968,1.6570858506647566,6.055285822418522
1090,1.0827947344698403,-1.1392048256715204,0.1908686340440623
1091,2.8116752911131293,5.936714428107189,1.8281693476540113
1092,2.735246871066036,0.25908870093960634,8.8218939130035
1093,0.1086107984749367,2.393775241304247,2.8854423420195987
1094,-3.691743946492391,-1.0874526223513146,2.307180332010588
1095,-1.4844386185515484,2.074100277456353,1.462469655429553
1096,-2.176704802118404,-1.9143710027780017,-2.777074126330108
1097,1.4540050478012212,4.174166409617756,-0.730564773991611
1098,-0.8740769799510437,2.701383724651035,3.095431552177392
1099,0.5533006297851083,3.141442084292322,3.519778434278111
1100,1.457694615071724,1.5185662576739092,0.748841644738794
1101,-1.605361453791094,-1.2085131095027233,-1.9126836675855976
1102,1.210018829408515,-1.3525842069695315,0.9859193531879822
1103,-0.7267206218771851,2.027531902445656,-2.8677345945595505
1104,2.245900904408261,1.560306354728343,2.193110590623175
1105,1.3579606953780583,1.453506625965768,-3.791814984519903
1106,1.1316649437377109,4.3454726915044715,7.6974084385892105
1107,1.127331794539783,-2.0958111102647328,1.8103861712920293
1108,-1.85187363970474,-1.3367202739496424,-0.4895528847930995
1109,2.8152256538632456,-1.390080358310942,9.793616453891183
1110,1.6099452913179313,1.963547121688272,-2.1620568923695953
1111,2.477529234363641,-4.800717741263964,0.1612749608815302
1112,-3.5733076685548077,0.4615903594890317,1.7760678688964613
1113,-0.5482560354315302,0.4557831172931467,0.3666265390097144
1114,-1.8897837638397577,-4.841684831182567,-3.0526381303038517
1115,-0.3942881399673241,1.5186723713267956,-5.346754641999648
1116,0.8650457584073543,0.8545326617448552,0.8366408862473278
1117,0.7816330723096545,-0.3402735320360463,-1.49225800790253
1118,4.629186511791257,-5.744944200668069,-5.863446172229776
1119,-1.2041938951012223,-1.92123992556196,-3.96274748334124
1120,1.5076512431858808,-2.326979008193335,-3.3890805752791167
1121,2.556534323344596,2.6248695426397064,-0.9884423739252806
1122,1.271001520407084,-2.530148479927754,-1.4168151302779388
1123,0.5244010517480555,-1.6317230813300323,-0.1556649581711338
1124,1.3751080250950034,1.1657671365109534,-2.6359370755830303
1125,-0.0585277221460922,-0.9412572349324688,-1.946265149812639
1126,0.1367698811623371,-0.11981962719662065,0.025069514256442438
1127,-1.1571292303609648,-0.8982174938509189,0.3875818765298319
1128,0.9615074770633492,-0.8339885501771772,0.2600380114090331
1129,2.1756819656527187,2.8025921084358,2.90862079541246
1130,0.0878970140277045,3.321234781062859,-1.8361871173129694
1131,1.7970859097317755,5.115057589530431,5.771797502109438
1132,-3.273464881037929,-1.0891523884378036,-1.7466552347648536
1133,2.555181138220973,1.4223145360668217,-2.5337848166068153
1134,0.5729842465759261,-0.886095096108092,1.276183343939557
1135,-0.5958778889746263,1.8502184343825057,1.181832499424171
1136,0.4068818824747796,-1.568965198410175,-0.1337650099871584
1137,-1.385321379927804,-0.9876866810127534,1.079226506047375
1138,0.4100067322471161,-1.7341399096447012,-1.3641298949352265
1139,-1.876235172069928,-2.0610214239506464,0.8437354646850295
1140,-0.916366884561628,0.1432415402637593,-0.6216021486959544
1141,0.2169187855272881,3.3066513686478163,1.6414401201325743
1142,0.5867128283423175,-3.9194304449138464,1.7551765918033626
1143,-1.4412835064025362,-1.5968360495768792,-0.8553299788952357
1144,0.7207304286410529,5.424946332224711,-0.8118311013609949
1145,1.4100000278908498,2.3877633918725323,2.3128866026376094
1146,1.703939159484779,2.7813146507956183,0.45174672982210945
1147,1.5871963937252362,-6.466699971177901,3.197110356152275
1148,1.4824088378286562,1.7764539839047941,-2.138865430923339
1149,2.3535678246502947,-3.8068326174871068,-2.6154861154494027
1150,-1.1961951677187703,-2.3201032961122348,0.1721939715272432
1151,2.581199865871646,1.8065086340294008,1.875637088321342
1152,1.7350108266427329,2.8747705618131745,2.2827054295739173
1153,-0.5638043869774896,1.7437804549467602,2.8479637732428977
1154,3.260128665254812,-0.48753623496703047,0.08261452775934391
1155,0.3423931037539527,-0.8038461316057384,4.176791595958158
1156,-1.5398282905539076,-2.305811826419152,-1.8944134988114472
1157,0.4865078084062277,3.7996771577505535,-1.0306496143461414
1158,2.1160092541487403,-3.279851148849046,3.1252462148052347
1159,-0.1251029095563938,-1.275004983212518,0.1889448071507316
1160,0.9565145669963698,-1.7378240247948769,3.8662055383355303
1161,0.9198133207326482,-1.9968198030123125,2.400123853359063
1162,-0.3448234082552923,-0.5087989261730499,-2.9172527655400424
1163,-0.6080265355955422,0.2204778873858183,-2.024005994276808
1164,-1.5536950340730202,1.4851895637739516,0.3225604651857841
1165,-0.805869852115495,0.5310606223572362,2.2314960765819065
1166,2.5827190995207827,-2.7755064447688973,-6.73695215441376
1167,4.058355228500473,1.377219619455439,-1.0737034679191217
1168,0.8733273967181543,-6.2270564430467505,-0.5410590768599408
1169,-0.4156728418036641,-1.514815101506434,-0.8514344337345705
1170,1.0008171215899184,7.557529431610177,1.6145005604085987
1171,1.9672372796058852,-6.50138018228299,-3.705020769089578
1172,0.6505172547447606,2.8271534459669763,0.37134366941576025
1173,-1.5634755577559578,-3.262001464389987,-1.7444812076934533
1174,-1.7270494224185793,-2.5522916851492115,0.4642428134280374
1175,-0.5594599146399083,-0.3646866416453125,-2.9990477412895444
1176,-0.2888216635764402,0.9559369432199264,-1.7887511065888688
1177,-0.4495489906816319,4.00494201547105,4.055172929938184
1178,-1.169598987255691,0.5844393683159672,-2.0326119837909156
1179,-2.479191295447513,-1.5919233325753341,-1.3994963141071273
1180,0.8563718451725083,-1.798325289727969,-0.6025672325777137
1181,0.3929732955645706,-2.141947185374571,2.6277835026852623
1182,-0.9286508541882078,-0.379761594668523,-3.277955864002939
1183,3.1665423999493667,-4.179032347713604,-3.4410659147193536
1184,-1.2076473674473986,-2.625084139976405,-3.3985025184315587
1185,-0.4408083668179886,2.342354083636455,-3.5494038004785597
1186,1.1912948749568353,4.268012283688167,-1.5186181323229573
1187,-0.6491856555434675,0.9002066061770715,-6.091329240919831
1188,1.3670926110412271,4.727887644313634,2.5264277371778343
1189,1.6985900496936208,0.9101658988553284,2.964560094452434
1190,-0.995464447110713,-3.616334660379761,-2.0506051121317626
1191,0.8279596233595927,-1.1544633361642882,-2.717246985816954
1192,1.2021684546947886,1.169257374951768,1.958166873842906
1193,3.463448792141887,4.537774844681503,-0.9587787026613512
1194,0.403671719109608,2.09362520234866,-1.3369295977932545
1195,-0.7174713036976303,1.6110184384415356,-1.34907983146471
1196,2.156049892369428,-3.048068491767396,4.278375388317082
1197,0.7452586064548395,-0.1957568790814083,1.5430952503345234
1198,-0.290631093839124,3.026519111413521,-0.7195928705741439
1199,-1.8945273231878512,-0.7778854047688155,1.269280354565616
1200,-0.6804627104934966,-3.1533779173125813,-0.0550292266538645
