ID,timepoint,posterior_mean,posterior_se,ci_2_5,ci_97_5
2,Y_t3,3.7726316579679366,,3.7726316579679366,3.7726316579679366
3,Y_t3,3.00699487767392,,3.00699487767392,3.00699487767392
4,Y_t2,2.0456872645169524,,2.0456872645169524,2.0456872645169524
4,Y_t3,-0.20073797900136636,,-0.20073797900136636,-0.20073797900136636
5,Y_t2,1.4319968595288095,,1.4319968595288095,1.4319968595288095
5,Y_t3,1.3576512704167607,,1.3576512704167607,1.3576512704167607
6,Y_t2,-1.153221026182348,,-1.153221026182348,-1.153221026182348
6,Y_t3,-2.256887926955828,,-2.256887926955828,-2.256887926955828
8,Y_t3,4.431629373549621,,4.431629373549621,4.431629373549621
9,Y_t3,-0.2087936869417497,,-0.2087936869417497,-0.2087936869417497
10,Y_t3,-2.9662338434748623,,-2.9662338434748623,-2.9662338434748623
11,Y_t3,-0.7618520282504968,,-0.7618520282504968,-0.7618520282504968
13,Y_t2,0.3399788707318585,,0.3399788707318585,0.3399788707318585
13,Y_t3,-1.3155475218317132,,-1.3155475218317132,-1.3155475218317132
14,Y_t2,-0.5595432550611987,,-0.5595432550611987,-0.5595432550611987
14,Y_t3,-1.9978710481675486,,-1.9978710481675486,-1.9978710481675486
15,Y_t2,1.5497272614670483,,1.5497272614670483,1.5497272614670483
15,Y_t3,3.2924842513350607,,3.2924842513350607,3.2924842513350607
16,Y_t2,-1.3119160720617022,,-1.3119160720617022,-1.3119160720617022
16,Y_t3,2.784969668357259,,2.784969668357259,2.784969668357259
17,Y_t2,-2.540964065422568,,-2.540964065422568,-2.540964065422568
17,Y_t3,1.2418876332992452,,1.2418876332992452,1.2418876332992452
18,Y_t2,2.0530380623597724,,2.0530380623597724,2.0530380623597724
18,Y_t3,-2.7172894422225062,,-2.7172894422225062,-2.7172894422225062
19,Y_t2,2.8440998950695917,,2.8440998950695917,2.8440998950695917
19,Y_t3,2.609212887069501,,2.609212887069501,2.609212887069501
20,Y_t3,-3.767821059028854,,-3.767821059028854,-3.767821059028854
21,Y_t2,0.4291346728188088,,0.4291346728188088,0.4291346728188088
21,Y_t3,-1.7178888894557582,,-1.7178888894557582,-1.7178888894557582
22,Y_t2,-0.28074211214586686,,-0.28074211214586686,-0.28074211214586686
22,Y_t3,-1.513028997736067,,-1.513028997736067,-1.513028997736067
24,Y_t2,0.32940288815751895,,0.32940288815751895,0.32940288815751895
24,Y_t3,0.8253301883271068,,0.8253301883271068,0.8253301883271068
27,Y_t2,0.7407154092019557,,0.7407154092019557,0.7407154092019557
27,Y_t3,0.9724378711685391,,0.9724378711685391,0.9724378711685391
29,Y_t2,4.721440688549853,,4.721440688549853,4.721440688549853
29,Y_t3,-5.576421491429814,,-5.576421491429814,-5.576421491429814
35,Y_t2,-0.6688571511349477,,-0.6688571511349477,-0.6688571511349477
35,Y_t3,2.441901856895578,,2.441901856895578,2.441901856895578
36,Y_t2,6.469580015501742,,6.469580015501742,6.469580015501742
36,Y_t3,4.891581636691455,,4.891581636691455,4.891581636691455
38,Y_t3,-3.9151300951099985,,-3.9151300951099985,-3.9151300951099985
44,Y_t3,-0.03209722543934246,,-0.03209722543934246,-0.03209722543934246
45,Y_t2,-0.2431199850652126,,-0.2431199850652126,-0.2431199850652126
45,Y_t3,1.794457197709099,,1.794457197709099,1.794457197709099
46,Y_t2,0.7386019129739964,,0.7386019129739964,0.7386019129739964
46,Y_t3,3.8438585556199305,,3.8438585556199305,3.8438585556199305
48,Y_t3,-2.127227923406062,,-2.127227923406062,-2.127227923406062
49,Y_t2,4.717760899190385,,4.717760899190385,4.717760899190385
49,Y_t3,1.413660129619593,,1.413660129619593,1.413660129619593
50,Y_t2,4.142279448974797,,4.142279448974797,4.142279448974797
50,Y_t3,0.380605028716319,,0.380605028716319,0.380605028716319
52,Y_t2,1.126940493105797,,1.126940493105797,1.126940493105797
52,Y_t3,2.599290538019844,,2.599290538019844,2.599290538019844
53,Y_t2,-2.6739431932804187,,-2.6739431932804187,-2.6739431932804187
53,Y_t3,0.3071310008417834,,0.3071310008417834,0.3071310008417834
54,Y_t2,-1.9740938222151272,,-1.9740938222151272,-1.9740938222151272
54,Y_t3,0.4437421460839859,,0.4437421460839859,0.4437421460839859
56,Y_t2,-0.633360483028389,,-0.633360483028389,-0.633360483028389
56,Y_t3,8.697597104839758,,8.697597104839758,8.697597104839758
57,Y_t2,1.0251346370289105,,1.0251346370289105,1.0251346370289105
57,Y_t3,4.487982106141327,,4.487982106141327,4.487982106141327
58,Y_t2,3.3162634912455022,,3.3162634912455022,3.3162634912455022
58,Y_t3,2.3627611172590592,,2.3627611172590592,2.3627611172590592
59,Y_t2,1.5281792621913732,,1.5281792621913732,1.5281792621913732
59,Y_t3,3.438976707910105,,3.438976707910105,3.438976707910105
63,Y_t2,0.9628811915776114,,0.9628811915776114,0.9628811915776114
63,Y_t3,-2.585913320024132,,-2.585913320024132,-2.585913320024132
64,Y_t3,3.6102732462639784,,3.6102732462639784,3.6102732462639784
65,Y_t3,2.619612677020337,,2.619612677020337,2.619612677020337
66,Y_t3,-2.8186412962954415,,-2.8186412962954415,-2.8186412962954415
67,Y_t2,3.4827545421955555,,3.4827545421955555,3.4827545421955555
67,Y_t3,-0.7375557572029727,,-0.7375557572029727,-0.7375557572029727
68,Y_t2,-3.7965613121225013,,-3.7965613121225013,-3.7965613121225013
68,Y_t3,0.7948629779592847,,0.7948629779592847,0.7948629779592847
70,Y_t2,2.116839052087508,,2.116839052087508,2.116839052087508
70,Y_t3,0.842734557059156,,0.842734557059156,0.842734557059156
71,Y_t2,0.9028836445487278,,0.9028836445487278,0.9028836445487278
71,Y_t3,2.410466351840446,,2.410466351840446,2.410466351840446
72,Y_t3,2.6202260680878684,,2.6202260680878684,2.6202260680878684
73,Y_t2,2.478798771531509,,2.478798771531509,2.478798771531509
73,Y_t3,-0.48563713799255565,,-0.48563713799255565,-0.48563713799255565
77,Y_t3,3.9393318403176467,,3.9393318403176467,3.9393318403176467
79,Y_t3,0.7711272633724188,,0.7711272633724188,0.7711272633724188
81,Y_t2,3.0030669154625524,,3.0030669154625524,3.0030669154625524
81,Y_t3,-2.208790560702825,,-2.208790560702825,-2.208790560702825
83,Y_t3,3.194570090282225,,3.194570090282225,3.194570090282225
84,Y_t2,-1.8844409281132053,,-1.8844409281132053,-1.8844409281132053
84,Y_t3,-4.945580305818107,,-4.945580305818107,-4.945580305818107
86,Y_t3,-4.188807647982145,,-4.188807647982145,-4.188807647982145
89,Y_t3,-2.400535860503076,,-2.400535860503076,-2.400535860503076
91,Y_t3,4.255411515906818,,4.255411515906818,4.255411515906818
94,Y_t2,-0.7651873625402192,,-0.7651873625402192,-0.7651873625402192
94,Y_t3,1.2665445474433055,,1.2665445474433055,1.2665445474433055
95,Y_t2,1.0975549519491632,,1.0975549519491632,1.0975549519491632
95,Y_t3,-1.9450210840451108,,-1.9450210840451108,-1.9450210840451108
96,Y_t3,-8.53786113267776,,-8.53786113267776,-8.53786113267776
97,Y_t3,-0.6125882056733276,,-0.6125882056733276,-0.6125882056733276
98,Y_t3,2.4771072580335542,,2.4771072580335542,2.4771072580335542
99,Y_t3,1.6199481602918064,,1.6199481602918064,1.6199481602918064
100,Y_t2,0.5199198605878266,,0.5199198605878266,0.5199198605878266
100,Y_t3,-1.4714806448496895,,-1.4714806448496895,-1.4714806448496895
101,Y_t2,1.3126557317502112,,1.3126557317502112,1.3126557317502112
101,Y_t3,-1.006383981831326,,-1.006383981831326,-1.006383981831326
102,Y_t3,-3.4189869773312704,,-3.4189869773312704,-3.4189869773312704
103,Y_t2,2.732675012271387,,2.732675012271387,2.732675012271387
103,Y_t3,-2.9885791815346323,,-2.9885791815346323,-2.9885791815346323
104,Y_t2,1.8179335115849382,,1.8179335115849382,1.8179335115849382
104,Y_t3,10.504683693725704,,10.504683693725704,10.504683693725704
105,Y_t2,-2.6550766774029215,,-2.6550766774029215,-2.6550766774029215
105,Y_t3,-1.2129349258121356,,-1.2129349258121356,-1.2129349258121356
107,Y_t3,0.3317347920252039,,0.3317347920252039,0.3317347920252039
108,Y_t3,-2.5884346120958717,,-2.5884346120958717,-2.5884346120958717
109,Y_t2,-7.921360429310278,,-7.921360429310278,-7.921360429310278
109,Y_t3,1.0602658273468153,,1.0602658273468153,1.0602658273468153
112,Y_t2,3.4954589207971267,,3.4954589207971267,3.4954589207971267
112,Y_t3,-5.163457220520344,,-5.163457220520344,-5.163457220520344
113,Y_t2,-1.4191287508344161,,-1.4191287508344161,-1.4191287508344161
113,Y_t3,3.3073124666635896,,3.3073124666635896,3.3073124666635896
114,Y_t2,0.16778679471872826,,0.16778679471872826,0.16778679471872826
114,Y_t3,2.5413398662947295,,2.5413398662947295,2.5413398662947295
115,Y_t3,0.3416786480074623,,0.3416786480074623,0.3416786480074623
118,Y_t3,-3.7714348129817123,,-3.7714348129817123,-3.7714348129817123
119,Y_t2,0.4707322348097782,,0.4707322348097782,0.4707322348097782
119,Y_t3,0.6565374580439514,,0.6565374580439514,0.6565374580439514
120,Y_t2,-1.1206536632443327,,-1.1206536632443327,-1.1206536632443327
120,Y_t3,-3.264462452378463,,-3.264462452378463,-3.264462452378463
121,Y_t3,6.054023388553992,,6.054023388553992,6.054023388553992
123,Y_t3,1.6073285034413323,,1.6073285034413323,1.6073285034413323
125,Y_t2,0.9229197827400109,,0.9229197827400109,0.9229197827400109
125,Y_t3,5.53097652761519,,5.53097652761519,5.53097652761519
127,Y_t3,-2.194476169262072,,-2.194476169262072,-2.194476169262072
128,Y_t2,2.516500323676111,,2.516500323676111,2.516500323676111
128,Y_t3,1.4105891455441886,,1.4105891455441886,1.4105891455441886
129,Y_t3,1.1900905182107362,,1.1900905182107362,1.1900905182107362
131,Y_t3,2.4915119334251066,,2.4915119334251066,2.4915119334251066
133,Y_t2,2.278641921018203,,2.278641921018203,2.278641921018203
133,Y_t3,-1.2145244096897811,,-1.2145244096897811,-1.2145244096897811
134,Y_t2,-0.1186517537063807,,-0.1186517537063807,-0.1186517537063807
134,Y_t3,0.7910768789790108,,0.7910768789790108,0.7910768789790108
136,Y_t2,0.9039155220883225,,0.9039155220883225,0.9039155220883225
136,Y_t3,-3.260352431931922,,-3.260352431931922,-3.260352431931922
137,Y_t3,-4.409332855326167,,-4.409332855326167,-4.409332855326167
138,Y_t2,0.35900231341512195,,0.35900231341512195,0.35900231341512195
138,Y_t3,-3.552386330185904,,-3.552386330185904,-3.552386330185904
139,Y_t2,0.09914895760079423,,0.09914895760079423,0.09914895760079423
139,Y_t3,-1.5515979864215828,,-1.5515979864215828,-1.5515979864215828
140,Y_t3,3.36361523377354,,3.36361523377354,3.36361523377354
141,Y_t2,4.468984997693788,,4.468984997693788,4.468984997693788
141,Y_t3,-1.3861824470865978,,-1.3861824470865978,-1.3861824470865978
142,Y_t2,2.3622722094835744,,2.3622722094835744,2.3622722094835744
142,Y_t3,-1.0649037380246218,,-1.0649037380246218,-1.0649037380246218
143,Y_t2,4.3243228107312754,,4.3243228107312754,4.3243228107312754
143,Y_t3,-0.10975437606133742,,-0.10975437606133742,-0.10975437606133742
144,Y_t3,0.2254440111836104,,0.2254440111836104,0.2254440111836104
145,Y_t2,1.2238199715677607,,1.2238199715677607,1.2238199715677607
145,Y_t3,1.4181495941878142,,1.4181495941878142,1.4181495941878142
147,Y_t3,-1.3819120078287366,,-1.3819120078287366,-1.3819120078287366
149,Y_t3,-0.20751226290777997,,-0.20751226290777997,-0.20751226290777997
150,Y_t2,-0.29726428642134284,,-0.29726428642134284,-0.29726428642134284
150,Y_t3,-2.3893558456487343,,-2.3893558456487343,-2.3893558456487343
151,Y_t2,1.3236499896555833,,1.3236499896555833,1.3236499896555833
151,Y_t3,2.412101494732747,,2.412101494732747,2.412101494732747
152,Y_t2,1.8645574324329048,,1.8645574324329048,1.8645574324329048
152,Y_t3,-1.6972819729768365,,-1.6972819729768365,-1.6972819729768365
156,Y_t2,-1.5830150893830588,,-1.5830150893830588,-1.5830150893830588
156,Y_t3,-1.1473643715087567,,-1.1473643715087567,-1.1473643715087567
160,Y_t2,-2.8361697013550424,,-2.8361697013550424,-2.8361697013550424
160,Y_t3,-0.9448769607017001,,-0.9448769607017001,-0.9448769607017001
161,Y_t2,-4.070293723738056,,-4.070293723738056,-4.070293723738056
161,Y_t3,-1.7144415151317658,,-1.7144415151317658,-1.7144415151317658
162,Y_t2,-3.1952166123979633,,-3.1952166123979633,-3.1952166123979633
162,Y_t3,2.474191253001387,,2.474191253001387,2.474191253001387
163,Y_t2,2.2896996557566958,,2.2896996557566958,2.2896996557566958
163,Y_t3,-1.5668592073939869,,-1.5668592073939869,-1.5668592073939869
164,Y_t2,0.4698714022226922,,0.4698714022226922,0.4698714022226922
164,Y_t3,-1.3079289117521387,,-1.3079289117521387,-1.3079289117521387
165,Y_t2,0.7813615817242602,,0.7813615817242602,0.7813615817242602
165,Y_t3,-1.494192076182416,,-1.494192076182416,-1.494192076182416
167,Y_t2,-8.330518640147274,,-8.330518640147274,-8.330518640147274
167,Y_t3,-1.103113951958891,,-1.103113951958891,-1.103113951958891
170,Y_t3,-3.0320506736470465,,-3.0320506736470465,-3.0320506736470465
172,Y_t3,-2.787182238791804,,-2.787182238791804,-2.787182238791804
173,Y_t2,-4.187777732955128,,-4.187777732955128,-4.187777732955128
173,Y_t3,-7.87524442594136,,-7.87524442594136,-7.87524442594136
176,Y_t2,-0.5878370042954231,,-0.5878370042954231,-0.5878370042954231
176,Y_t3,1.8449361185096096,,1.8449361185096096,1.8449361185096096
177,Y_t3,-6.1471338957281745,,-6.1471338957281745,-6.1471338957281745
178,Y_t2,0.5911719548017431,,0.5911719548017431,0.5911719548017431
178,Y_t3,-1.6718710167903525,,-1.6718710167903525,-1.6718710167903525
179,Y_t2,-1.2419035414139281,,-1.2419035414139281,-1.2419035414139281
179,Y_t3,0.44205557372257387,,0.44205557372257387,0.44205557372257387
180,Y_t3,-0.5293122357623733,,-0.5293122357623733,-0.5293122357623733
182,Y_t2,-1.6622197718782994,,-1.6622197718782994,-1.6622197718782994
182,Y_t3,-0.6592389859193387,,-0.6592389859193387,-0.6592389859193387
183,Y_t3,0.6906112058990287,,0.6906112058990287,0.6906112058990287
185,Y_t2,4.076269633486122,,4.076269633486122,4.076269633486122
185,Y_t3,1.9525950471017264,,1.9525950471017264,1.9525950471017264
187,Y_t2,1.3466261446086891,,1.3466261446086891,1.3466261446086891
187,Y_t3,2.955446300419461,,2.955446300419461,2.955446300419461
189,Y_t2,7.08281204787514,,7.08281204787514,7.08281204787514
189,Y_t3,1.717725053579366,,1.717725053579366,1.717725053579366
190,Y_t2,-0.5917314415237369,,-0.5917314415237369,-0.5917314415237369
190,Y_t3,-0.02767000740006098,,-0.02767000740006098,-0.02767000740006098
191,Y_t2,0.8053764867459765,,0.8053764867459765,0.8053764867459765
191,Y_t3,0.8686895156846607,,0.8686895156846607,0.8686895156846607
193,Y_t3,3.220841984937088,,3.220841984937088,3.220841984937088
195,Y_t2,-0.25636554318750904,,-0.25636554318750904,-0.25636554318750904
195,Y_t3,-3.1615254882310104,,-3.1615254882310104,-3.1615254882310104
196,Y_t3,1.7915738351306683,,1.7915738351306683,1.7915738351306683
197,Y_t3,0.46883467041099824,,0.46883467041099824,0.46883467041099824
198,Y_t2,-1.7305681200069074,,-1.7305681200069074,-1.7305681200069074
198,Y_t3,-0.03811510396560602,,-0.03811510396560602,-0.03811510396560602
199,Y_t2,4.817029703973387,,4.817029703973387,4.817029703973387
199,Y_t3,-1.4015060479926786,,-1.4015060479926786,-1.4015060479926786
200,Y_t2,-0.9753426973934156,,-0.9753426973934156,-0.9753426973934156
200,Y_t3,1.1883972174454693,,1.1883972174454693,1.1883972174454693
201,Y_t2,-1.3000126549185667,,-1.3000126549185667,-1.3000126549185667
201,Y_t3,-1.8509220977548564,,-1.8509220977548564,-1.8509220977548564
202,Y_t3,0.21397033601135784,,0.21397033601135784,0.21397033601135784
203,Y_t2,-0.7360975009789478,,-0.7360975009789478,-0.7360975009789478
203,Y_t3,2.3193052893655484,,2.3193052893655484,2.3193052893655484
204,Y_t2,0.8759832808372485,,0.8759832808372485,0.8759832808372485
204,Y_t3,3.0752894768390315,,3.0752894768390315,3.0752894768390315
205,Y_t2,-0.327668330385365,,-0.327668330385365,-0.327668330385365
205,Y_t3,-0.19170946398006028,,-0.19170946398006028,-0.19170946398006028
207,Y_t3,-1.6395323518834386,,-1.6395323518834386,-1.6395323518834386
209,Y_t2,5.859637249764116,,5.859637249764116,5.859637249764116
209,Y_t3,1.663635719416088,,1.663635719416088,1.663635719416088
212,Y_t3,3.575034904758907,,3.575034904758907,3.575034904758907
213,Y_t2,0.29710153443883225,,0.29710153443883225,0.29710153443883225
213,Y_t3,7.132613309149021,,7.132613309149021,7.132613309149021
214,Y_t2,-3.352246682353613,,-3.352246682353613,-3.352246682353613
214,Y_t3,-0.09974312962327869,,-0.09974312962327869,-0.09974312962327869
215,Y_t2,5.032574386714913,,5.032574386714913,5.032574386714913
215,Y_t3,-4.825781871291246,,-4.825781871291246,-4.825781871291246
217,Y_t2,4.341053374143531,,4.341053374143531,4.341053374143531
217,Y_t3,0.22360080199512844,,0.22360080199512844,0.22360080199512844
220,Y_t2,3.2119546059400577,,3.2119546059400577,3.2119546059400577
220,Y_t3,-1.4452117096748676,,-1.4452117096748676,-1.4452117096748676
223,Y_t3,-2.399592610916292,,-2.399592610916292,-2.399592610916292
225,Y_t2,-1.072694863880895,,-1.072694863880895,-1.072694863880895
225,Y_t3,2.6936550984894905,,2.6936550984894905,2.6936550984894905
227,Y_t2,2.462825271349145,,2.462825271349145,2.462825271349145
227,Y_t3,-1.4236126563131883,,-1.4236126563131883,-1.4236126563131883
228,Y_t2,-2.128004284670191,,-2.128004284670191,-2.128004284670191
228,Y_t3,1.9890395772600686,,1.9890395772600686,1.9890395772600686
229,Y_t2,-4.089707060656787,,-4.089707060656787,-4.089707060656787
229,Y_t3,0.9028627175582067,,0.9028627175582067,0.9028627175582067
230,Y_t2,2.565775757290683,,2.565775757290683,2.565775757290683
230,Y_t3,0.8247661007513226,,0.8247661007513226,0.8247661007513226
231,Y_t3,-1.5081100685107705,,-1.5081100685107705,-1.5081100685107705
232,Y_t2,-1.1815108344918102,,-1.1815108344918102,-1.1815108344918102
232,Y_t3,-1.0192692887298316,,-1.0192692887298316,-1.0192692887298316
233,Y_t2,3.0527128442928806,,3.0527128442928806,3.0527128442928806
233,Y_t3,2.4727399673493338,,2.4727399673493338,2.4727399673493338
234,Y_t3,1.911263711419271,,1.911263711419271,1.911263711419271
235,Y_t2,2.7432923901417214,,2.7432923901417214,2.7432923901417214
235,Y_t3,3.558063518183666,,3.558063518183666,3.558063518183666
236,Y_t3,2.211003462988736,,2.211003462988736,2.211003462988736
237,Y_t2,4.818292303610702,,4.818292303610702,4.818292303610702
237,Y_t3,2.0218431491211506,,2.0218431491211506,2.0218431491211506
238,Y_t2,0.39287334438930654,,0.39287334438930654,0.39287334438930654
238,Y_t3,2.0647935178207937,,2.0647935178207937,2.0647935178207937
239,Y_t3,-0.21689802505469813,,-0.21689802505469813,-0.21689802505469813
240,Y_t2,-4.3324646244279785,,-4.3324646244279785,-4.3324646244279785
240,Y_t3,-0.010999276295712734,,-0.010999276295712734,-0.010999276295712734
244,Y_t3,-1.6796509875401426,,-1.6796509875401426,-1.6796509875401426
245,Y_t2,-1.6485580197920404,,-1.6485580197920404,-1.6485580197920404
245,Y_t3,2.439860932949663,,2.439860932949663,2.439860932949663
247,Y_t2,2.306804936019824,,2.306804936019824,2.306804936019824
247,Y_t3,0.1436102807836206,,0.1436102807836206,0.1436102807836206
248,Y_t3,-1.204926978652949,,-1.204926978652949,-1.204926978652949
250,Y_t2,6.794326029963043,,6.794326029963043,6.794326029963043
250,Y_t3,3.7000249143640227,,3.7000249143640227,3.7000249143640227
252,Y_t2,-0.3487888938805286,,-0.3487888938805286,-0.3487888938805286
252,Y_t3,-0.8215280830481135,,-0.8215280830481135,-0.8215280830481135
255,Y_t3,-1.0517575552856124,,-1.0517575552856124,-1.0517575552856124
257,Y_t2,-4.387838328882789,,-4.387838328882789,-4.387838328882789
257,Y_t3,-4.073832542433022,,-4.073832542433022,-4.073832542433022
258,Y_t2,-0.6124722212225133,,-0.6124722212225133,-0.6124722212225133
258,Y_t3,0.00928739234822975,,0.00928739234822975,0.00928739234822975
259,Y_t3,-0.9799820332243985,,-0.9799820332243985,-0.9799820332243985
260,Y_t2,-0.31635027361868695,,-0.31635027361868695,-0.31635027361868695
260,Y_t3,5.138350431510582,,5.138350431510582,5.138350431510582
262,Y_t2,5.009277365632424,,5.009277365632424,5.009277365632424
262,Y_t3,4.202845944080554,,4.202845944080554,4.202845944080554
263,Y_t3,3.774632626389111,,3.774632626389111,3.774632626389111
265,Y_t2,-2.088548010644475,,-2.088548010644475,-2.088548010644475
265,Y_t3,-0.6528073606239834,,-0.6528073606239834,-0.6528073606239834
266,Y_t3,-6.896906927832722,,-6.896906927832722,-6.896906927832722
268,Y_t3,2.5855849718233905,,2.5855849718233905,2.5855849718233905
269,Y_t2,1.2114578470402004,,1.2114578470402004,1.2114578470402004
269,Y_t3,-0.659821307948024,,-0.659821307948024,-0.659821307948024
270,Y_t2,2.7307955592321567,,2.7307955592321567,2.7307955592321567
270,Y_t3,1.9873740606210075,,1.9873740606210075,1.9873740606210075
272,Y_t3,1.129666247941106,,1.129666247941106,1.129666247941106
273,Y_t2,-0.7117182335071073,,-0.7117182335071073,-0.7117182335071073
273,Y_t3,0.846327953714935,,0.846327953714935,0.846327953714935
276,Y_t2,1.1603575529397445,,1.1603575529397445,1.1603575529397445
276,Y_t3,-2.0426044502202676,,-2.0426044502202676,-2.0426044502202676
277,Y_t3,-2.768034596180142,,-2.768034596180142,-2.768034596180142
286,Y_t3,4.90163428286948,,4.90163428286948,4.90163428286948
288,Y_t2,1.7612946890815897,,1.7612946890815897,1.7612946890815897
288,Y_t3,-2.550147751942557,,-2.550147751942557,-2.550147751942557
289,Y_t2,2.0794468476926946,,2.0794468476926946,2.0794468476926946
289,Y_t3,-0.027527562176378417,,-0.027527562176378417,-0.027527562176378417
290,Y_t2,-7.254076021354307,,-7.254076021354307,-7.254076021354307
290,Y_t3,-1.255092512439409,,-1.255092512439409,-1.255092512439409
291,Y_t3,3.1969988220967016,,3.1969988220967016,3.1969988220967016
292,Y_t2,-2.1283900506192985,,-2.1283900506192985,-2.1283900506192985
292,Y_t3,-0.6241758284078478,,-0.6241758284078478,-0.6241758284078478
293,Y_t2,3.498092207427546,,3.498092207427546,3.498092207427546
293,Y_t3,4.482228918578698,,4.482228918578698,4.482228918578698
294,Y_t2,-0.4284196652660992,,-0.4284196652660992,-0.4284196652660992
294,Y_t3,0.614976808435985,,0.614976808435985,0.614976808435985
295,Y_t3,6.991896635768644,,6.991896635768644,6.991896635768644
296,Y_t2,-0.33480674126932053,,-0.33480674126932053,-0.33480674126932053
296,Y_t3,2.27261553869587,,2.27261553869587,2.27261553869587
297,Y_t2,9.808089667754249,,9.808089667754249,9.808089667754249
297,Y_t3,-5.812806354253184,,-5.812806354253184,-5.812806354253184
298,Y_t3,1.7442116998758745,,1.7442116998758745,1.7442116998758745
299,Y_t3,0.10598064252942277,,0.10598064252942277,0.10598064252942277
300,Y_t3,7.250157346556426,,7.250157346556426,7.250157346556426
302,Y_t3,1.7309824416115984,,1.7309824416115984,1.7309824416115984
304,Y_t2,0.2363962682036207,,0.2363962682036207,0.2363962682036207
304,Y_t3,-1.3045331769732038,,-1.3045331769732038,-1.3045331769732038
305,Y_t2,1.3808559919470156,,1.3808559919470156,1.3808559919470156
305,Y_t3,6.113723260741651,,6.113723260741651,6.113723260741651
306,Y_t3,-0.9096153883020934,,-0.9096153883020934,-0.9096153883020934
308,Y_t2,-3.0363502134390536,,-3.0363502134390536,-3.0363502134390536
308,Y_t3,-1.7561165539085117,,-1.7561165539085117,-1.7561165539085117
309,Y_t3,2.093138474139835,,2.093138474139835,2.093138474139835
311,Y_t2,-4.360125802849966,,-4.360125802849966,-4.360125802849966
311,Y_t3,2.6656874864872218,,2.6656874864872218,2.6656874864872218
313,Y_t2,-0.43480499587882526,,-0.43480499587882526,-0.43480499587882526
313,Y_t3,-2.9843915232795943,,-2.9843915232795943,-2.9843915232795943
314,Y_t2,-0.6106645299553457,,-0.6106645299553457,-0.6106645299553457
314,Y_t3,-0.7556742329296209,,-0.7556742329296209,-0.7556742329296209
315,Y_t2,3.813993297507733,,3.813993297507733,3.813993297507733
315,Y_t3,2.4737525488582923,,2.4737525488582923,2.4737525488582923
317,Y_t2,2.4691790126859456,,2.4691790126859456,2.4691790126859456
317,Y_t3,5.502506722693862,,5.502506722693862,5.502506722693862
319,Y_t3,8.633792159599999,,8.633792159599999,8.633792159599999
320,Y_t3,-2.674731087459584,,-2.674731087459584,-2.674731087459584
321,Y_t3,4.307152858382857,,4.307152858382857,4.307152858382857
322,Y_t2,1.7243865766340274,,1.7243865766340274,1.7243865766340274
322,Y_t3,1.2456006521456089,,1.2456006521456089,1.2456006521456089
323,Y_t3,3.052659213571756,,3.052659213571756,3.052659213571756
326,Y_t3,-3.7192522503325955,,-3.7192522503325955,-3.7192522503325955
328,Y_t2,1.2485911821974054,,1.2485911821974054,1.2485911821974054
328,Y_t3,-0.33330686813633825,,-0.33330686813633825,-0.33330686813633825
329,Y_t2,-1.6581913245586408,,-1.6581913245586408,-1.6581913245586408
329,Y_t3,-1.5469674200238375,,-1.5469674200238375,-1.5469674200238375
330,Y_t2,1.0131069311910503,,1.0131069311910503,1.0131069311910503
330,Y_t3,-2.3991829536903015,,-2.3991829536903015,-2.3991829536903015
331,Y_t2,-1.6153108514409293,,-1.6153108514409293,-1.6153108514409293
331,Y_t3,4.083511177753997,,4.083511177753997,4.083511177753997
332,Y_t2,-4.8014876689079555,,-4.8014876689079555,-4.8014876689079555
332,Y_t3,-0.9653464833354654,,-0.9653464833354654,-0.9653464833354654
334,Y_t3,1.2751499025449213,,1.2751499025449213,1.2751499025449213
335,Y_t2,2.903431735928891,,2.903431735928891,2.903431735928891
335,Y_t3,5.0854487085728675,,5.0854487085728675,5.0854487085728675
336,Y_t3,-0.1992151332820673,,-0.1992151332820673,-0.1992151332820673
338,Y_t3,-3.1822846383883476,,-3.1822846383883476,-3.1822846383883476
339,Y_t2,-0.7965244118094095,,-0.7965244118094095,-0.7965244118094095
339,Y_t3,-0.5405856875360417,,-0.5405856875360417,-0.5405856875360417
341,Y_t2,-1.4682228802211053,,-1.4682228802211053,-1.4682228802211053
341,Y_t3,-0.021735960371358054,,-0.021735960371358054,-0.021735960371358054
347,Y_t3,-3.0744134010563275,,-3.0744134010563275,-3.0744134010563275
349,Y_t3,-0.6920345168600637,,-0.6920345168600637,-0.6920345168600637
350,Y_t2,3.234648433747874,,3.234648433747874,3.234648433747874
350,Y_t3,2.4689939674293555,,2.4689939674293555,2.4689939674293555
351,Y_t3,-3.438218570685822,,-3.438218570685822,-3.438218570685822
352,Y_t3,-2.1240374282915537,,-2.1240374282915537,-2.1240374282915537
354,Y_t3,-5.205484698004861,,-5.205484698004861,-5.205484698004861
357,Y_t3,2.1113025296744294,,2.1113025296744294,2.1113025296744294
358,Y_t2,-0.12583542474795195,,-0.12583542474795195,-0.12583542474795195
358,Y_t3,2.3825095922866826,,2.3825095922866826,2.3825095922866826
359,Y_t2,-1.3668772949156638,,-1.3668772949156638,-1.3668772949156638
359,Y_t3,-5.2391020203725045,,-5.2391020203725045,-5.2391020203725045
364,Y_t2,1.2593241248903664,,1.2593241248903664,1.2593241248903664
364,Y_t3,0.16307525216058694,,0.16307525216058694,0.16307525216058694
365,Y_t2,0.8441689174950646,,0.8441689174950646,0.8441689174950646
365,Y_t3,-1.6052482026864634,,-1.6052482026864634,-1.6052482026864634
366,Y_t3,1.7327185260474527,,1.7327185260474527,1.7327185260474527
367,Y_t2,2.964991820623975,,2.964991820623975,2.964991820623975
367,Y_t3,1.4712490760206334,,1.4712490760206334,1.4712490760206334
372,Y_t2,1.0408608707629905,,1.0408608707629905,1.0408608707629905
372,Y_t3,-0.049189105928563404,,-0.049189105928563404,-0.049189105928563404
374,Y_t2,3.411033057619722,,3.411033057619722,3.411033057619722
374,Y_t3,4.711950112887877,,4.711950112887877,4.711950112887877
376,Y_t2,1.561387047016396,,1.561387047016396,1.561387047016396
376,Y_t3,0.5350228961678982,,0.5350228961678982,0.5350228961678982
377,Y_t2,1.5178384466882724,,1.5178384466882724,1.5178384466882724
377,Y_t3,-1.409438329774789,,-1.409438329774789,-1.409438329774789
378,Y_t2,4.10924271966175,,4.10924271966175,4.10924271966175
378,Y_t3,-5.688807905230222,,-5.688807905230222,-5.688807905230222
379,Y_t2,3.9666834533733337,,3.9666834533733337,3.9666834533733337
379,Y_t3,-2.002764225020625,,-2.002764225020625,-2.002764225020625
381,Y_t2,0.837412680908053,,0.837412680908053,0.837412680908053
381,Y_t3,4.826467446745703,,4.826467446745703,4.826467446745703
389,Y_t2,0.5127491882435968,,0.5127491882435968,0.5127491882435968
389,Y_t3,2.23093118363696,,2.23093118363696,2.23093118363696
391,Y_t2,4.12809827622917,,4.12809827622917,4.12809827622917
391,Y_t3,0.682070255970486,,0.682070255970486,0.682070255970486
392,Y_t2,0.004762857640859153,,0.004762857640859153,0.004762857640859153
392,Y_t3,-2.4246502182741656,,-2.4246502182741656,-2.4246502182741656
393,Y_t3,1.1362187147354668,,1.1362187147354668,1.1362187147354668
394,Y_t2,2.2188136307361477,,2.2188136307361477,2.2188136307361477
394,Y_t3,1.0716320155852919,,1.0716320155852919,1.0716320155852919
395,Y_t3,-1.2889093318354021,,-1.2889093318354021,-1.2889093318354021
397,Y_t2,5.931226086664381,,5.931226086664381,5.931226086664381
397,Y_t3,0.9906562606717179,,0.9906562606717179,0.9906562606717179
398,Y_t2,-0.8737063300773595,,-0.8737063300773595,-0.8737063300773595
398,Y_t3,-0.00019249253868203198,,-0.00019249253868203198,-0.00019249253868203198
399,Y_t3,4.731181625552881,,4.731181625552881,4.731181625552881
401,Y_t2,1.5312559365161307,,1.5312559365161307,1.5312559365161307
401,Y_t3,-1.0579526808227468,,-1.0579526808227468,-1.0579526808227468
402,Y_t2,1.0176500789403355,,1.0176500789403355,1.0176500789403355
402,Y_t3,-2.9339997953277575,,-2.9339997953277575,-2.9339997953277575
403,Y_t2,4.282646926370211,,4.282646926370211,4.282646926370211
403,Y_t3,-0.5300301301905042,,-0.5300301301905042,-0.5300301301905042
404,Y_t3,-1.4593685656796085,,-1.4593685656796085,-1.4593685656796085
405,Y_t2,3.781887875323365,,3.781887875323365,3.781887875323365
405,Y_t3,-5.196800319058724,,-5.196800319058724,-5.196800319058724
406,Y_t3,-1.3732627767989265,,-1.3732627767989265,-1.3732627767989265
408,Y_t2,-1.2167332940744162,,-1.2167332940744162,-1.2167332940744162
408,Y_t3,-0.9601090427282748,,-0.9601090427282748,-0.9601090427282748
410,Y_t2,2.084192807268465,,2.084192807268465,2.084192807268465
410,Y_t3,0.11398374109069653,,0.11398374109069653,0.11398374109069653
411,Y_t2,-2.9435848983906117,,-2.9435848983906117,-2.9435848983906117
411,Y_t3,0.9400937594413936,,0.9400937594413936,0.9400937594413936
412,Y_t3,6.3815823534790805,,6.3815823534790805,6.3815823534790805
413,Y_t2,1.2916960630275898,,1.2916960630275898,1.2916960630275898
413,Y_t3,1.8649854412452427,,1.8649854412452427,1.8649854412452427
414,Y_t2,4.387472015613272,,4.387472015613272,4.387472015613272
414,Y_t3,3.41396381901175,,3.41396381901175,3.41396381901175
415,Y_t2,-5.019250066059087,,-5.019250066059087,-5.019250066059087
415,Y_t3,2.2580188842996347,,2.2580188842996347,2.2580188842996347
417,Y_t2,-4.408674070716866,,-4.408674070716866,-4.408674070716866
417,Y_t3,4.039515491341767,,4.039515491341767,4.039515491341767
419,Y_t2,0.9025378639193966,,0.9025378639193966,0.9025378639193966
419,Y_t3,2.0195657913565155,,2.0195657913565155,2.0195657913565155
422,Y_t2,-4.610998081157005,,-4.610998081157005,-4.610998081157005
422,Y_t3,-7.989312489058315,,-7.989312489058315,-7.989312489058315
424,Y_t3,2.2923739260264764,,2.2923739260264764,2.2923739260264764
427,Y_t2,0.6062663326539041,,0.6062663326539041,0.6062663326539041
427,Y_t3,-0.15399484301591415,,-0.15399484301591415,-0.15399484301591415
428,Y_t2,-0.22265206178902042,,-0.22265206178902042,-0.22265206178902042
428,Y_t3,-2.8554185976853255,,-2.8554185976853255,-2.8554185976853255
429,Y_t3,-0.8285044962585506,,-0.8285044962585506,-0.8285044962585506
432,Y_t2,2.5075810734565405,,2.5075810734565405,2.5075810734565405
432,Y_t3,4.844741138432674,,4.844741138432674,4.844741138432674
434,Y_t2,0.3301838037615027,,0.3301838037615027,0.3301838037615027
434,Y_t3,1.5768509400898882,,1.5768509400898882,1.5768509400898882
435,Y_t2,1.5003537886230667,,1.5003537886230667,1.5003537886230667
435,Y_t3,-0.10295868775375139,,-0.10295868775375139,-0.10295868775375139
440,Y_t2,0.6320983873942962,,0.6320983873942962,0.6320983873942962
440,Y_t3,-0.5988113085135405,,-0.5988113085135405,-0.5988113085135405
444,Y_t2,-2.566165087375337,,-2.566165087375337,-2.566165087375337
444,Y_t3,1.6958652390179927,,1.6958652390179927,1.6958652390179927
445,Y_t3,-1.3717282654325307,,-1.3717282654325307,-1.3717282654325307
448,Y_t2,0.30896778399554925,,0.30896778399554925,0.30896778399554925
448,Y_t3,0.68130985479064,,0.68130985479064,0.68130985479064
449,Y_t3,-6.724782945388807,,-6.724782945388807,-6.724782945388807
450,Y_t2,5.616824947642824,,5.616824947642824,5.616824947642824
450,Y_t3,-0.41019259634747796,,-0.41019259634747796,-0.41019259634747796
451,Y_t2,0.916170680053943,,0.916170680053943,0.916170680053943
451,Y_t3,-1.3674889620775406,,-1.3674889620775406,-1.3674889620775406
453,Y_t2,0.9042619120597402,,0.9042619120597402,0.9042619120597402
453,Y_t3,-3.415503903436237,,-3.415503903436237,-3.415503903436237
454,Y_t2,-1.6534790849877468,,-1.6534790849877468,-1.6534790849877468
454,Y_t3,-5.233622566151492,,-5.233622566151492,-5.233622566151492
455,Y_t2,2.3995634299006436,,2.3995634299006436,2.3995634299006436
455,Y_t3,-4.2838215457260835,,-4.2838215457260835,-4.2838215457260835
456,Y_t2,0.4399047857686733,,0.4399047857686733,0.4399047857686733
456,Y_t3,1.8390319131385144,,1.8390319131385144,1.8390319131385144
457,Y_t3,-3.799083583550522,,-3.799083583550522,-3.799083583550522
458,Y_t3,0.14559174254451032,,0.14559174254451032,0.14559174254451032
460,Y_t3,-7.074777881892464,,-7.074777881892464,-7.074777881892464
462,Y_t3,0.8873958288885951,,0.8873958288885951,0.8873958288885951
464,Y_t2,-5.361634700430183,,-5.361634700430183,-5.361634700430183
464,Y_t3,-8.226804158839409,,-8.226804158839409,-8.226804158839409
466,Y_t2,1.1995487334934087,,1.1995487334934087,1.1995487334934087
466,Y_t3,2.6943591031116423,,2.6943591031116423,2.6943591031116423
468,Y_t3,-1.2044633240323943,,-1.2044633240323943,-1.2044633240323943
470,Y_t2,-0.1442166288190292,,-0.1442166288190292,-0.1442166288190292
470,Y_t3,6.459528145820963,,6.459528145820963,6.459528145820963
472,Y_t2,2.6262712099784205,,2.6262712099784205,2.6262712099784205
472,Y_t3,2.266657243569906,,2.266657243569906,2.266657243569906
473,Y_t3,2.3344238542133215,,2.3344238542133215,2.3344238542133215
474,Y_t2,0.8749362251909047,,0.8749362251909047,0.8749362251909047
474,Y_t3,-2.168270766627395,,-2.168270766627395,-2.168270766627395
476,Y_t3,-2.5746962886237763,,-2.5746962886237763,-2.5746962886237763
477,Y_t2,-1.2897138260757495,,-1.2897138260757495,-1.2897138260757495
477,Y_t3,-0.881408604498905,,-0.881408604498905,-0.881408604498905
478,Y_t3,-1.0756616762399374,,-1.0756616762399374,-1.0756616762399374
479,Y_t3,-2.71011403675079,,-2.71011403675079,-2.71011403675079
484,Y_t2,-0.30787520754108155,,-0.30787520754108155,-0.30787520754108155
484,Y_t3,1.7002766769226576,,1.7002766769226576,1.7002766769226576
485,Y_t2,-1.6509655124682663,,-1.6509655124682663,-1.6509655124682663
485,Y_t3,1.6983721969533425,,1.6983721969533425,1.6983721969533425
486,Y_t2,2.9257368725602877,,2.9257368725602877,2.9257368725602877
486,Y_t3,5.48136719468709,,5.48136719468709,5.48136719468709
487,Y_t2,-1.4246607499995978,,-1.4246607499995978,-1.4246607499995978
487,Y_t3,0.26141131736679013,,0.26141131736679013,0.26141131736679013
489,Y_t2,2.3063739590310934,,2.3063739590310934,2.3063739590310934
489,Y_t3,-2.470706697809984,,-2.470706697809984,-2.470706697809984
490,Y_t2,-0.350564718113487,,-0.350564718113487,-0.350564718113487
490,Y_t3,-2.5673750360364855,,-2.5673750360364855,-2.5673750360364855
492,Y_t2,0.5079407037720411,,0.5079407037720411,0.5079407037720411
492,Y_t3,3.979392385302856,,3.979392385302856,3.979392385302856
494,Y_t3,-0.5519252772987375,,-0.5519252772987375,-0.5519252772987375
498,Y_t3,3.0935484988002613,,3.0935484988002613,3.0935484988002613
499,Y_t2,-3.3078175147805267,,-3.3078175147805267,-3.3078175147805267
499,Y_t3,-1.332021602939125,,-1.332021602939125,-1.332021602939125
500,Y_t3,0.2839514100060267,,0.2839514100060267,0.2839514100060267
501,Y_t2,-4.18923994190414,,-4.18923994190414,-4.18923994190414
501,Y_t3,1.5079760128422193,,1.5079760128422193,1.5079760128422193
502,Y_t2,1.260917444519569,,1.260917444519569,1.260917444519569
502,Y_t3,-0.5000534144398547,,-0.5000534144398547,-0.5000534144398547
505,Y_t2,1.9920716874036355,,1.9920716874036355,1.9920716874036355
505,Y_t3,-0.12725415798061546,,-0.12725415798061546,-0.12725415798061546
511,Y_t2,1.2467114406889777,,1.2467114406889777,1.2467114406889777
511,Y_t3,-0.7625500731016326,,-0.7625500731016326,-0.7625500731016326
512,Y_t3,2.867378772650396,,2.867378772650396,2.867378772650396
513,Y_t3,-2.5765749593350873,,-2.5765749593350873,-2.5765749593350873
515,Y_t2,-1.499154370381363,,-1.499154370381363,-1.499154370381363
515,Y_t3,-5.820978869147949,,-5.820978869147949,-5.820978869147949
516,Y_t2,4.204160331647416,,4.204160331647416,4.204160331647416
516,Y_t3,-1.7537081686820968,,-1.7537081686820968,-1.7537081686820968
518,Y_t3,-1.6277639854685586,,-1.6277639854685586,-1.6277639854685586
519,Y_t3,3.656352377056149,,3.656352377056149,3.656352377056149
520,Y_t3,-0.9002168829837552,,-0.9002168829837552,-0.9002168829837552
522,Y_t3,0.009408988430797516,,0.009408988430797516,0.009408988430797516
524,Y_t2,-1.828118250243411,,-1.828118250243411,-1.828118250243411
524,Y_t3,-4.426739650425555,,-4.426739650425555,-4.426739650425555
525,Y_t3,-0.8213132562848287,,-0.8213132562848287,-0.8213132562848287
526,Y_t3,-0.13455863176585137,,-0.13455863176585137,-0.13455863176585137
527,Y_t3,-0.7020810180654022,,-0.7020810180654022,-0.7020810180654022
529,Y_t3,-4.861099360636767,,-4.861099360636767,-4.861099360636767
530,Y_t2,-1.2340933653914594,,-1.2340933653914594,-1.2340933653914594
530,Y_t3,-2.195780810579986,,-2.195780810579986,-2.195780810579986
531,Y_t2,-3.5406342162666173,,-3.5406342162666173,-3.5406342162666173
531,Y_t3,4.469663017398573,,4.469663017398573,4.469663017398573
533,Y_t2,-0.170086311096447,,-0.170086311096447,-0.170086311096447
533,Y_t3,-9.654624344058611,,-9.654624344058611,-9.654624344058611
534,Y_t2,-2.9924408304472503,,-2.9924408304472503,-2.9924408304472503
534,Y_t3,2.3316493741901763,,2.3316493741901763,2.3316493741901763
535,Y_t3,-1.8081504167353524,,-1.8081504167353524,-1.8081504167353524
536,Y_t2,1.548536363648559,,1.548536363648559,1.548536363648559
536,Y_t3,-0.5933646257525983,,-0.5933646257525983,-0.5933646257525983
537,Y_t2,10.527180162295558,,10.527180162295558,10.527180162295558
537,Y_t3,-8.280049752624512,,-8.280049752624512,-8.280049752624512
538,Y_t2,-0.11222796055434792,,-0.11222796055434792,-0.11222796055434792
538,Y_t3,-0.32670627254368645,,-0.32670627254368645,-0.32670627254368645
539,Y_t3,-3.1707786742267166,,-3.1707786742267166,-3.1707786742267166
540,Y_t2,-0.6916903330388138,,-0.6916903330388138,-0.6916903330388138
540,Y_t3,-0.13296342050808962,,-0.13296342050808962,-0.13296342050808962
543,Y_t2,2.363665324964461,,2.363665324964461,2.363665324964461
543,Y_t3,2.9507477098098,,2.9507477098098,2.9507477098098
544,Y_t2,1.2173759040480352,,1.2173759040480352,1.2173759040480352
544,Y_t3,1.3163082240692916,,1.3163082240692916,1.3163082240692916
545,Y_t2,9.03255425985466,,9.03255425985466,9.03255425985466
545,Y_t3,0.791574703657965,,0.791574703657965,0.791574703657965
546,Y_t3,-0.013989516302765015,,-0.013989516302765015,-0.013989516302765015
548,Y_t3,0.7462075001269307,,0.7462075001269307,0.7462075001269307
549,Y_t2,1.8562549272071447,,1.8562549272071447,1.8562549272071447
549,Y_t3,0.2279023573831198,,0.2279023573831198,0.2279023573831198
550,Y_t2,-0.933085331350965,,-0.933085331350965,-0.933085331350965
550,Y_t3,3.5965889390646115,,3.5965889390646115,3.5965889390646115
551,Y_t3,-0.7155379183114492,,-0.7155379183114492,-0.7155379183114492
552,Y_t3,-3.847116485410883,,-3.847116485410883,-3.847116485410883
555,Y_t2,-5.043516113083585,,-5.043516113083585,-5.043516113083585
555,Y_t3,2.2281683897962035,,2.2281683897962035,2.2281683897962035
556,Y_t2,0.7367873237598698,,0.7367873237598698,0.7367873237598698
556,Y_t3,4.249026103957798,,4.249026103957798,4.249026103957798
557,Y_t2,4.930168630255515,,4.930168630255515,4.930168630255515
557,Y_t3,1.5159594630219386,,1.5159594630219386,1.5159594630219386
559,Y_t2,-0.05859875334273401,,-0.05859875334273401,-0.05859875334273401
559,Y_t3,0.6366061236029146,,0.6366061236029146,0.6366061236029146
560,Y_t2,1.6514829123848922,,1.6514829123848922,1.6514829123848922
560,Y_t3,0.31819148437261335,,0.31819148437261335,0.31819148437261335
561,Y_t3,0.328578383779643,,0.328578383779643,0.328578383779643
562,Y_t2,-4.647678981242937,,-4.647678981242937,-4.647678981242937
562,Y_t3,1.988064634667996,,1.988064634667996,1.988064634667996
565,Y_t2,0.39098070448150174,,0.39098070448150174,0.39098070448150174
565,Y_t3,-3.63499486017851,,-3.63499486017851,-3.63499486017851
566,Y_t2,0.7672606176553232,,0.7672606176553232,0.7672606176553232
566,Y_t3,1.9122778534302127,,1.9122778534302127,1.9122778534302127
568,Y_t2,-6.405900318575823,,-6.405900318575823,-6.405900318575823
568,Y_t3,7.092867885787706,,7.092867885787706,7.092867885787706
569,Y_t2,3.4473808608681766,,3.4473808608681766,3.4473808608681766
569,Y_t3,0.4991129320415809,,0.4991129320415809,0.4991129320415809
571,Y_t2,-0.8751866539993793,,-0.8751866539993793,-0.8751866539993793
571,Y_t3,1.7707782362821982,,1.7707782362821982,1.7707782362821982
573,Y_t2,4.046899248840538,,4.046899248840538,4.046899248840538
573,Y_t3,-0.9392639178424276,,-0.9392639178424276,-0.9392639178424276
574,Y_t3,-2.633209079369081,,-2.633209079369081,-2.633209079369081
575,Y_t3,2.0673028578518626,,2.0673028578518626,2.0673028578518626
576,Y_t2,-3.38014221069099,,-3.38014221069099,-3.38014221069099
576,Y_t3,-5.845670674850174,,-5.845670674850174,-5.845670674850174
578,Y_t3,1.1512080106405307,,1.1512080106405307,1.1512080106405307
579,Y_t2,-0.5090679109486848,,-0.5090679109486848,-0.5090679109486848
579,Y_t3,0.3691531429822179,,0.3691531429822179,0.3691531429822179
580,Y_t3,1.0610820961184928,,1.0610820961184928,1.0610820961184928
582,Y_t2,-8.466115809281236,,-8.466115809281236,-8.466115809281236
582,Y_t3,1.477947147756898,,1.477947147756898,1.477947147756898
584,Y_t2,0.7649120280261894,,0.7649120280261894,0.7649120280261894
584,Y_t3,3.9373884706306077,,3.9373884706306077,3.9373884706306077
586,Y_t3,0.6505207743308904,,0.6505207743308904,0.6505207743308904
587,Y_t3,3.839639646018856,,3.839639646018856,3.839639646018856
588,Y_t2,0.5503980419192158,,0.5503980419192158,0.5503980419192158
588,Y_t3,0.5005021660429886,,0.5005021660429886,0.5005021660429886
589,Y_t2,-2.5583919870807312,,-2.5583919870807312,-2.5583919870807312
589,Y_t3,-1.35877539870214,,-1.35877539870214,-1.35877539870214
590,Y_t2,0.9570820413077259,,0.9570820413077259,0.9570820413077259
590,Y_t3,-3.4875993035213435,,-3.4875993035213435,-3.4875993035213435
591,Y_t2,3.3503375771727444,,3.3503375771727444,3.3503375771727444
591,Y_t3,1.583788591647667,,1.583788591647667,1.583788591647667
592,Y_t2,-1.726709756099631,,-1.726709756099631,-1.726709756099631
592,Y_t3,2.8849225472169557,,2.8849225472169557,2.8849225472169557
594,Y_t2,5.450599764300218,,5.450599764300218,5.450599764300218
594,Y_t3,-0.6326666471977916,,-0.6326666471977916,-0.6326666471977916
596,Y_t3,3.327282631505273,,3.327282631505273,3.327282631505273
597,Y_t3,0.9134966267440439,,0.9134966267440439,0.9134966267440439
599,Y_t3,-2.64005447574518,,-2.64005447574518,-2.64005447574518
600,Y_t2,3.7344342693654893,,3.7344342693654893,3.7344342693654893
600,Y_t3,2.6477147128291842,,2.6477147128291842,2.6477147128291842
601,Y_t2,2.425682616337451,,2.425682616337451,2.425682616337451
601,Y_t3,-2.4019396918861053,,-2.4019396918861053,-2.4019396918861053
602,Y_t3,3.639843132970627,,3.639843132970627,3.639843132970627
603,Y_t2,-1.1647222932892753,,-1.1647222932892753,-1.1647222932892753
603,Y_t3,2.4012785052605112,,2.4012785052605112,2.4012785052605112
604,Y_t2,2.492601486074332,,2.492601486074332,2.492601486074332
604,Y_t3,3.0654230442626855,,3.0654230442626855,3.0654230442626855
605,Y_t2,5.300965794627826,,5.300965794627826,5.300965794627826
605,Y_t3,-1.0872555495352534,,-1.0872555495352534,-1.0872555495352534
606,Y_t2,2.5601257243118924,,2.5601257243118924,2.5601257243118924
606,Y_t3,2.8063974395760636,,2.8063974395760636,2.8063974395760636
607,Y_t2,2.1293431611954925,,2.1293431611954925,2.1293431611954925
607,Y_t3,-2.658707463939255,,-2.658707463939255,-2.658707463939255
608,Y_t2,-1.9874977103127491,,-1.9874977103127491,-1.9874977103127491
608,Y_t3,-4.383714076843669,,-4.383714076843669,-4.383714076843669
609,Y_t2,4.17756600602074,,4.17756600602074,4.17756600602074
609,Y_t3,2.629143659503286,,2.629143659503286,2.629143659503286
611,Y_t2,0.06702468970595943,,0.06702468970595943,0.06702468970595943
611,Y_t3,0.3751364942681311,,0.3751364942681311,0.3751364942681311
612,Y_t2,-1.1042058161495583,,-1.1042058161495583,-1.1042058161495583
612,Y_t3,-2.260492605507862,,-2.260492605507862,-2.260492605507862
613,Y_t3,0.21029458267931167,,0.21029458267931167,0.21029458267931167
615,Y_t2,0.36333715156841756,,0.36333715156841756,0.36333715156841756
615,Y_t3,-3.0431087378955852,,-3.0431087378955852,-3.0431087378955852
616,Y_t3,4.358237876172531,,4.358237876172531,4.358237876172531
617,Y_t2,-0.10396979997609579,,-0.10396979997609579,-0.10396979997609579
617,Y_t3,2.5587910080547354,,2.5587910080547354,2.5587910080547354
618,Y_t2,4.897500642888822,,4.897500642888822,4.897500642888822
618,Y_t3,0.2285837309876605,,0.2285837309876605,0.2285837309876605
619,Y_t2,-2.7047085095138232,,-2.7047085095138232,-2.7047085095138232
619,Y_t3,0.5576504546152279,,0.5576504546152279,0.5576504546152279
620,Y_t3,-6.5044662432998965,,-6.5044662432998965,-6.5044662432998965
621,Y_t2,0.47095445387206225,,0.47095445387206225,0.47095445387206225
621,Y_t3,0.2586476245177618,,0.2586476245177618,0.2586476245177618
623,Y_t2,2.8787448734880776,,2.8787448734880776,2.8787448734880776
623,Y_t3,-2.0429511863681906,,-2.0429511863681906,-2.0429511863681906
626,Y_t2,1.512599037383574,,1.512599037383574,1.512599037383574
626,Y_t3,-2.588572079885118,,-2.588572079885118,-2.588572079885118
627,Y_t2,-1.517067046078869,,-1.517067046078869,-1.517067046078869
627,Y_t3,-0.2211065338419452,,-0.2211065338419452,-0.2211065338419452
628,Y_t3,-1.590249453252431,,-1.590249453252431,-1.590249453252431
630,Y_t2,-1.4194567838770065,,-1.4194567838770065,-1.4194567838770065
630,Y_t3,-4.33294025466938,,-4.33294025466938,-4.33294025466938
633,Y_t2,-4.045159381139479,,-4.045159381139479,-4.045159381139479
633,Y_t3,0.6213727650989043,,0.6213727650989043,0.6213727650989043
634,Y_t2,-2.880338106474021,,-2.880338106474021,-2.880338106474021
634,Y_t3,3.498017983958985,,3.498017983958985,3.498017983958985
635,Y_t2,2.013806243623496,,2.013806243623496,2.013806243623496
635,Y_t3,2.8970676817714685,,2.8970676817714685,2.8970676817714685
636,Y_t2,7.8645520657459125,,7.8645520657459125,7.8645520657459125
636,Y_t3,0.6939941904856927,,0.6939941904856927,0.6939941904856927
637,Y_t2,-0.6067184144942833,,-0.6067184144942833,-0.6067184144942833
637,Y_t3,0.5330532209548497,,0.5330532209548497,0.5330532209548497
639,Y_t2,2.822899560715033,,2.822899560715033,2.822899560715033
639,Y_t3,-2.0493496545635033,,-2.0493496545635033,-2.0493496545635033
640,Y_t3,-2.613098174761,,-2.613098174761,-2.613098174761
641,Y_t2,1.0999086203508748,,1.0999086203508748,1.0999086203508748
641,Y_t3,1.1722711991327153,,1.1722711991327153,1.1722711991327153
643,Y_t2,9.814155146347455,,9.814155146347455,9.814155146347455
643,Y_t3,2.722317921689344,,2.722317921689344,2.722317921689344
644,Y_t2,-4.708630624919384,,-4.708630624919384,-4.708630624919384
644,Y_t3,-3.1117617912355975,,-3.1117617912355975,-3.1117617912355975
645,Y_t2,3.30195678925162,,3.30195678925162,3.30195678925162
645,Y_t3,-2.5289637615315126,,-2.5289637615315126,-2.5289637615315126
646,Y_t3,2.779296961525901,,2.779296961525901,2.779296961525901
648,Y_t2,6.3665430153078955,,6.3665430153078955,6.3665430153078955
648,Y_t3,-0.810619657781981,,-0.810619657781981,-0.810619657781981
651,Y_t2,0.3360810195442818,,0.3360810195442818,0.3360810195442818
651,Y_t3,-1.058678115114721,,-1.058678115114721,-1.058678115114721
653,Y_t3,3.4613207435382662,,3.4613207435382662,3.4613207435382662
654,Y_t2,2.1585553283426706,,2.1585553283426706,2.1585553283426706
654,Y_t3,-3.231594645549537,,-3.231594645549537,-3.231594645549537
655,Y_t2,-4.413429036273481,,-4.413429036273481,-4.413429036273481
655,Y_t3,2.616294789429297,,2.616294789429297,2.616294789429297
656,Y_t2,3.0124283063955724,,3.0124283063955724,3.0124283063955724
656,Y_t3,3.8908576121891434,,3.8908576121891434,3.8908576121891434
658,Y_t2,1.6847379555897546,,1.6847379555897546,1.6847379555897546
658,Y_t3,1.066057543759676,,1.066057543759676,1.066057543759676
659,Y_t3,0.4566585980714648,,0.4566585980714648,0.4566585980714648
662,Y_t2,0.3689342835638986,,0.3689342835638986,0.3689342835638986
662,Y_t3,-4.976314136474636,,-4.976314136474636,-4.976314136474636
663,Y_t2,-0.14282032726284855,,-0.14282032726284855,-0.14282032726284855
663,Y_t3,-2.8252962838443176,,-2.8252962838443176,-2.8252962838443176
665,Y_t2,-0.6160416135990764,,-0.6160416135990764,-0.6160416135990764
665,Y_t3,-0.3915659182800617,,-0.3915659182800617,-0.3915659182800617
666,Y_t2,-6.408494526132968,,-6.408494526132968,-6.408494526132968
666,Y_t3,-0.16276268682924894,,-0.16276268682924894,-0.16276268682924894
667,Y_t2,5.810233825807596,,5.810233825807596,5.810233825807596
667,Y_t3,0.597331361587949,,0.597331361587949,0.597331361587949
668,Y_t2,-2.4957767832892253,,-2.4957767832892253,-2.4957767832892253
668,Y_t3,2.68439297731404,,2.68439297731404,2.68439297731404
669,Y_t2,-6.988241085670739,,-6.988241085670739,-6.988241085670739
669,Y_t3,5.610463194538179,,5.610463194538179,5.610463194538179
670,Y_t2,-0.5336422964002934,,-0.5336422964002934,-0.5336422964002934
670,Y_t3,1.1095339865873626,,1.1095339865873626,1.1095339865873626
673,Y_t2,-4.081137620516132,,-4.081137620516132,-4.081137620516132
673,Y_t3,1.3804039937096029,,1.3804039937096029,1.3804039937096029
676,Y_t2,5.810811968517415,,5.810811968517415,5.810811968517415
676,Y_t3,-2.2091813989452564,,-2.2091813989452564,-2.2091813989452564
678,Y_t2,2.666888440468663,,2.666888440468663,2.666888440468663
678,Y_t3,3.3107136402295425,,3.3107136402295425,3.3107136402295425
679,Y_t3,-2.791482053242656,,-2.791482053242656,-2.791482053242656
680,Y_t2,4.597323787558261,,4.597323787558261,4.597323787558261
680,Y_t3,1.5261724037840545,,1.5261724037840545,1.5261724037840545
681,Y_t2,3.599626492460465,,3.599626492460465,3.599626492460465
681,Y_t3,-2.210774286008638,,-2.210774286008638,-2.210774286008638
686,Y_t2,-1.6356170313543632,,-1.6356170313543632,-1.6356170313543632
686,Y_t3,0.6103365994891559,,0.6103365994891559,0.6103365994891559
688,Y_t2,4.838269990155939,,4.838269990155939,4.838269990155939
688,Y_t3,0.6893973407109899,,0.6893973407109899,0.6893973407109899
689,Y_t2,2.0873561783311776,,2.0873561783311776,2.0873561783311776
689,Y_t3,5.304138410940536,,5.304138410940536,5.304138410940536
690,Y_t2,1.4863860666026052,,1.4863860666026052,1.4863860666026052
690,Y_t3,-0.16287229711851803,,-0.16287229711851803,-0.16287229711851803
691,Y_t3,2.0313887797725805,,2.0313887797725805,2.0313887797725805
693,Y_t2,-0.7838784089320547,,-0.7838784089320547,-0.7838784089320547
693,Y_t3,1.2639236669518588,,1.2639236669518588,1.2639236669518588
696,Y_t2,2.153238948433705,,2.153238948433705,2.153238948433705
696,Y_t3,1.551359059866058,,1.551359059866058,1.551359059866058
697,Y_t3,-2.7522655352398537,,-2.7522655352398537,-2.7522655352398537
698,Y_t2,4.043337179253813,,4.043337179253813,4.043337179253813
698,Y_t3,-2.3291659631686437,,-2.3291659631686437,-2.3291659631686437
699,Y_t2,3.7594772483581735,,3.7594772483581735,3.7594772483581735
699,Y_t3,0.33895849883260154,,0.33895849883260154,0.33895849883260154
700,Y_t2,2.536891549329819,,2.536891549329819,2.536891549329819
700,Y_t3,0.2630834820236849,,0.2630834820236849,0.2630834820236849
702,Y_t3,-3.9575078513437054,,-3.9575078513437054,-3.9575078513437054
703,Y_t2,1.1569980399961541,,1.1569980399961541,1.1569980399961541
703,Y_t3,7.288841936354405,,7.288841936354405,7.288841936354405
704,Y_t2,2.4525168488587825,,2.4525168488587825,2.4525168488587825
704,Y_t3,6.256876868446913,,6.256876868446913,6.256876868446913
705,Y_t2,-1.8275290708827914,,-1.8275290708827914,-1.8275290708827914
705,Y_t3,4.911904914944503,,4.911904914944503,4.911904914944503
706,Y_t2,3.102908800768131,,3.102908800768131,3.102908800768131
706,Y_t3,-1.5480584908064474,,-1.5480584908064474,-1.5480584908064474
707,Y_t2,-3.2255594300232233,,-3.2255594300232233,-3.2255594300232233
707,Y_t3,1.4617994916375323,,1.4617994916375323,1.4617994916375323
708,Y_t2,-3.1410647565674084,,-3.1410647565674084,-3.1410647565674084
708,Y_t3,1.810178750436753,,1.810178750436753,1.810178750436753
709,Y_t2,-1.1173564081390877,,-1.1173564081390877,-1.1173564081390877
709,Y_t3,2.526952315539014,,2.526952315539014,2.526952315539014
710,Y_t2,-0.3556364819475308,,-0.3556364819475308,-0.3556364819475308
710,Y_t3,0.9322254874242819,,0.9322254874242819,0.9322254874242819
711,Y_t2,0.8835710673673863,,0.8835710673673863,0.8835710673673863
711,Y_t3,-3.4819109212497388,,-3.4819109212497388,-3.4819109212497388
713,Y_t3,-2.6699928613000363,,-2.6699928613000363,-2.6699928613000363
714,Y_t2,-1.7008704981847764,,-1.7008704981847764,-1.7008704981847764
714,Y_t3,3.0543419718465543,,3.0543419718465543,3.0543419718465543
715,Y_t2,4.755633062066708,,4.755633062066708,4.755633062066708
715,Y_t3,0.43479655701854136,,0.43479655701854136,0.43479655701854136
716,Y_t3,-3.0591070921509744,,-3.0591070921509744,-3.0591070921509744
717,Y_t2,2.39655179478769,,2.39655179478769,2.39655179478769
717,Y_t3,1.6373943631425658,,1.6373943631425658,1.6373943631425658
718,Y_t2,0.5436957563748543,,0.5436957563748543,0.5436957563748543
718,Y_t3,0.9168255222742073,,0.9168255222742073,0.9168255222742073
719,Y_t2,-6.740763951291413,,-6.740763951291413,-6.740763951291413
719,Y_t3,0.9946453484660993,,0.9946453484660993,0.9946453484660993
720,Y_t2,4.522682436680822,,4.522682436680822,4.522682436680822
720,Y_t3,-1.84998072981399,,-1.84998072981399,-1.84998072981399
721,Y_t2,-10.703369169472584,,-10.703369169472584,-10.703369169472584
721,Y_t3,-1.2348874242428105,,-1.2348874242428105,-1.2348874242428105
722,Y_t2,-0.8438267327200166,,-0.8438267327200166,-0.8438267327200166
722,Y_t3,-4.050828856409837,,-4.050828856409837,-4.050828856409837
723,Y_t2,-0.41575538454484773,,-0.41575538454484773,-0.41575538454484773
723,Y_t3,-5.793135103484469,,-5.793135103484469,-5.793135103484469
726,Y_t2,1.6660144846537008,,1.6660144846537008,1.6660144846537008
726,Y_t3,2.4178180048527356,,2.4178180048527356,2.4178180048527356
728,Y_t3,-1.9722178882063064,,-1.9722178882063064,-1.9722178882063064
729,Y_t2,-1.5408164182593125,,-1.5408164182593125,-1.5408164182593125
729,Y_t3,-2.3169011182375114,,-2.3169011182375114,-2.3169011182375114
730,Y_t2,-4.463865352560814,,-4.463865352560814,-4.463865352560814
730,Y_t3,-5.552712954082706,,-5.552712954082706,-5.552712954082706
731,Y_t3,0.33961074865409197,,0.33961074865409197,0.33961074865409197
732,Y_t3,-2.9082864270300957,,-2.9082864270300957,-2.9082864270300957
734,Y_t2,0.2819297140756202,,0.2819297140756202,0.2819297140756202
734,Y_t3,-1.1392974235368973,,-1.1392974235368973,-1.1392974235368973
736,Y_t3,-1.7697592642786164,,-1.7697592642786164,-1.7697592642786164
737,Y_t3,1.959858292399653,,1.959858292399653,1.959858292399653
738,Y_t3,3.0611162487016177,,3.0611162487016177,3.0611162487016177
739,Y_t2,2.642910186525304,,2.642910186525304,2.642910186525304
739,Y_t3,0.860502378859175,,0.860502378859175,0.860502378859175
740,Y_t3,-2.2059647157810525,,-2.2059647157810525,-2.2059647157810525
742,Y_t2,1.996391977381648,,1.996391977381648,1.996391977381648
742,Y_t3,-2.096980559855056,,-2.096980559855056,-2.096980559855056
743,Y_t2,-1.1642432418349031,,-1.1642432418349031,-1.1642432418349031
743,Y_t3,-1.2570159489400217,,-1.2570159489400217,-1.2570159489400217
744,Y_t3,0.8546652571019389,,0.8546652571019389,0.8546652571019389
748,Y_t2,-4.754137496074391,,-4.754137496074391,-4.754137496074391
748,Y_t3,-4.8390090456611095,,-4.8390090456611095,-4.8390090456611095
749,Y_t2,2.1834553425963903,,2.1834553425963903,2.1834553425963903
749,Y_t3,-4.653621865010157,,-4.653621865010157,-4.653621865010157
751,Y_t2,-1.088725064279307,,-1.088725064279307,-1.088725064279307
751,Y_t3,2.951849033724977,,2.951849033724977,2.951849033724977
753,Y_t2,-3.936981833474406,,-3.936981833474406,-3.936981833474406
753,Y_t3,1.8881380205659588,,1.8881380205659588,1.8881380205659588
757,Y_t3,1.5524678222103176,,1.5524678222103176,1.5524678222103176
758,Y_t2,3.1293657081479402,,3.1293657081479402,3.1293657081479402
758,Y_t3,-1.883906462567292,,-1.883906462567292,-1.883906462567292
763,Y_t3,-3.7390320922678595,,-3.7390320922678595,-3.7390320922678595
765,Y_t3,4.440169243085673,,4.440169243085673,4.440169243085673
768,Y_t2,1.7628888648575014,,1.7628888648575014,1.7628888648575014
768,Y_t3,-1.356764379443312,,-1.356764379443312,-1.356764379443312
770,Y_t3,2.3395795673345043,,2.3395795673345043,2.3395795673345043
772,Y_t2,0.34401249117312005,,0.34401249117312005,0.34401249117312005
772,Y_t3,-0.5300428820081189,,-0.5300428820081189,-0.5300428820081189
773,Y_t2,-0.04576274697597982,,-0.04576274697597982,-0.04576274697597982
773,Y_t3,-0.23820318201021767,,-0.23820318201021767,-0.23820318201021767
776,Y_t3,-1.4589940154318963,,-1.4589940154318963,-1.4589940154318963
777,Y_t3,-2.1584419043828382,,-2.1584419043828382,-2.1584419043828382
778,Y_t2,3.6227431195405884,,3.6227431195405884,3.6227431195405884
778,Y_t3,2.1394476405049403,,2.1394476405049403,2.1394476405049403
779,Y_t2,2.4600662462523077,,2.4600662462523077,2.4600662462523077
779,Y_t3,-5.3116179451445715,,-5.3116179451445715,-5.3116179451445715
785,Y_t2,-0.31184247652375685,,-0.31184247652375685,-0.31184247652375685
785,Y_t3,-0.5724998458379673,,-0.5724998458379673,-0.5724998458379673
787,Y_t2,-5.120868358405887,,-5.120868358405887,-5.120868358405887
787,Y_t3,-0.4255771308557295,,-0.4255771308557295,-0.4255771308557295
788,Y_t2,-2.0348183187738926,,-2.0348183187738926,-2.0348183187738926
788,Y_t3,-2.8937808423566294,,-2.8937808423566294,-2.8937808423566294
790,Y_t2,-1.6497579991459952,,-1.6497579991459952,-1.6497579991459952
790,Y_t3,1.083321955926713,,1.083321955926713,1.083321955926713
792,Y_t3,0.7731126041646217,,0.7731126041646217,0.7731126041646217
793,Y_t3,4.26762959387343,,4.26762959387343,4.26762959387343
794,Y_t2,-1.1277654139569075,,-1.1277654139569075,-1.1277654139569075
794,Y_t3,-1.6338022982247973,,-1.6338022982247973,-1.6338022982247973
795,Y_t2,0.888179345740012,,0.888179345740012,0.888179345740012
795,Y_t3,4.314922423967766,,4.314922423967766,4.314922423967766
797,Y_t2,-0.6921797426551185,,-0.6921797426551185,-0.6921797426551185
797,Y_t3,0.4939388951699293,,0.4939388951699293,0.4939388951699293
798,Y_t3,2.05368194696249,,2.05368194696249,2.05368194696249
800,Y_t3,-3.5202765038413317,,-3.5202765038413317,-3.5202765038413317
802,Y_t2,2.137688964381685,,2.137688964381685,2.137688964381685
802,Y_t3,8.44750323323764,,8.44750323323764,8.44750323323764
803,Y_t3,1.2740877350733744,,1.2740877350733744,1.2740877350733744
805,Y_t2,-0.8591802670514439,,-0.8591802670514439,-0.8591802670514439
805,Y_t3,3.832528718879402,,3.832528718879402,3.832528718879402
807,Y_t2,-0.3612423509605984,,-0.3612423509605984,-0.3612423509605984
807,Y_t3,-0.0788231584989807,,-0.0788231584989807,-0.0788231584989807
808,Y_t3,-2.8574821556864434,,-2.8574821556864434,-2.8574821556864434
810,Y_t2,5.3414929409336365,,5.3414929409336365,5.3414929409336365
810,Y_t3,-3.2270222916588853,,-3.2270222916588853,-3.2270222916588853
811,Y_t2,6.364598663605167,,6.364598663605167,6.364598663605167
811,Y_t3,-0.01948133218125525,,-0.01948133218125525,-0.01948133218125525
812,Y_t2,5.147521590655382,,5.147521590655382,5.147521590655382
812,Y_t3,0.8616935193019617,,0.8616935193019617,0.8616935193019617
813,Y_t3,0.8614086432908324,,0.8614086432908324,0.8614086432908324
814,Y_t2,2.9995924814945427,,2.9995924814945427,2.9995924814945427
814,Y_t3,2.471699609087567,,2.471699609087567,2.471699609087567
816,Y_t2,-5.769366366132223,,-5.769366366132223,-5.769366366132223
816,Y_t3,3.1823329777241267,,3.1823329777241267,3.1823329777241267
819,Y_t2,-0.5736145359801867,,-0.5736145359801867,-0.5736145359801867
819,Y_t3,-0.817688627064301,,-0.817688627064301,-0.817688627064301
821,Y_t2,0.6700226926058175,,0.6700226926058175,0.6700226926058175
821,Y_t3,8.881204211882288,,8.881204211882288,8.881204211882288
823,Y_t3,-3.806271689227656,,-3.806271689227656,-3.806271689227656
824,Y_t2,6.0380676384691805,,6.0380676384691805,6.0380676384691805
824,Y_t3,3.6844179007813165,,3.6844179007813165,3.6844179007813165
825,Y_t2,1.6540345464241692,,1.6540345464241692,1.6540345464241692
825,Y_t3,-1.9091628177240025,,-1.9091628177240025,-1.9091628177240025
826,Y_t3,2.257964733967687,,2.257964733967687,2.257964733967687
828,Y_t2,0.2956436792322781,,0.2956436792322781,0.2956436792322781
828,Y_t3,0.2070483856743801,,0.2070483856743801,0.2070483856743801
829,Y_t3,-2.3709579911417373,,-2.3709579911417373,-2.3709579911417373
830,Y_t2,-3.754984341896268,,-3.754984341896268,-3.754984341896268
830,Y_t3,-6.121459435320231,,-6.121459435320231,-6.121459435320231
831,Y_t2,-2.3475129984671677,,-2.3475129984671677,-2.3475129984671677
831,Y_t3,-4.291012734908041,,-4.291012734908041,-4.291012734908041
832,Y_t2,-1.9716610326172581,,-1.9716610326172581,-1.9716610326172581
832,Y_t3,0.7885203240953456,,0.7885203240953456,0.7885203240953456
835,Y_t2,3.6972765557240765,,3.6972765557240765,3.6972765557240765
835,Y_t3,2.9459551907402073,,2.9459551907402073,2.9459551907402073
836,Y_t2,-2.2827787260935817,,-2.2827787260935817,-2.2827787260935817
836,Y_t3,2.4698386848820375,,2.4698386848820375,2.4698386848820375
838,Y_t2,-6.188777100795209,,-6.188777100795209,-6.188777100795209
838,Y_t3,-1.5021754264887086,,-1.5021754264887086,-1.5021754264887086
839,Y_t2,-6.69226114237652,,-6.69226114237652,-6.69226114237652
839,Y_t3,-2.852057767293093,,-2.852057767293093,-2.852057767293093
844,Y_t2,0.3662708992649642,,0.3662708992649642,0.3662708992649642
844,Y_t3,1.3364239611573843,,1.3364239611573843,1.3364239611573843
845,Y_t3,-0.10801329258272163,,-0.10801329258272163,-0.10801329258272163
847,Y_t2,2.8131537878786927,,2.8131537878786927,2.8131537878786927
847,Y_t3,-3.061156842577027,,-3.061156842577027,-3.061156842577027
849,Y_t3,0.9408778346873237,,0.9408778346873237,0.9408778346873237
851,Y_t2,1.5322679802145565,,1.5322679802145565,1.5322679802145565
851,Y_t3,-0.9961706195152521,,-0.9961706195152521,-0.9961706195152521
854,Y_t3,0.24349095805918897,,0.24349095805918897,0.24349095805918897
855,Y_t2,-0.5627304024827549,,-0.5627304024827549,-0.5627304024827549
855,Y_t3,-6.776042671160161,,-6.776042671160161,-6.776042671160161
856,Y_t2,1.2773591125331176,,1.2773591125331176,1.2773591125331176
856,Y_t3,-0.5733128763172228,,-0.5733128763172228,-0.5733128763172228
857,Y_t2,0.22330503964257772,,0.22330503964257772,0.22330503964257772
857,Y_t3,-4.888017728825517,,-4.888017728825517,-4.888017728825517
858,Y_t3,-0.6657465382411463,,-0.6657465382411463,-0.6657465382411463
859,Y_t3,-0.8487529804551844,,-0.8487529804551844,-0.8487529804551844
860,Y_t2,0.911760509820235,,0.911760509820235,0.911760509820235
860,Y_t3,-0.17778951365898954,,-0.17778951365898954,-0.17778951365898954
861,Y_t3,1.5417277497284139,,1.5417277497284139,1.5417277497284139
862,Y_t2,-1.0199115180834388,,-1.0199115180834388,-1.0199115180834388
862,Y_t3,-0.39669381095837,,-0.39669381095837,-0.39669381095837
863,Y_t2,-0.6645677199855606,,-0.6645677199855606,-0.6645677199855606
863,Y_t3,1.0133507587273618,,1.0133507587273618,1.0133507587273618
864,Y_t2,1.422970860996102,,1.422970860996102,1.422970860996102
864,Y_t3,4.4576952678973605,,4.4576952678973605,4.4576952678973605
865,Y_t2,-2.7949193899031757,,-2.7949193899031757,-2.7949193899031757
865,Y_t3,0.6457141888204733,,0.6457141888204733,0.6457141888204733
868,Y_t2,-0.6554891304087115,,-0.6554891304087115,-0.6554891304087115
868,Y_t3,5.089538973633224,,5.089538973633224,5.089538973633224
869,Y_t2,1.2734941323490347,,1.2734941323490347,1.2734941323490347
869,Y_t3,-4.888157619673451,,-4.888157619673451,-4.888157619673451
871,Y_t2,4.150091364284439,,4.150091364284439,4.150091364284439
871,Y_t3,3.9514648534280465,,3.9514648534280465,3.9514648534280465
872,Y_t2,-3.4412544870861685,,-3.4412544870861685,-3.4412544870861685
872,Y_t3,-4.084052952536776,,-4.084052952536776,-4.084052952536776
873,Y_t2,1.1022101335314634,,1.1022101335314634,1.1022101335314634
873,Y_t3,3.9694126860274555,,3.9694126860274555,3.9694126860274555
874,Y_t3,-0.8323224149139974,,-0.8323224149139974,-0.8323224149139974
876,Y_t2,2.2154506353612797,,2.2154506353612797,2.2154506353612797
876,Y_t3,1.8101977953027206,,1.8101977953027206,1.8101977953027206
877,Y_t3,-2.804472342824977,,-2.804472342824977,-2.804472342824977
879,Y_t2,-3.126621715774788,,-3.126621715774788,-3.126621715774788
879,Y_t3,1.776593694088744,,1.776593694088744,1.776593694088744
880,Y_t2,-0.06600972660728166,,-0.06600972660728166,-0.06600972660728166
880,Y_t3,-2.8556137018634913,,-2.8556137018634913,-2.8556137018634913
882,Y_t2,6.202477123683747,,6.202477123683747,6.202477123683747
882,Y_t3,3.0532201783010824,,3.0532201783010824,3.0532201783010824
885,Y_t2,2.456130319400698,,2.456130319400698,2.456130319400698
885,Y_t3,2.5286956629079644,,2.5286956629079644,2.5286956629079644
887,Y_t2,4.5300337388224206,,4.5300337388224206,4.5300337388224206
887,Y_t3,-1.817048260236119,,-1.817048260236119,-1.817048260236119
890,Y_t3,1.0272492241787448,,1.0272492241787448,1.0272492241787448
891,Y_t2,-3.44622867598615,,-3.44622867598615,-3.44622867598615
891,Y_t3,2.163875061021416,,2.163875061021416,2.163875061021416
892,Y_t3,4.428349626320415,,4.428349626320415,4.428349626320415
893,Y_t2,4.397127825201272,,4.397127825201272,4.397127825201272
893,Y_t3,-3.75964868887346,,-3.75964868887346,-3.75964868887346
898,Y_t2,-0.799894588299527,,-0.799894588299527,-0.799894588299527
898,Y_t3,-2.188783978603545,,-2.188783978603545,-2.188783978603545
899,Y_t3,3.717749523442733,,3.717749523442733,3.717749523442733
901,Y_t2,1.671926253506335,,1.671926253506335,1.671926253506335
901,Y_t3,4.51617093610613,,4.51617093610613,4.51617093610613
902,Y_t2,-4.305341142191594,,-4.305341142191594,-4.305341142191594
902,Y_t3,1.4853394618846407,,1.4853394618846407,1.4853394618846407
903,Y_t2,1.2182122847681032,,1.2182122847681032,1.2182122847681032
903,Y_t3,-4.124991700169442,,-4.124991700169442,-4.124991700169442
905,Y_t2,-1.1012667327754855,,-1.1012667327754855,-1.1012667327754855
905,Y_t3,-3.8350170850273435,,-3.8350170850273435,-3.8350170850273435
906,Y_t2,-0.04413466957114598,,-0.04413466957114598,-0.04413466957114598
906,Y_t3,0.9334566162799791,,0.9334566162799791,0.9334566162799791
909,Y_t2,-0.9095542299260903,,-0.9095542299260903,-0.9095542299260903
909,Y_t3,-3.33837324789737,,-3.33837324789737,-3.33837324789737
910,Y_t2,0.8728257132437829,,0.8728257132437829,0.8728257132437829
910,Y_t3,0.6956054861308218,,0.6956054861308218,0.6956054861308218
911,Y_t2,3.0604055132973134,,3.0604055132973134,3.0604055132973134
911,Y_t3,2.1439327978791844,,2.1439327978791844,2.1439327978791844
913,Y_t3,0.01225519616427917,,0.01225519616427917,0.01225519616427917
914,Y_t3,-3.009215036619539,,-3.009215036619539,-3.009215036619539
915,Y_t2,2.7394436666276385,,2.7394436666276385,2.7394436666276385
915,Y_t3,1.5059658604857327,,1.5059658604857327,1.5059658604857327
918,Y_t2,-2.0424688855236393,,-2.0424688855236393,-2.0424688855236393
918,Y_t3,1.3486072420814204,,1.3486072420814204,1.3486072420814204
919,Y_t3,-2.763281736952627,,-2.763281736952627,-2.763281736952627
921,Y_t3,1.1074919182069902,,1.1074919182069902,1.1074919182069902
922,Y_t2,-1.6509656152878924,,-1.6509656152878924,-1.6509656152878924
922,Y_t3,-0.17224079574901652,,-0.17224079574901652,-0.17224079574901652
923,Y_t3,-2.072914941158054,,-2.072914941158054,-2.072914941158054
925,Y_t2,-2.680366692792539,,-2.680366692792539,-2.680366692792539
925,Y_t3,3.736204841629256,,3.736204841629256,3.736204841629256
926,Y_t2,-1.0659104293396757,,-1.0659104293396757,-1.0659104293396757
926,Y_t3,-1.4410436510801519,,-1.4410436510801519,-1.4410436510801519
928,Y_t2,-6.37362063395784,,-6.37362063395784,-6.37362063395784
928,Y_t3,2.9271152727062857,,2.9271152727062857,2.9271152727062857
930,Y_t3,-0.2235862052638174,,-0.2235862052638174,-0.2235862052638174
932,Y_t2,4.074532414563635,,4.074532414563635,4.074532414563635
932,Y_t3,1.5611671619872274,,1.5611671619872274,1.5611671619872274
933,Y_t3,4.629520060920479,,4.629520060920479,4.629520060920479
936,Y_t2,-0.6403473644314375,,-0.6403473644314375,-0.6403473644314375
936,Y_t3,-3.5135233599522726,,-3.5135233599522726,-3.5135233599522726
937,Y_t3,3.521191429684994,,3.521191429684994,3.521191429684994
938,Y_t3,2.561919033120043,,2.561919033120043,2.561919033120043
939,Y_t3,3.3469435868600805,,3.3469435868600805,3.3469435868600805
940,Y_t3,-2.127019538879118,,-2.127019538879118,-2.127019538879118
942,Y_t3,-2.0428803928003068,,-2.0428803928003068,-2.0428803928003068
943,Y_t2,-2.974715888573553,,-2.974715888573553,-2.974715888573553
943,Y_t3,2.228851439136272,,2.228851439136272,2.228851439136272
944,Y_t3,-6.012322198506382,,-6.012322198506382,-6.012322198506382
946,Y_t2,1.6725314656995027,,1.6725314656995027,1.6725314656995027
946,Y_t3,1.2975519181307424,,1.2975519181307424,1.2975519181307424
947,Y_t3,1.485895614468268,,1.485895614468268,1.485895614468268
948,Y_t3,5.283976268602289,,5.283976268602289,5.283976268602289
950,Y_t2,1.0676338760750212,,1.0676338760750212,1.0676338760750212
950,Y_t3,-0.6882551292265842,,-0.6882551292265842,-0.6882551292265842
951,Y_t3,2.2334353054364,,2.2334353054364,2.2334353054364
952,Y_t2,-0.6678544390068675,,-0.6678544390068675,-0.6678544390068675
952,Y_t3,-0.31917981143098384,,-0.31917981143098384,-0.31917981143098384
953,Y_t2,1.2928140380219255,,1.2928140380219255,1.2928140380219255
953,Y_t3,-2.768922571769814,,-2.768922571769814,-2.768922571769814
954,Y_t2,-0.45286798891601254,,-0.45286798891601254,-0.45286798891601254
954,Y_t3,0.9285096672306568,,0.9285096672306568,0.9285096672306568
955,Y_t2,-1.0188407703522195,,-1.0188407703522195,-1.0188407703522195
955,Y_t3,1.5549549229324309,,1.5549549229324309,1.5549549229324309
956,Y_t2,3.2067894825024434,,3.2067894825024434,3.2067894825024434
956,Y_t3,1.2579198698657277,,1.2579198698657277,1.2579198698657277
957,Y_t2,-0.4040502365348473,,-0.4040502365348473,-0.4040502365348473
957,Y_t3,3.9719370781394403,,3.9719370781394403,3.9719370781394403
958,Y_t2,-1.3386846450007872,,-1.3386846450007872,-1.3386846450007872
958,Y_t3,-5.4188087952974655,,-5.4188087952974655,-5.4188087952974655
959,Y_t2,2.7237440231501777,,2.7237440231501777,2.7237440231501777
959,Y_t3,-1.0905999878458061,,-1.0905999878458061,-1.0905999878458061
962,Y_t2,-4.541630615076241,,-4.541630615076241,-4.541630615076241
962,Y_t3,1.5351481801703613,,1.5351481801703613,1.5351481801703613
963,Y_t2,0.5659543821817103,,0.5659543821817103,0.5659543821817103
963,Y_t3,-2.0022145686254564,,-2.0022145686254564,-2.0022145686254564
964,Y_t2,-4.015210586088411,,-4.015210586088411,-4.015210586088411
964,Y_t3,-2.138179945784155,,-2.138179945784155,-2.138179945784155
965,Y_t2,6.094471519593786,,6.094471519593786,6.094471519593786
965,Y_t3,0.13313247617686624,,0.13313247617686624,0.13313247617686624
969,Y_t3,4.109388832807833,,4.109388832807833,4.109388832807833
970,Y_t2,-4.208611358432,,-4.208611358432,-4.208611358432
970,Y_t3,0.659876075220565,,0.659876075220565,0.659876075220565
976,Y_t3,-0.48151850699178755,,-0.48151850699178755,-0.48151850699178755
978,Y_t3,1.8927183513901311,,1.8927183513901311,1.8927183513901311
979,Y_t3,0.47943727686391946,,0.47943727686391946,0.47943727686391946
980,Y_t2,-4.29237158667105,,-4.29237158667105,-4.29237158667105
980,Y_t3,-0.4506329074845363,,-0.4506329074845363,-0.4506329074845363
982,Y_t3,2.505321243529897,,2.505321243529897,2.505321243529897
983,Y_t2,0.38823468271954953,,0.38823468271954953,0.38823468271954953
983,Y_t3,-1.5002727932800939,,-1.5002727932800939,-1.5002727932800939
985,Y_t2,-1.7536787930881526,,-1.7536787930881526,-1.7536787930881526
985,Y_t3,-2.540482528999992,,-2.540482528999992,-2.540482528999992
987,Y_t2,-1.373665397305328,,-1.373665397305328,-1.373665397305328
987,Y_t3,-1.8426146801456187,,-1.8426146801456187,-1.8426146801456187
988,Y_t2,-1.0349619973010555,,-1.0349619973010555,-1.0349619973010555
988,Y_t3,-0.38449747443797744,,-0.38449747443797744,-0.38449747443797744
991,Y_t3,-0.028265018618653603,,-0.028265018618653603,-0.028265018618653603
992,Y_t2,4.736994342288747,,4.736994342288747,4.736994342288747
992,Y_t3,-1.3848590951507351,,-1.3848590951507351,-1.3848590951507351
995,Y_t2,3.5328841410852103,,3.5328841410852103,3.5328841410852103
995,Y_t3,-0.872509521763985,,-0.872509521763985,-0.872509521763985
996,Y_t2,-2.1735464797478703,,-2.1735464797478703,-2.1735464797478703
996,Y_t3,1.024532707960762,,1.024532707960762,1.024532707960762
999,Y_t3,2.014459117020754,,2.014459117020754,2.014459117020754
1000,Y_t2,-5.801700068617858,,-5.801700068617858,-5.801700068617858
1000,Y_t3,1.6999916529867694,,1.6999916529867694,1.6999916529867694
1001,Y_t3,0.9738397035320034,,0.9738397035320034,0.9738397035320034
1002,Y_t2,0.048302536647847116,,0.048302536647847116,0.048302536647847116
1002,Y_t3,0.2883918348524959,,0.2883918348524959,0.2883918348524959
1003,Y_t2,5.708691297778067,,5.708691297778067,5.708691297778067
1003,Y_t3,4.205559413498049,,4.205559413498049,4.205559413498049
1005,Y_t3,1.197834083665403,,1.197834083665403,1.197834083665403
1007,Y_t3,0.43263517962767517,,0.43263517962767517,0.43263517962767517
1008,Y_t2,0.543172295295427,,0.543172295295427,0.543172295295427
1008,Y_t3,-0.0844458522506395,,-0.0844458522506395,-0.0844458522506395
1012,Y_t2,0.4556093743205432,,0.4556093743205432,0.4556093743205432
1012,Y_t3,3.14374373684964,,3.14374373684964,3.14374373684964
1014,Y_t3,1.6710398772043396,,1.6710398772043396,1.6710398772043396
1015,Y_t2,-0.9856749037376229,,-0.9856749037376229,-0.9856749037376229
1015,Y_t3,-2.1212967476973477,,-2.1212967476973477,-2.1212967476973477
1018,Y_t3,-1.2829548246516937,,-1.2829548246516937,-1.2829548246516937
1021,Y_t2,-2.5645637665244694,,-2.5645637665244694,-2.5645637665244694
1021,Y_t3,-1.8664867441692563,,-1.8664867441692563,-1.8664867441692563
1022,Y_t2,-6.246822742790011,,-6.246822742790011,-6.246822742790011
1022,Y_t3,-3.017487976836838,,-3.017487976836838,-3.017487976836838
1023,Y_t2,-1.7796742976098117,,-1.7796742976098117,-1.7796742976098117
1023,Y_t3,2.718605722664697,,2.718605722664697,2.718605722664697
1025,Y_t2,3.1295678334008916,,3.1295678334008916,3.1295678334008916
1025,Y_t3,1.6041627272839576,,1.6041627272839576,1.6041627272839576
1026,Y_t2,-1.1632268271988042,,-1.1632268271988042,-1.1632268271988042
1026,Y_t3,6.360213580298143,,6.360213580298143,6.360213580298143
1027,Y_t3,-4.675423283744318,,-4.675423283744318,-4.675423283744318
1028,Y_t3,3.6943452394096985,,3.6943452394096985,3.6943452394096985
1031,Y_t2,4.033663646528656,,4.033663646528656,4.033663646528656
1031,Y_t3,1.329006627368892,,1.329006627368892,1.329006627368892
1032,Y_t3,0.5759706797993889,,0.5759706797993889,0.5759706797993889
1033,Y_t2,-1.1918329503585274,,-1.1918329503585274,-1.1918329503585274
1033,Y_t3,-0.4010539795110829,,-0.4010539795110829,-0.4010539795110829
1034,Y_t3,-2.464064396213931,,-2.464064396213931,-2.464064396213931
1035,Y_t2,-0.9976312506434089,,-0.9976312506434089,-0.9976312506434089
1035,Y_t3,1.6182812438956384,,1.6182812438956384,1.6182812438956384
1036,Y_t2,-0.4419074804779828,,-0.4419074804779828,-0.4419074804779828
1036,Y_t3,0.176051812836731,,0.176051812836731,0.176051812836731
1037,Y_t2,-4.152132075025357,,-4.152132075025357,-4.152132075025357
1037,Y_t3,2.860893388445934,,2.860893388445934,2.860893388445934
1038,Y_t2,3.421705802442074,,3.421705802442074,3.421705802442074
1038,Y_t3,2.379097033171824,,2.379097033171824,2.379097033171824
1039,Y_t2,0.19001325291244475,,0.19001325291244475,0.19001325291244475
1039,Y_t3,-5.079909518202822,,-5.079909518202822,-5.079909518202822
1040,Y_t2,-2.8171843876064386,,-2.8171843876064386,-2.8171843876064386
1040,Y_t3,4.500513095850357,,4.500513095850357,4.500513095850357
1041,Y_t2,1.591727023604624,,1.591727023604624,1.591727023604624
1041,Y_t3,1.0415352365439985,,1.0415352365439985,1.0415352365439985
1043,Y_t2,-6.47640371227206,,-6.47640371227206,-6.47640371227206
1043,Y_t3,1.068864926255781,,1.068864926255781,1.068864926255781
1044,Y_t2,-1.104752502425457,,-1.104752502425457,-1.104752502425457
1044,Y_t3,-1.1392054830796021,,-1.1392054830796021,-1.1392054830796021
1046,Y_t3,3.509609502711248,,3.509609502711248,3.509609502711248
1047,Y_t3,4.5415170634920115,,4.5415170634920115,4.5415170634920115
1048,Y_t3,-1.269398320255401,,-1.269398320255401,-1.269398320255401
1050,Y_t2,-0.8372693849499604,,-0.8372693849499604,-0.8372693849499604
1050,Y_t3,1.5420562613598656,,1.5420562613598656,1.5420562613598656
1051,Y_t3,3.8786257804013498,,3.8786257804013498,3.8786257804013498
1052,Y_t3,0.59929576236244,,0.59929576236244,0.59929576236244
1053,Y_t3,-1.9227710073623474,,-1.9227710073623474,-1.9227710073623474
1054,Y_t2,-2.089119191328569,,-2.089119191328569,-2.089119191328569
1054,Y_t3,-0.010081850356235655,,-0.010081850356235655,-0.010081850356235655
1055,Y_t2,-0.30811959248095044,,-0.30811959248095044,-0.30811959248095044
1055,Y_t3,-3.1968916366515816,,-3.1968916366515816,-3.1968916366515816
1060,Y_t2,-0.7365969687954019,,-0.7365969687954019,-0.7365969687954019
1060,Y_t3,-2.7178968393026546,,-2.7178968393026546,-2.7178968393026546
1061,Y_t3,-0.3037452489142889,,-0.3037452489142889,-0.3037452489142889
1063,Y_t2,-1.9614685691821918,,-1.9614685691821918,-1.9614685691821918
1063,Y_t3,1.8087831276783608,,1.8087831276783608,1.8087831276783608
1067,Y_t2,-5.555609396789606,,-5.555609396789606,-5.555609396789606
1067,Y_t3,-0.8961680607513717,,-0.8961680607513717,-0.8961680607513717
1069,Y_t2,0.21617310703459092,,0.21617310703459092,0.21617310703459092
1069,Y_t3,-3.1505068434418466,,-3.1505068434418466,-3.1505068434418466
1070,Y_t2,1.339124162542597,,1.339124162542597,1.339124162542597
1070,Y_t3,2.393986082907282,,2.393986082907282,2.393986082907282
1071,Y_t2,0.8075304936303249,,0.8075304936303249,0.8075304936303249
1071,Y_t3,-5.230084152340571,,-5.230084152340571,-5.230084152340571
1073,Y_t2,3.7276865316559142,,3.7276865316559142,3.7276865316559142
1073,Y_t3,0.8281637768195961,,0.8281637768195961,0.8281637768195961
1074,Y_t2,2.842973170676185,,2.842973170676185,2.842973170676185
1074,Y_t3,0.18422447430627376,,0.18422447430627376,0.18422447430627376
1077,Y_t3,4.003277868926751,,4.003277868926751,4.003277868926751
1079,Y_t2,0.5028921920082888,,0.5028921920082888,0.5028921920082888
1079,Y_t3,0.8072053623455286,,0.8072053623455286,0.8072053623455286
1080,Y_t2,5.30663270396904,,5.30663270396904,5.30663270396904
1080,Y_t3,0.30248230911428065,,0.30248230911428065,0.30248230911428065
1081,Y_t2,-0.9863268075798937,,-0.9863268075798937,-0.9863268075798937
1081,Y_t3,-0.6192868951173349,,-0.6192868951173349,-0.6192868951173349
1082,Y_t2,2.2153005458571524,,2.2153005458571524,2.2153005458571524
1082,Y_t3,-0.11462559744124157,,-0.11462559744124157,-0.11462559744124157
1083,Y_t2,1.7420477560995438,,1.7420477560995438,1.7420477560995438
1083,Y_t3,4.119739967657374,,4.119739967657374,4.119739967657374
1084,Y_t3,1.6925250908280252,,1.6925250908280252,1.6925250908280252
1087,Y_t2,-0.5306021861427971,,-0.5306021861427971,-0.5306021861427971
1087,Y_t3,0.003846823382432474,,0.003846823382432474,0.003846823382432474
1089,Y_t2,1.6570858506647566,,1.6570858506647566,1.6570858506647566
1089,Y_t3,6.055285822418522,,6.055285822418522,6.055285822418522
1091,Y_t2,5.936714428107189,,5.936714428107189,5.936714428107189
1091,Y_t3,1.8281693476540113,,1.8281693476540113,1.8281693476540113
1092,Y_t2,0.25908870093960634,,0.25908870093960634,0.25908870093960634
1092,Y_t3,8.8218939130035,,8.8218939130035,8.8218939130035
1093,Y_t3,2.8854423420195987,,2.8854423420195987,2.8854423420195987
1097,Y_t3,-0.730564773991611,,-0.730564773991611,-0.730564773991611
1098,Y_t3,3.095431552177392,,3.095431552177392,3.095431552177392
1099,Y_t3,3.519778434278111,,3.519778434278111,3.519778434278111
1100,Y_t2,1.5185662576739092,,1.5185662576739092,1.5185662576739092
1100,Y_t3,0.748841644738794,,0.748841644738794,0.748841644738794
1102,Y_t2,-1.3525842069695315,,-1.3525842069695315,-1.3525842069695315
1102,Y_t3,0.9859193531879822,,0.9859193531879822,0.9859193531879822
1103,Y_t3,-2.8677345945595505,,-2.8677345945595505,-2.8677345945595505
1104,Y_t3,2.193110590623175,,2.193110590623175,2.193110590623175
1105,Y_t3,-3.791814984519903,,-3.791814984519903,-3.791814984519903
1106,Y_t2,4.3454726915044715,,4.3454726915044715,4.3454726915044715
1106,Y_t3,7.6974084385892105,,7.6974084385892105,7.6974084385892105
1107,Y_t2,-2.0958111102647328,,-2.0958111102647328,-2.0958111102647328
1107,Y_t3,1.8103861712920293,,1.8103861712920293,1.8103861712920293
1109,Y_t2,-1.390080358310942,,-1.390080358310942,-1.390080358310942
1109,Y_t3,9.793616453891183,,9.793616453891183,9.793616453891183
1110,Y_t3,-2.1620568923695953,,-2.1620568923695953,-2.1620568923695953
1111,Y_t2,-4.800717741263964,,-4.800717741263964,-4.800717741263964
1111,Y_t3,0.1612749608815302,,0.1612749608815302,0.1612749608815302
1114,Y_t2,-4.841684831182567,,-4.841684831182567,-4.841684831182567
1114,Y_t3,-3.0526381303038517,,-3.0526381303038517,-3.0526381303038517
1115,Y_t2,1.5186723713267956,,1.5186723713267956,1.5186723713267956
1115,Y_t3,-5.346754641999648,,-5.346754641999648,-5.346754641999648
1116,Y_t3,0.8366408862473278,,0.8366408862473278,0.8366408862473278
1118,Y_t2,-5.744944200668069,,-5.744944200668069,-5.744944200668069
1118,Y_t3,-5.863446172229776,,-5.863446172229776,-5.863446172229776
1122,Y_t2,-2.530148479927754,,-2.530148479927754,-2.530148479927754
1122,Y_t3,-1.4168151302779388,,-1.4168151302779388,-1.4168151302779388
1124,Y_t3,-2.6359370755830303,,-2.6359370755830303,-2.6359370755830303
1126,Y_t2,-0.11981962719662065,,-0.11981962719662065,-0.11981962719662065
1126,Y_t3,0.025069514256442438,,0.025069514256442438,0.025069514256442438
1129,Y_t3,2.90862079541246,,2.90862079541246,2.90862079541246
1130,Y_t2,3.321234781062859,,3.321234781062859,3.321234781062859
1130,Y_t3,-1.8361871173129694,,-1.8361871173129694,-1.8361871173129694
1131,Y_t2,5.115057589530431,,5.115057589530431,5.115057589530431
1131,Y_t3,5.771797502109438,,5.771797502109438,5.771797502109438
1133,Y_t2,1.4223145360668217,,1.4223145360668217,1.4223145360668217
1133,Y_t3,-2.5337848166068153,,-2.5337848166068153,-2.5337848166068153
1135,Y_t3,1.181832499424171,,1.181832499424171,1.181832499424171
1136,Y_t2,-1.568965198410175,,-1.568965198410175,-1.568965198410175
1136,Y_t3,-0.1337650099871584,,-0.1337650099871584,-0.1337650099871584
1138,Y_t2,-1.7341399096447012,,-1.7341399096447012,-1.7341399096447012
1138,Y_t3,-1.3641298949352265,,-1.3641298949352265,-1.3641298949352265
1140,Y_t3,-0.6216021486959544,,-0.6216021486959544,-0.6216021486959544
1141,Y_t3,1.6414401201325743,,1.6414401201325743,1.6414401201325743
1142,Y_t2,-3.9194304449138464,,-3.9194304449138464,-3.9194304449138464
1142,Y_t3,1.7551765918033626,,1.7551765918033626,1.7551765918033626
1144,Y_t2,5.424946332224711,,5.424946332224711,5.424946332224711
1144,Y_t3,-0.8118311013609949,,-0.8118311013609949,-0.8118311013609949
1145,Y_t2,2.3877633918725323,,2.3877633918725323,2.3877633918725323
1145,Y_t3,2.3128866026376094,,2.3128866026376094,2.3128866026376094
1146,Y_t3,0.45174672982210945,,0.45174672982210945,0.45174672982210945
1147,Y_t2,-6.466699971177901,,-6.466699971177901,-6.466699971177901
1147,Y_t3,3.197110356152275,,3.197110356152275,3.197110356152275
1148,Y_t2,1.7764539839047941,,1.7764539839047941,1.7764539839047941
1148,Y_t3,-2.138865430923339,,-2.138865430923339,-2.138865430923339
1149,Y_t2,-3.8068326174871068,,-3.8068326174871068,-3.8068326174871068
1149,Y_t3,-2.6154861154494027,,-2.6154861154494027,-2.6154861154494027
1152,Y_t3,2.2827054295739173,,2.2827054295739173,2.2827054295739173
1154,Y_t2,-0.48753623496703047,,-0.48753623496703047,-0.48753623496703047
1154,Y_t3,0.08261452775934391,,0.08261452775934391,0.08261452775934391
1155,Y_t2,-0.8038461316057384,,-0.8038461316057384,-0.8038461316057384
1155,Y_t3,4.176791595958158,,4.176791595958158,4.176791595958158
1157,Y_t3,-1.0306496143461414,,-1.0306496143461414,-1.0306496143461414
1158,Y_t2,-3.279851148849046,,-3.279851148849046,-3.279851148849046
1158,Y_t3,3.1252462148052347,,3.1252462148052347,3.1252462148052347
1159,Y_t2,-1.275004983212518,,-1.275004983212518,-1.275004983212518
1159,Y_t3,0.1889448071507316,,0.1889448071507316,0.1889448071507316
1160,Y_t2,-1.7378240247948769,,-1.7378240247948769,-1.7378240247948769
1160,Y_t3,3.8662055383355303,,3.8662055383355303,3.8662055383355303
1161,Y_t2,-1.9968198030123125,,-1.9968198030123125,-1.9968198030123125
1161,Y_t3,2.400123853359063,,2.400123853359063,2.400123853359063
1162,Y_t2,-0.5087989261730499,,-0.5087989261730499,-0.5087989261730499
1162,Y_t3,-2.9172527655400424,,-2.9172527655400424,-2.9172527655400424
1165,Y_t3,2.2314960765819065,,2.2314960765819065,2.2314960765819065
1166,Y_t2,-2.7755064447688973,,-2.7755064447688973,-2.7755064447688973
1166,Y_t3,-6.73695215441376,,-6.73695215441376,-6.73695215441376
1167,Y_t2,1.377219619455439,,1.377219619455439,1.377219619455439
1167,Y_t3,-1.0737034679191217,,-1.0737034679191217,-1.0737034679191217
1168,Y_t2,-6.2270564430467505,,-6.2270564430467505,-6.2270564430467505
1168,Y_t3,-0.5410590768599408,,-0.5410590768599408,-0.5410590768599408
1170,Y_t2,7.557529431610177,,7.557529431610177,7.557529431610177
1170,Y_t3,1.6145005604085987,,1.6145005604085987,1.6145005604085987
1171,Y_t2,-6.50138018228299,,-6.50138018228299,-6.50138018228299
1171,Y_t3,-3.705020769089578,,-3.705020769089578,-3.705020769089578
1172,Y_t2,2.8271534459669763,,2.8271534459669763,2.8271534459669763
1172,Y_t3,0.37134366941576025,,0.37134366941576025,0.37134366941576025
1174,Y_t2,-2.5522916851492115,,-2.5522916851492115,-2.5522916851492115
1174,Y_t3,0.4642428134280374,,0.4642428134280374,0.4642428134280374
1176,Y_t3,-1.7887511065888688,,-1.7887511065888688,-1.7887511065888688
1177,Y_t3,4.055172929938184,,4.055172929938184,4.055172929938184
1178,Y_t3,-2.0326119837909156,,-2.0326119837909156,-2.0326119837909156
1179,Y_t2,-1.5919233325753341,,-1.5919233325753341,-1.5919233325753341
1179,Y_t3,-1.3994963141071273,,-1.3994963141071273,-1.3994963141071273
1180,Y_t2,-1.798325289727969,,-1.798325289727969,-1.798325289727969
1180,Y_t3,-0.6025672325777137,,-0.6025672325777137,-0.6025672325777137
1181,Y_t2,-2.141947185374571,,-2.141947185374571,-2.141947185374571
1181,Y_t3,2.6277835026852623,,2.6277835026852623,2.6277835026852623
1183,Y_t2,-4.179032347713604,,-4.179032347713604,-4.179032347713604
1183,Y_t3,-3.4410659147193536,,-3.4410659147193536,-3.4410659147193536
1185,Y_t3,-3.5494038004785597,,-3.5494038004785597,-3.5494038004785597
1186,Y_t3,-1.5186181323229573,,-1.5186181323229573,-1.5186181323229573
1187,Y_t3,-6.091329240919831,,-6.091329240919831,-6.091329240919831
1188,Y_t2,4.727887644313634,,4.727887644313634,4.727887644313634
1188,Y_t3,2.5264277371778343,,2.5264277371778343,2.5264277371778343
1191,Y_t3,-2.717246985816954,,-2.717246985816954,-2.717246985816954
1193,Y_t3,-0.9587787026613512,,-0.9587787026613512,-0.9587787026613512
1196,Y_t2,-3.048068491767396,,-3.048068491767396,-3.048068491767396
1196,Y_t3,4.278375388317082,,4.278375388317082,4.278375388317082
1198,Y_t3,-0.7195928705741439,,-0.7195928705741439,-0.7195928705741439
